Nombre,Direccion,Longitud,Latitud
"""CARS"" Servicio y Refacciones Automotriz Campos","Sta. Rosa entre enredadera y pozo, Sascalum, 24095 San Francisco de Campeche, Camp.",-90.532501,19.8185
"""MISTER PERRO"" CONSULTORIO MEDICO VETERINARIO","Calle 16 264, entre 49 y 49-C, Barrio de Guadalupe, 24010 San Francisco de Campeche, Camp.",-90.531135,19.844569
"""VADENTAL""CONSULTORIO DENTAL. CLINICA INTEGRAL Y ESPECIALIZADA","Av López Portillo 3, Villa Laureles II, 24094 San Francisco de Campeche, Camp.",-90.536907,19.81596
*La Ermita*,"Calle 10 & Av. Alvaro Obregon, Pablo García, 24020 San Francisco de Campeche, Camp.",-90.520229,19.851397
24K Barber Studio & Perfumery,"Calle Ah Kim Pech Entre calle 2 y 3 Fraccionamiento Tula, Vivah, 24088 San Francisco de Campeche, Camp.",-90.481234,19.853051
2sis Servicios Informáticos,"C. Justo Sierra 22, entre Calle 16 y Pablo García, Barrio de San Román, 24040 San Francisco de Campeche, Camp.",-90.548372,19.834135
3CR Corporativo de Servicios Integrales del Sur,"Chablé 9B, San Antonio, 24099 San Francisco de Campeche, Camp.",-90.540458,19.823238
3N Farmacias Tercer Nivel Especialidades Médicas.,"Av Luis Donaldo Colosio Murrieta 70, entre Calle Jalisco y Calle Ecuador, Barrio de Sta Ana, 24050 San Francisco de Campeche, Camp.",-90.522575,19.83589
5 Reyes,"C. Paraguay Manzana 3 Lote 1, Parque Residencial la Noria, Barrio de Sta Ana, 24050 San Francisco de Campeche, Camp.",-90.52674,19.835157
52 Navajas Studio,"C. 14, Montecristo, 24030 San Francisco de Campeche, Camp.",-90.550773,19.834989
"Abarrotes ""bodoques""","9, 24520 Chiná, Camp.",-90.495471,19.771911
"Abarrotes ""Carmita""","Prado, 24035 San Francisco de Campeche, Camp.",-90.548656,19.831953
"Abarrotes ""Divino Niño Jesus Y San Matrin De Porres""","Lázaro Cárdenas, 24095 San Francisco de Campeche, Camp.",-90.534784,19.807484
"Abarrotes ""El Bosque""","Calle 16 39, Barrio de Sta Lucía, 24020 San Francisco de Campeche, Camp.",-90.512413,19.846376
"Abarrotes ""El Divino Nino""","C. Querétaro, Barrio de Sta Ana, 24050 San Francisco de Campeche, Camp.",-90.524426,19.835237
"Abarrotes ""El Lobo""","Quinta Belem I y II, 24050 San Francisco de Campeche, Camp.",-90.530024,19.830849
"Abarrotes ""El manantial""","San Rafael calle 2, C. Rosa Maria Martinez Denegri de, entre mora y Rosamaria, 24090 San Francisco de Campeche, Camp.",-90.540808,19.826709
"Abarrotes ""La Bendicion De Dios""","Orquídeas 55, Jardines, 24060 San Francisco de Campeche, Camp.",-90.516759,19.832674
"Abarrotes ""La Cruz""","Barrio de Sta Ana, 24050 San Francisco de Campeche, Camp.",-90.525382,19.833955
"Abarrotes ""La Lupita""","24020, Bellavista, 24020 Mexico, Camp.",-90.511526,19.85476
"Abarrotes ""Mary""","Av Luis Donaldo Colosio Murrieta, San Rafael, 24090 San Francisco de Campeche, Camp.",-90.535056,19.829977
"Abarrotes ""Ordoñez""","Primer Rtno. Mza 25-1, Mártires de Río Blanco, 24024 San Francisco de Campeche, Camp.",-90.513162,19.850339
"Abarrotes ""ROSAURA""","C. 8 63, Pablo García, 24080 San Francisco de Campeche, Camp.",-90.50613,19.847012
Abarrotes 2 HERMANAS,"C. 39 24, Barrio de San Francisco, 24010 San Francisco de Campeche, Camp.",-90.52169,19.8471
Abarrotes 3 Hermanos,"24095, Flamboyanes 3, Sascalum, San Francisco de Campeche, Camp.",-90.536025,19.817894
ABARROTES 5 DE MAYO,"Barrio de San José, 24040 San Francisco de Campeche, Camp.",-90.537127,19.833804
Abarrotes Aaron,"C. 10-B 4, San José el Alto, 24026 San Francisco de Campeche, Camp.",-90.51161,19.858223
ABARROTES AJOLOTE,"C. Trigésima Tercera 163, Siglo XXI, 24073 San Francisco de Campeche, Camp.",-90.487538,19.802305
Abarrotes ALEX,"C. 10, Samulá, 24090 San Francisco de Campeche, Camp.",-90.546934,19.823507
ABARROTES ANGEL,"C. 14 entre 25 y 27, Samulá, 24090 San Francisco de Campeche, Camp.",-90.552138,19.814052
ABARROTES AXEL,"Décima Octava 26, Vivah 2 Etapa, Siglo XXI, 24073 San Francisco de Campeche, Camp.",-90.493054,19.804083
ABARROTES CAHUICH,"C. 33, Bellavista, 24020 San Francisco de Campeche, Camp.",-90.517287,19.850019
Abarrotes Camila,"C. Cerro de. Tepeyac 215, Tepeyac, 24090 San Francisco de Campeche, Camp.",-90.534183,19.818764
ABARROTES CANDY SANTA ANA,"C. Querétaro 1, Barrio de Sta Ana, 24050 San Francisco de Campeche, Camp.",-90.531901,19.836331
ABARROTES CHANITA,"24020, 10 de Mayo 28, San Joaquín, San Francisco de Campeche, Camp.",-90.509286,19.849388
Abarrotes Chiripa,"Guerrero 102, Tomás Aznar, 24060 San Francisco de Campeche, Camp.",-90.519904,19.836393
Abarrotes Cristian,"Limonar 99, Tomás Aznar, 24060 San Francisco de Campeche, Camp.",-90.5203,19.836077
ABARROTES DAYAN,"San Ramón 7, Cuatro Caminos (Ampliación), Amp Cuatro Caminos, 24067 San Francisco de Campeche, Camp.",-90.51505,19.833502
Abarrotes De La 45,"C. 45 #103B, Barrio de Sta Ana, 24010 San Francisco de Campeche, Camp.",-90.527031,19.84507
ABARROTES DEL PILAR,"C. 14 178, Zona Centro, 24000 San Francisco de Campeche, Camp.",-90.539722,19.841693
Abarrotes Dios Con Nosotros,"Vigésima Cuarta 8, Siglo XXI, 24073 San Francisco de Campeche, Camp.",-90.487682,19.802381
Abarrotes Disney,"Barrio de Guadalupe, 24010 San Francisco de Campeche, Camp.",-90.529614,19.84649
ABARROTES DON MILO,"C. 112 48, Barrio de Sta Lucía, 24020 San Francisco de Campeche, Camp.",-90.511042,19.847162
Abarrotes Doña Candita,"C. 14 277-C, Barrio de San Román, 24040 San Francisco de Campeche, Camp.",-90.545564,19.83781
Abarrotes doña María,"Cuatro Caminos (Ampliación), Amp Cuatro Caminos, 24070 San Francisco de Campeche, Camp.",-90.51367,19.832826
ABARROTES DULCE,"C. 10 70, Barrio de San Francisco, 24010 San Francisco de Campeche, Camp.",-90.522239,19.850591
Abarrotes Dunosusa,"Mirador, 24026 San Francisco de Campeche, Camp.",-90.501568,19.863393
Abarrotes Dunosusa Bellavista,"C. 16 de Septiembre 25, Bellavista (Ampliación), Amp Bellavista, 24020 San Francisco de Campeche, Camp.",-90.506272,19.856421
Abarrotes Dunosusa Campeche 16,"Calle 16 119, Barrio de San Francisco, 24010 San Francisco de Campeche, Camp.",-90.523426,19.845913
Abarrotes Dunosusa Campeche Mercado,"Tamaulipas 8, Barrio de Sta Ana, 24050 San Francisco de Campeche, Camp.",-90.532038,19.841266
Abarrotes Dunosusa Centro,"C. 16 294, Zona Centro, 24000 San Francisco de Campeche, Camp.",-90.533565,19.843591
Abarrotes Dunosusa Edzna,"Guadalupe Victoria 156, Guadalupe Victoria, 24088 San Francisco de Campeche, Camp.",-90.488962,19.857711
Abarrotes Dunosusa El Polvorín,"C. Ecuador 179, Polvorín, 24060 San Francisco de Campeche, Camp.",-90.522933,19.829077
Abarrotes Dunosusa Granjas,"C. 12 246, Bellavista (Ampliación), Amp Bellavista, 24020 San Francisco de Campeche, Camp.",-90.507092,19.853694
Abarrotes Dunosusa Kalá,"Ramón Espínola Blanco I, II y III, 24085 San Francisco de Campeche, Camp.",-90.485088,19.844309
Abarrotes Dunosusa Kanisté,"C. 20, Kanisté, 24038 San Francisco de Campeche, Camp.",-90.554645,19.817621
Abarrotes Dunosusa Minas,"C. Plata 1472, Minas, 24026 San Francisco de Campeche, Camp.",-90.498404,19.861838
Abarrotes Dunosusa Montecristo,"Av Luis Donaldo Colosio Murrieta 447-475, Barrio de San José, 24035 San Francisco de Campeche, Camp.",-90.548306,19.832737
Abarrotes Dunosusa Morelos,"C. Participación Ciudadana 22, Morelos, 24026 San Francisco de Campeche, Camp.",-90.504297,19.85777
Abarrotes Dunosusa Palma Real,"Viveros 8-Loc 1, Unidad y Trabajo, 24020 San Francisco de Campeche, Camp.",-90.496257,19.850443
Abarrotes Dunosusa Plan Chac,"Av. Jaina 11, Unidad y Trabajo, 24088 San Francisco de Campeche, Camp.",-90.49335,19.853807
Abarrotes Dunosusa Presidentes,"Don Francisco I. Madero 53, Presidentes de México, 24088 San Francisco de Campeche, Camp.",-90.484236,19.862124
Abarrotes Dunosusa Samulá,"C. 19 20, Samulá, 24090 San Francisco de Campeche, Camp.",-90.549648,19.817146
Abarrotes Dunosusa San Antonio,"Av. Hacienda San Antonio 4, Hacienda San Antonio, 24087 San Francisco de Campeche, Camp.",-90.48565,19.853373
Abarrotes Dunosusa Santa Ana,"Argentina Antes 43 131-C, Barrio de Sta Ana, 24050 San Francisco de Campeche, Camp.",-90.525985,19.83949
Abarrotes Dunosusa Santa Lucía,"Av Gobernadores 36, Barrio de Sta Lucía, 24020 San Francisco de Campeche, Camp.",-90.504405,19.84288
Abarrotes Dunosusa Santa Lucía 2,"C. 14 15, Barrio de Sta Lucía, 24020 San Francisco de Campeche, Camp.",-90.515035,19.847547
Abarrotes Dunosusa Siglo XXI,"Novena, Vivah 2 Etapa, Siglo XXI, 24085 San Francisco de Campeche, Camp.",-90.492051,19.805758
Abarrotes Dunosusa Suc. Av. López Mateos,"Av López Mateos 149-155-A, Barrio de San José, 24040 San Francisco de Campeche, Camp.",-90.543356,19.835361
Abarrotes Dunosusa Sucursal Av. Central,"Av Patricio Trueba de Regil 316, Tepeyac, 24096 San Francisco de Campeche, Camp.",-90.531553,19.821295
Abarrotes Dunosusa Tomás Aznar,"C. Jalisco 5, Tomás Aznar, 24050 San Francisco de Campeche, Camp.",-90.520609,19.834845
ABARROTES EL AMIGO,"Tamaulipas 36, Barrio de Sta Ana, 24050 San Francisco de Campeche, Camp.",-90.530835,19.841713
ABARROTES el ARBOLITO,"C. Montecristo 24, Prado, 24030 San Francisco de Campeche, Camp.",-90.549443,19.833588
Abarrotes El Chato,"C. Riva Palacios 16A, entre 12 y 14, Barrio de San Francisco, 24010 San Francisco de Campeche, Camp.",-90.526393,19.849154
Abarrotes el gran poder,"C. Veracruz 16A, Barrio de Sta Ana, 24050 San Francisco de Campeche, Camp.",-90.522172,19.83989
Abarrotes el GUAPOTE,"C. 5 90, Bellavista, 24020 San Francisco de Campeche, Camp.",-90.515001,19.854458
Abarrotes El Localcito de Nichi,"C. 11 entre 22 y 24, Centro, 24520 Chiná, Camp.",-90.496056,19.770261
Abarrotes el Milagro,"C. Nicaragua 3B, Barrio de Sta Ana, 24050 San Francisco de Campeche, Camp.",-90.532198,19.842153
ABARROTES EL MILAGRO,"Leandro Domínguez Manzana S 22A, Sta Bárbara I y II, 24070 San Francisco de Campeche, Camp.",-90.503604,19.841303
ABARROTES EL PARADERO,"Palma Sola, 24520 Chiná, Camp.",-90.498237,19.779132
ABARROTES EL PORVENIR,"Tixmucuy, Solidaridad Urbana, 24060 San Francisco de Campeche, Camp.",-90.521086,19.818118
ABARROTES EL REGALO DE DIOS,"C. Cuba 90, Barrio de Sta Ana, 24010 San Francisco de Campeche, Camp.",-90.521003,19.846144
ABARROTES EL ZAPOTE SANTA ANA,"Tamaulipas 82, Barrio de Sta Ana, 24050 San Francisco de Campeche, Camp.",-90.529182,19.841914
Abarrotes Eredis,"C. Jalisco, Barrio de Sta Ana, 24050 San Francisco de Campeche, Camp.",-90.523856,19.836817
Abarrotes Erick,"Sascabera 32, Polvorín (Ampliación), Amp Polvorín, 24060 San Francisco de Campeche, Camp.",-90.521374,19.825579
ABARROTES ERICK SIGLO XXI,"Cuarta 62, Siglo XXI, 24085 San Francisco de Campeche, Camp.",-90.491962,19.813708
ABARROTES ERICK SUC. LEOVIGILDO,"C. Babilonia, Leovigildo Gómez, 24060 San Francisco de Campeche, Camp.",-90.513516,19.822389
ABARROTES GENA,"Av Luis Donaldo Colosio Murrieta 7, Barrio de San José, 24040 San Francisco de Campeche, Camp.",-90.545302,19.83305
Abarrotes Genesis,"C. 112 6A, Barrio de Sta Lucía, 24020 San Francisco de Campeche, Camp.",-90.511342,19.846166
ABARROTES GETSEMANY,"C. Monte de los Olivos 14, Leovigildo Gómez, 24060 San Francisco de Campeche, Camp.",-90.515946,19.822794
Abarrotes Gladys,"Lomas, 24070 San Francisco de Campeche, Camp.",-90.513264,19.833581
Abarrotes Gonzalez,"C. 51 25, Zona Centro, 24000 San Francisco de Campeche, Camp.",-90.534177,19.845971
Abarrotes Hernandez,"Calle Vicente Guerrero 38, Miguel Hidalgo (Ampliación), Amp Miguel Hidalgo, 24094 San Francisco de Campeche, Camp.",-90.533024,19.81096
Abarrotes Hernandez,"C. Argentina 16, Barrio de San Francisco, 24010 San Francisco de Campeche, Camp.",-90.525546,19.845944
Abarrotes Irene.,"C. 12-A entre 9 y 7, Samulá, 24090 San Francisco de Campeche, Camp.",-90.548527,19.822136
ABARROTES JAFETH,"C. Octava 49, Siglo XXI, 24073 San Francisco de Campeche, Camp.",-90.492296,19.811327
ABARROTES JOHMAT,"C. 2, Samulá, 24090 San Francisco de Campeche, Camp.",-90.543367,19.818582
Abarrotes Josefina,"C. Galeana 69, San Rafael, 24090 San Francisco de Campeche, Camp.",-90.53566,19.82435
Abarrotes KArla KArina,"C. 37 54-48, Barrio de San Francisco, 24010 San Francisco de Campeche, Camp.",-90.520952,19.8478
Abarrotes Keyla,"Sta. María 9, Cuatro Caminos (Ampliación), Lomas, 24070 San Francisco de Campeche, Camp.",-90.514871,19.834434
Abarrotes Kokoyambo,"Ostional 2, Barrio de la Ermita, 24020 San Francisco de Campeche, Camp.",-90.516334,19.859052
"Abarrotes la ""Almendra""","C. 49 33, Barrio de Guadalupe, 24010 San Francisco de Campeche, Camp.",-90.531004,19.845556
ABARROTES LA BENDICION DEL DIVINO NIÑO,"C. 5 29, Bellavista, 24020 San Francisco de Campeche, Camp.",-90.516203,19.851382
Abarrotes la bendición de Dios,"C. Jalisco 15A, Barrio de Sta Ana, 24050 San Francisco de Campeche, Camp.",-90.526436,19.837172
ABARROTES LA CONCHITA,"C. 14 71, Guadalupe, Barrio de Guadalupe, 24010 San Francisco de Campeche, Camp.",-90.528239,19.847044
ABARROTES LA ESQUINA,"C. Benito Juárez, Bellavista, 24020 San Francisco de Campeche, Camp.",-90.511656,19.85566
Abarrotes La Gracia,"5 de Mayo, San Caralampio, 24020 San Francisco de Campeche, Camp.",-90.510997,19.853223
Abarrotes La Guadalupana,"Segunda privada de la Pedro moreno, entre narciso Mendoza y altillo, Barrio de San José, 24040 San Francisco de Campeche, Camp.",-90.536589,19.833141
ABARROTES LA GUADALUPANA,"Colonias o C 12, San Joaquín, 24020 San Francisco de Campeche, Camp.",-90.505996,19.852558
Abarrotes La Jaulita De Oro,"Aralia, Jardines, 24060 San Francisco de Campeche, Camp.",-90.516369,19.831834
ABARROTES LA LUPITA,"C. 18 17, Lázaro Cárdenas, 24095 San Francisco de Campeche, Camp.",-90.537834,19.810101
ABARROTES LA NUEVA ESPERANZA,"Vicente Guerrero, San Rafael, 24090 San Francisco de Campeche, Camp.",-90.537353,19.827216
ABARROTES LAS QUINCE LETRAS,"Tamaulipas 61, Barrio de Sta Ana, 24050 San Francisco de Campeche, Camp.",-90.523592,19.842496
Abarrotes los Angeles,"24060, Pocyaxun 22, Solidaridad Urbana, San Francisco de Campeche, Camp.",-90.521135,19.819984
Abarrotes Lucky,"C. 4 Caminos 59, Cuatro Caminos, 24070 San Francisco de Campeche, Camp.",-90.512409,19.83726
Abarrotes Lumar,"Av Gobernadores 263, Dzarbay, 24020 San Francisco de Campeche, Camp.",-90.515471,19.842659
Abarrotes Manolos,"C. And. Los Aguacates 5, Quinta Belem I y II, 24050 San Francisco de Campeche, Camp.",-90.532182,19.831716
Abarrotes Maria Angelica,"C. 9 119A, Kanisté, 24038 San Francisco de Campeche, Camp.",-90.551055,19.822632
ABARROTES MARTHA ELENA,"Guadalupe Victoria 48, Miguel Hidalgo (Ampliación), Miguel Hidalgo, 24094 San Francisco de Campeche, Camp.",-90.534573,19.814156
Abarrotes Mary,"C. Vigésima Segunda 7, Vivah 1 Etapa, Siglo XXI, 24073 San Francisco de Campeche, Camp.",-90.49185,19.802586
ABARROTES Mary,"Francisco Márquez 410, Miguel Hidalgo (Ampliación), Amp Miguel Hidalgo, 24094 San Francisco de Campeche, Camp.",-90.539577,19.812066
Abarrotes Mary,"Av Gobernadores 214, Dzarbay, 24020 San Francisco de Campeche, Camp.",-90.513436,19.8428
ABARROTES MAXI DESPENSA Y AGUA ZERO,"Calle del olvido entre limonar, Pedrera y, 24060 San Francisco de Campeche, Camp.",-90.521793,19.831785
Abarrotes Michell,"El Tinto, Tinto, 24520 Chiná, Camp.",-90.498707,19.780988
Abarrotes MONTEVERDE,"C. 27 4, Kanisté, 24038 San Francisco de Campeche, Camp.",-90.555458,19.81444
Abarrotes Mr. Paco,"Brasil 97, Barrio de Sta Ana, 24050 San Francisco de Campeche, Camp.",-90.527639,19.841299
ABARROTES NORKA,"24098, Ignacio Zaragoza, 24098 San Francisco de Campeche, Camp.",-90.541573,19.815301
ABARROTES PASADITA,"C. 4, Samulá, 24090 San Francisco de Campeche, Camp.",-90.543789,19.821379
Abarrotes paula,"Saramuyo 11, Flor de Limón, 24069 San Francisco de Campeche, Camp.",-90.525149,19.831107
ABARROTES PROGRESO,"24095, C. 20 3435, Zona Sin Asignación de Nombre, San Francisco de Campeche, Camp.",-90.538153,19.81059
ABARROTES REVOLUCION,"Revolución 317, De, Barrio de Sta Ana, 24050 San Francisco de Campeche, Camp.",-90.518679,19.841607
Abarrotes RITA,"C. 10 43, Samulá, 24090 San Francisco de Campeche, Camp.",-90.550066,19.812917
Abarrotes Rosmary,"C. Argentina 66C, Barrio de San Francisco, 24010 San Francisco de Campeche, Camp.",-90.525559,19.847178
Abarrotes Ruby,"Tercera 49, Siglo XXI, 24085 San Francisco de Campeche, Camp.",-90.494997,19.811247
Abarrotes San Fernando,"Esperanza, San Rafael, 24090 San Francisco de Campeche, Camp.",-90.538122,19.829433
Abarrotes San Francisco,"24020, Miguel Hidalgo 31, Amp Bellavista, San Francisco de Campeche, Camp.",-90.511672,19.854941
Abarrotes San Judas,"Barrio de Sta Ana, 24050 San Francisco de Campeche, Camp.",-90.534115,19.833702
ABARROTES SAN RAFAEL,"C. 6, Amp San Rafael, 24090 San Francisco de Campeche, Camp.",-90.534812,19.823222
ABARROTES SARITA,"Centro, 24520 Chiná, Camp.",-90.496618,19.774879
ABARROTES SHADDAI,"Vigésima Cuarta, Siglo XXI, 24073 San Francisco de Campeche, Camp.",-90.486914,19.802437
ABARROTES THE FRIEND,"Tamaulipas 36, Barrio de Sta Ana, 24050 San Francisco de Campeche, Camp.",-90.530832,19.841724
ABARROTES VIKY,"De la 20, Conhuas, Chonhuás, 24520 Chiná, Camp.",-90.493078,19.771148
Abarrotes Villa Luisa,"San Luis, Esperanza, 24080 San Francisco de Campeche, Camp.",-90.498539,19.845465
Abarrotes Willys Bellavista 1,"C. 15 15 o, Bellavista (Ampliación), Amp Bellavista, 24020 San Francisco de Campeche, Camp.",-90.504982,19.855181
"Abarrotes Willys, Plan Chac","Av. Jaina Mza 4 Lte 1, Unidad y Trabajo, 24088 San Francisco de Campeche, Camp.",-90.493739,19.852567
ABARROTES Y CARNES FRÍAS BRAULIO,"Mercado Pedro Z, C. Costa Rica Loc 68-70, Barrio de Sta Ana, 24050 San Francisco de Campeche, Camp.",-90.532405,19.842171
ABARROTES Y CARNES FRÍAS SANTA LUCÍA,"1er. Rtno. de La C. 108 80 A, Mártires de Río Blanco, 24024 San Francisco de Campeche, Camp.",-90.512811,19.848256
Abarrotes y Carnicería Mary,"C. Tulipán LB, Polvorín (Ampliación), Amp Polvorín, 24060 San Francisco de Campeche, Camp.",-90.515129,19.824526
Abarrotes y carnicerías vazquez,"16 de Julio 573, 24094 San Francisco de Campeche, Camp.",-90.553372,19.810544
Abarrotes y novedades lety,"Quinta Manzana 40 Lote 71, Siglo XXI, 24073 San Francisco de Campeche, Camp.",-90.494239,19.810066
Abarrotes y papelería El Eden,"Vigésima Cuarta 63, Vivah 1 Etapa, Siglo XXI, 24073 San Francisco de Campeche, Camp.",-90.490923,19.801603
Abarrotes y Salchichonería,"Av Cto Baluartes, Barrio de Sta Ana, 24050 San Francisco de Campeche, Camp.",-90.533112,19.841511
Abarrotes Y Tortillería Michoacán,"Belén Oeste 6, Lotificación Villa Tulipanes, 24050 San Francisco de Campeche, Camp.",-90.533505,19.833584
Abarrotes yemaya,"C. 110 12, Barrio de Sta Lucía, 24020 San Francisco de Campeche, Camp.",-90.512711,19.845009
ABARROTES YIREH,"ANDADOR 2 NO.9, Ignacio Zaragoza (Ampliación), Ignacio Zaragoza, 24098 San Francisco de Campeche, Camp.",-90.5412,19.815019
Abarrotes Yisell,"C. Noche Buena, Amp Jardines, 24060 San Francisco de Campeche, Camp.",-90.51712,19.828205
ABARROTES “ LA VECINA”,"24060, Solidaridad Urbana, 24060 San Francisco de Campeche, Camp.",-90.5211,19.81801
Abastecedora Herrera Brito,"Av. Edzna, Unidad y Trabajo, 24088 San Francisco de Campeche, Camp.",-90.491531,19.853965
ABOGADOS Y NOTARIOS PÚBLICOS Lic. Jorge Luis Pérez Camara,"C. 61 13, Zona Centro, 24000 San Francisco de Campeche, Camp.",-90.538578,19.844425
Abril Casa Boutique,"C. Coahuila #145, entre Ecuador y Perú, Barrio de Sta Ana, 24050 San Francisco de Campeche, Camp.",-90.523444,19.838521
Academia de Natación Reveles Campeche,"Nevada 34, entre chubasco y Av tormenta, Fracciorama 2000, 24090 San Francisco de Campeche, Camp.",-90.532401,19.829505
Accesorios Alejandro Herdz,"Los Mangos 27, Fovissste Belén, 24050 San Francisco de Campeche, Camp.",-90.531783,19.832932
ACCESORIOS EL BORREGO,"Av Aviación 198, Cuatro Caminos, 24070 San Francisco de Campeche, Camp.",-90.511636,19.834156
ACI Consultores,"Privada de Coahuila 11, Barrio de Sta Ana, 24060 San Francisco de Campeche, Camp.",-90.521792,19.837154
Acosta Gordillo Construcciones y Tecnología S.A de C.V.,"C. Jalisco 166, Tomás Aznar, 24060 San Francisco de Campeche, Camp.",-90.520033,19.834809
ACTIVAMED Centro de Medicina Deportiva y Rehabilitación,"Av Adolfo Ruiz Cortinez 18-A, Área Ah, 24000 San Francisco de Campeche, Camp.",-90.535794,19.849202
Administracion local de Auditoria Fiscal de Campeche,"Av. María Lavalle Urbina 3, Área Ah, 24014 San Francisco de Campeche, Camp.",-90.526511,19.853877
ADMINISTRACIÓN DE LA BENEFICENCIA PÚBLICA DEL ESTADO DE CAMPECHE,"Av. Circuito Baluartes con Av. Central Centro, 24000 San Francisco de Campeche, Camp.",-90.536129,19.84014
ADO,"Av Patricio Trueba de Regil 237, Zona Sin Asignación de Nombre, 24097 San Francisco de Campeche, Camp.",-90.532193,19.823358
Ado,"Av Gobernadores 463, Barrio de Sta Ana, 24050 San Francisco de Campeche, Camp.",-90.526383,19.843109
ADO bus station,"237, Zona Sin Asignación de Nombre, 24097 San Francisco de Campeche, Camp.",-90.531543,19.823679
ADO Campeche,"24097 San Francisco de Campeche, Camp.",-90.532465,19.823279
ADO Plaza Galerías Campeche,"Carretera Costera del Golfo S/N Plaza Galerías Campeche, Primer Piso, Zona de Islas Área, Área Ah, 24014 San Francisco de Campeche",-90.523421,19.856519
Aduana 59,"C. 59 1, Zona Centro, 24000 San Francisco de Campeche, Camp.",-90.53826,19.845678
Afore Azteca Suc. Alameda,"Av República 175 Col, Barrio de Sta Ana, 24050 San Francisco de Campeche, Camp.",-90.535295,19.840918
Afore XXI Banorte,"Av López Mateos s/n, Zona Centro, 24000 San Francisco de Campeche, Camp.",-90.537648,19.839269
Afrodita Clothes,"C. 17, Pablo García, 24080 San Francisco de Campeche, Camp.",-90.504379,19.8509
Agencia del Ministerio Publico Militar,"Av Juan de la Barrera S/N, Buenavista, 24037 San Francisco de Campeche, Camp.",-90.558615,19.828022
Agencia Reguladora del Transporte del Estado de Campeche,"Av Tormenta 11, Zona Sin Asignación de Nombre, 24097 San Francisco de Campeche, Camp.",-90.530572,19.823293
AGREGADOS BLANCAS,"Cam. Campeche-Chulbac, 24094 San Francisco de Campeche, Camp.",-90.544571,19.801109
Agroinsumos del Sureste,"Av. Heroe de Nacozari, Héroe de Nacozari, 24070 San Francisco de Campeche, Camp.",-90.511513,19.830971
Agropecuaria del Sureste,"Av Gobernadores 463, Barrio de Sta Ana, 24050 San Francisco de Campeche, Camp.",-90.52634,19.84308
Agropecuaria Santa Genoveva S.A.P.I.,"24090, C. Niebla 16, Fracciorama 2000, 24090 San Francisco de Campeche, Camp.",-90.531106,19.828067
Agrosoluciones del Sur,"Av. Heroe de Nacozari 260, 24060 San Francisco de Campeche, Camp.",-90.510187,19.826015
AgroVet Faisal,"Enmedio del último andador del mercado principal Enmedio de las otras dos veterinarias, frente a dónde venden flores, Chihuahua 16, Barrio de Sta Ana, 24050 San Francisco de Campeche, Camp.",-90.532828,19.841453
Aguilar Refacciones Campeche,"Av Gobernadores 112-x 43 y 45, Santa Ana, Barrio de Sta Ana, 24050 San Francisco de Campeche, Camp.",-90.525661,19.843305
AH Campeche,"Av. Concordia, Cd Concordia, 24085 San Francisco de Campeche, Camp.",-90.488981,19.840536
AHORROPTICAS,"C. 10 220, Zona Centro, 24000 San Francisco de Campeche, Camp.",-90.534306,19.846814
akeidigital,"C. Bahamas 26, 24095 San Francisco de Campeche, Camp.",-90.535112,19.802513
AKITA-TU RAMEN,"Brasil 132b, entre queretaro y Coah, Barrio de Sta Ana, 24050 San Francisco de Campeche, Camp.",-90.528246,19.837791
Aké Riko,"C. Peru 180, Barrio de Sta Ana, 24050 San Francisco de Campeche, Camp.",-90.52518,19.835809
Al Estilo de EL PATRÓN,"Av. Miguel Alemán 77, entre 45 y Rosales, Barrio de San Francisco, 24020 San Francisco de Campeche, Camp.",-90.52885,19.850562
Alado Del Yza,"San Rafael, 24090 San Francisco de Campeche, Camp.",-90.53952,19.830326
Albari Nails Campeche,"Av. Central 41, Barrio de Sta Ana, 24050 San Francisco de Campeche, Camp.",-90.535697,19.838589
Alberca Santa Ana,"C. Peru 146, Barrio de Sta Ana, 24050 San Francisco de Campeche, Camp.",-90.523985,19.841412
Alejandra Escalante Peluquería,"C. 10 360, Barrio de San Román, 24040 San Francisco de Campeche, Camp.",-90.54553,19.841344
Alex Fashion Boutique,"C. 114 entre avenida gobernadores y calle 103, Barrio de Sta Lucía, 24020 San Francisco de Campeche, Camp.",-90.509964,19.842754
Alex GYM Campeche,"C. Cancab-chen, Colonial Campeche Secc Maquiladora, 24087 San Francisco de Campeche, Camp.",-90.483005,19.848197
Alianza Servicios Administrativoz,"24010, Calle Mariano Escobedo 47B, Barrio de San Francisco, San Francisco de Campeche, Camp.",-90.5254,19.848204
Alimentos Balanceados La Granja,"C. 22 36, Centro, 24520 Chiná, Camp.",-90.496438,19.774995
All Safety México,"Av López Portillo 174b, Miguel Hidalgo, 24094 San Francisco de Campeche, Camp.",-90.540591,19.820257
Alpha Gimnasium,"Calle 19 / 10 y 12 #88, Samulá, 24090 San Francisco de Campeche, Camp.",-90.549518,19.817066
AM PM FITNESS CAMPECHE,"AV PEDRO SAINZ DE BARANDA 139 LOCAL 156 Centro comercial Plaza Galerías Campeche, Área Ah, 24014 SAN FRANCISCO, Camp.",-90.522386,19.856822
Amado Martínez,"C. 61 12, Zona Centro, 24000 San Francisco de Campeche, Camp.",-90.538315,19.843621
Amaro Shop Campeche,"Calle 53 & Calle 14, C. 53 14, Zona Centro, 24000 San Francisco de Campeche, Camp.",-90.534661,19.84411
Amate armate,"C. 53, Zona Centro, 24000 San Francisco de Campeche, Camp.",-90.535764,19.846512
Amazon Counter - Dunosusa Camp Santa Ana,"VERACRUZ y COAHUILA 13C, ARGENTINA Supermanzana POR INT378, Barrio de Sta Ana, 24050 San Francisco de Campeche, Camp.",-90.526011,19.839492
Amazon Counter - Dunosusa Camp Santa Lucia 1,"Av Gobernadores 32, Barrio de Sta Lucía, 24020 San Francisco de Campeche, Camp.",-90.504263,19.843011
Amazon Counter - Dunosusa Camp Santa Lucia 2,"CALLE 14 #13, Av. Cuauhtémoc y 104, Barrio de Sta Lucía, 24020 San Francisco de Campeche, Camp.",-90.515288,19.847528
Amazon Counter - Dunosusa Campeche 16,"VENEZUELA y ZARCO 119, Calle 16, Barrio de Sta Ana, 24010 San Francisco de Campeche, Camp.",-90.523442,19.845839
Amazon Counter - Dunosusa Campeche Bellavista,"PRIVADA SAN PEDRO y 16, C. 16 de Septiembre 24, Bellavista (Ampliación), Amp Bellavista, 24020 San Francisco de Campeche, Camp.",-90.506312,19.856404
Amazon Counter - Dunosusa Campeche centro,"C. 16 294-POR 51 y 53, Zona Centro, 24000 San Francisco de Campeche, Camp.",-90.533536,19.843544
Amazon Counter - Dunosusa Tomas Aznar,"LIMONAR y PEDRERA 152, C. Jalisco Supermanzana POR LOCAL 4 Y 5, Tomás Aznar, 24060 San Francisco de Campeche, Camp.",-90.520472,19.834826
AME CAMPECHE,"entre c-6 y FFCC, Av Patricio Trueba de Regil s/n, San Rafael, 24090 San Francisco de Campeche, Camp.",-90.533895,19.824585
American Style Boutique,"Granadillo 23, ampleacion esperanza, 24080 San Francisco de Campeche, Camp.",-90.496938,19.832013
AMOUR44 BOUTIQUE,"Plaza Central, Av. Central 41-Loc 13, Barrio de Sta Ana, 24050 San Francisco de Campeche, Camp.",-90.535747,19.838455
Amp Invasión Esperanza,"San Francisco de Campeche, Camp.",-90.49537,19.842945
Amp Polvorín,"24060 San Francisco de Campeche, Camp.",-90.51958,19.824272
Ampliacion Miguel Hidalgo,"Sector Naval, Miguel Hidalgo (Ampliación), Amp Miguel Hidalgo, 24094 San Francisco de Campeche, Camp.",-90.536212,19.812686
Ana Laura Estilismo,"Av Luis Donaldo Colosio Murrieta 12, Barrio de Sta Ana, 24050 San Francisco de Campeche, Camp.",-90.531887,19.830285
ANADMA Hospital Veterinario,"Av Luis Donaldo Colosio Murrieta 36, Barrio de Sta Ana, 24050 San Francisco de Campeche, Camp.",-90.533377,19.830302
ANADMA Hospital Veterinario Sucursal Fidel Velázquez,"24023, Presidentes de México, 24023 San Francisco de Campeche, Camp.",-90.490628,19.864616
Andador Concordia,"24085, Av. Concordia 13, Cd Concordia, San Francisco de Campeche, Camp.",-90.493419,19.838401
Andador Yucatán Campeche,"Yucatán, Fidel Velázquez, 24023 San Francisco de Campeche, Camp.",-90.489396,19.867327
Andrea Campeche,"Calle 8 201, Zona Centro, 24000 San Francisco de Campeche, Camp.",-90.534859,19.847367
Angelas,"C 10 x 62-63, Lotificación San Juan I y II, 24350 San Francisco de Campeche, Camp.",-90.534909,19.830125
Angiologia pie diabetico yaalook,"C. 20 de Noviembre 6, Justicia Soc, Col México, 24070 San Francisco de Campeche, Camp.",-90.498792,19.832944
Angélica Salón,"C. 10 143, Barrio de San Francisco, 24010 San Francisco de Campeche, Camp.",-90.525943,19.850653
Animal Care,"Benjamín Romero 71, Cd Concordia, 24085 San Francisco de Campeche, Camp.",-90.496264,19.841158
AnimaLand Veterinaria & Petshop & Estética canina,"Av Gobernadores 328, Barrio de Sta Ana, 24050 San Francisco de Campeche, Camp.",-90.520078,19.843131
ANTOJITOS ARTEAGA COMIDA REGIONAL,"Av Patricio Trueba de Regil 26, San Rafael, 24090 San Francisco de Campeche, Camp.",-90.534911,19.828107
Antojitos El Paseo,"C. 10 294, Barrio de San Román, 24040 San Francisco de Campeche, Camp.",-90.541921,19.843242
ANTOJITOS EL PAVITO,"Av. Solidaridad Nacional 125, Fidel Velázquez, 24023 San Francisco de Campeche, Camp.",-90.490288,19.868055
Antojitos Mary,"C. 12, Samulá, 24090 San Francisco de Campeche, Camp.",-90.549144,19.822346
Antojitos Tinún | Suc. Catedral,"C. 57 10, Zona Centro, 24000 San Francisco de Campeche, Camp.",-90.537273,19.845414
Antojitos Tomasa,"C. Peru 107C, Barrio de Sta Ana, 24050 San Francisco de Campeche, Camp.",-90.523889,19.841389
Análisis Clínicos del Dr. Simi,"Av Gobernadores No.583, Barrio de Sta Ana, 24050 San Francisco de Campeche, Camp.",-90.531528,19.843034
Apoyo Económico Familiar,"Catedral CAMPECHE MX, C. 10 No. 315, Zona Centro, 24000 Camp.",-90.53603,19.845688
AQUA Rim's GYM,"Manguitos 27, Lotificación San Juan I y II, 24500 San Francisco de Campeche, Camp.",-90.534309,19.830694
Archivo Judicial,"24050, Av. Heroe de Nacozari 3, Barrio de Sta Ana, San Francisco de Campeche, Camp.",-90.516555,19.839767
ARCHIVO MUNICIPAL,"C. 63, Zona Centro, 24000 San Francisco de Campeche, Camp.",-90.538165,19.840937
"Arlodent, Servicios Dentales, Campeche","Plaza La Diana, Av López Portillo 143A, entre Lezmar y San Diego, Tepeyac, 24096 San Francisco de Campeche, Camp.",-90.539457,19.819864
Arrendadora kike,"Zarco, Barrio de San Francisco, 24010 San Francisco de Campeche, Camp.",-90.523063,19.853194
Arte Mexicano Artesanías y Boutique,"Calle peatonal 10, esquina con 59 # 9, C. 59, Zona Centro, 24000 San Francisco de Campeche, Camp.",-90.538184,19.845101
Articcino,"Av Patricio Trueba de Regil #438, Barrio de San José, 24095 San Francisco de Campeche, Camp.",-90.530223,19.819171
Artículos y Productos de Belleza TEO,"C. 53 37, Zona Centro, 24000 San Francisco de Campeche, Camp.",-90.534554,19.844458
Arx Iuris. Corporativo Empresarial,"Av Hidalgo 166, Aviación, 24070 San Francisco de Campeche, Camp.",-90.50904,19.837452
Asadero Angelito,"Av Luis Donaldo Colosio Murrieta, La Victoria, Barrio de Sta Ana, 24050 San Francisco de Campeche, Camp.",-90.525822,19.833095
"Asadero de Pollos ""El Pollo Pirata""","C. Nicaragua, Barrio de Sta Ana, 24050 San Francisco de Campeche, Camp.",-90.531006,19.8401
ASADERO ROOSTER,"Tinto, 24520 Chiná, Camp.",-90.498753,19.781358
Asadero Santa Ana,"C. Paraguay 144-Local C, Barrio de Sta Ana, 24050 San Francisco de Campeche, Camp.",-90.52701,19.83544
ASADERO SILVIA,"Av López Portillo, Sascalum, 24095 San Francisco de Campeche, Camp.",-90.534288,19.814922
Asda,"C. 4 13, Samulá, 24090 San Francisco de Campeche, Camp.",-90.54374,19.821441
Asercar Refaccionarias (Campeche),"Av Gobernadores 34, Barrio de Sta Lucía, 24020 San Francisco de Campeche, Camp.",-90.504379,19.842864
Asesorías FLY,"C. Montecristo 12, Barrio de San Román, 24040 San Francisco de Campeche, Camp.",-90.550155,19.835169
AT&T,"Av Patricio Trueba de Regil 213, San Rafael, 24090 San Francisco de Campeche, Camp.",-90.534174,19.825795
AT&T,"Av República 175, Barrio de Sta Ana, 24050 San Francisco de Campeche, Camp.",-90.535241,19.840891
AT&T,"C. 49 56, Zona Centro, 24000 San Francisco de Campeche, Camp.",-90.5333,19.8449
AT&T CALLE 55 CENTRO,"detrás de la muralla en contra esquina de la muralla, Calle 18 entre 55 y 57. Col. Centro, San Francisco, 24000 San Francisco de Campeche, Camp.",-90.536114,19.841356
AT&T Campeche Zona Ah Kim Pech,"Av Adolfo Ruiz Cortinez 18, Área Ah, 24014 San Francisco de Campeche, Camp.",-90.535794,19.849202
AT&T CHEDRAUI CAMPECHE SANTA ANA,"Av Gobernadores 418, Barrio de Sta Ana, 24050 San Francisco de Campeche, Camp.",-90.524407,19.843644
AT&T Chedraui Gobernadores,"Av Gobernadores 412, Barrio de Sta Ana, 24050 San Francisco de Campeche, Camp.",-90.524269,19.844062
AT&T GALERIAS CAMPECHE,"SECTOR METROPOLITANO DEL AREA, Pedro Sainz de Baranda 139, Área Ah, 24000 San Francisco de Campeche, Camp.",-90.523429,19.85683
AT&T Plaza Fundadores,"Av. María Lavalle Urbina 4, Área Ah, 24014 San Francisco de Campeche, Camp.",-90.527338,19.853577
AT&T Plaza Quinta Real Distribuidor Autorizado,"Av Patricio Trueba de Regil 23, 24090 San Francisco de Campeche, Camp.",-90.534141,19.825993
AT&T Soriana Híper,"Av. Central 91 19, Barrio de Sta Ana, 24050 San Francisco de Campeche, Camp.",-90.535182,19.837838
AT&T Store,"AV. CIRCUITO COLONIAS 70, Barrio de Sta Ana, 24050 San Francisco de Campeche, Camp.",-90.528144,19.838783
AT&T sucursal SAN PEDRO,"Av Gobernadores 571, Barrio de Sta Ana, 24050 San Francisco de Campeche, Camp.",-90.531281,19.843065
AT&T TI Galerías Campeche,"Cto Metropolitano, Área Ah, 24014 San Francisco de Campeche, Camp.",-90.522431,19.856848
AT&T Tienda Campeche Calle 55,"C. 55 #70, Zona Centro, 24000 San Francisco de Campeche, Camp.",-90.534672,19.842143
Atelier AC Barber & Make Up,"24096, Tepeyac, 24096 San Francisco de Campeche, Camp.",-90.539473,19.819801
ATM / Cajero Multiva,"Av. Lopez Portillo S/N Carr Campeche 0 China, Aeropuerto, 24570 San Francisco de Campeche, Camp.",-90.503724,19.813852
Atm/Cajero BBVA,"Av. Lázaro Cárdenas 208, 24097 San Francisco de Campeche, Camp.",-90.523858,19.814965
Atm/Cajero BBVA,"Av López Mateos 479, Barrio de San José, 24040 San Francisco de Campeche, Camp.",-90.548148,19.832954
Atm/Cajero BBVA,"Av Gobernadores 418, Barrio de Sta Ana, 24050 San Francisco de Campeche, Camp.",-90.524379,19.843896
Atm/Cajero BBVA,"Av. Álvaro Obregón 443, Barrio de Sta Lucía, 24020 San Francisco de Campeche, Camp.",-90.495392,19.848877
Auditoría Superior del Estado de Campeche,"Av. Lázaro Cárdenas 42 A, Sector Las Flores, 24060 San Francisco de Campeche, Camp.",-90.521504,19.811041
AUTO SERVICIO PREMIER,"Av Casa de Justicia 9, Fracciorama 2000, 24090 San Francisco de Campeche, Camp.",-90.528434,19.824578
Automotriz Rosado,"Calle 18 #241, Entre galeana y bravo, Barrio de San Román, 24040 San Francisco de Campeche, Camp.",-90.541225,19.837623
AUTOPARTES EL CHOQUE,"Av Gobernadores 298, Villa del Río, Barrio de Sta Lucía, 24020 San Francisco de Campeche, Camp.",-90.518292,19.843096
Autopartes Librado,"Av Luis Donaldo Colosio Murrieta 25, San Rafael, 24090 San Francisco de Campeche, Camp.",-90.537408,19.830363
autopartes Librado,"Av Gobernadores 271, La Paz, 24050 San Francisco de Campeche, Camp.",-90.515847,19.842649
Autopartes y Tornilleria Rodriguez,"Colosio 143, Tomás Aznar, 24060 San Francisco de Campeche, Camp.",-90.5242,19.834235
Autoridad del Patrimonio Cultural del Estado de Campeche,"Calle 12 159, Zona Centro, 24000 San Francisco de Campeche, Camp.",-90.537013,19.844441
Autos Castillo,"Av Hidalgo 80, Huanal, 24070 San Francisco de Campeche, Camp.",-90.511821,19.839587
Autos Rosado Seminuevos,"C. 14 60, Esperanza, 24080 San Francisco de Campeche, Camp.",-90.4995,19.843438
Autosur,"Av. Resurgimiento 189, Miramar, 24030 Buenavista, Camp.",-90.558889,19.831389
Avante Llantas Suc. Bodega Campeche,"Núm.144-A, Av. Central, Barrio de San José, 24040 San Francisco de Campeche, Camp.",-90.535064,19.833317
AVENIDA CENTRAL,"Av. Central 206, Barrio de San José, 24040 San Francisco de Campeche, Camp.",-90.535131,19.830745
Aveon Sport Plaza Universidad,"Plaza Universidad, Av. Agustín Melgar Loc 28, Villas Universidad, 24030 San Francisco de Campeche, Camp.",-90.553092,19.826981
Azur Centro Médico,"Avenida Lázaro Cárdenas, Paraguay esquina, Lomas de las Flores, 24060 San Francisco de Campeche, Camp.",-90.524476,19.817047
B de Bueno Orgánicos Saludables,"153 24050, Av Luis Donaldo Colosio Murrieta 141, San Francisco de Campeche, Camp.",-90.523939,19.83463
Baalak' Clinica Veterinaria,"Avenida Central 33, Barrio de Sta Ana, 24050 De Santa Ana, Camp.",-90.534658,19.831285
Balance Fitness,"Av. Lázaro Cárdenas, C. Mercurio 14, Valle del Sol, 24090 San Francisco de Campeche, Camp.",-90.526692,19.830054
Baluarte de la Soledad,"8 o de La Muralla, Zona Centro, 24000 San Francisco de Campeche, Camp.",-90.537732,19.84644
Baluarte de San Francisco,"Zona Centro, 24000 San Francisco de Campeche, Camp.",-90.535269,19.841635
Baluarte de San Juan,"Av. Cto. Baluartes, Zona Centro, 24000 San Francisco de Campeche, Camp.",-90.537862,19.84024
Baluarte de San Pedro,"C. 49 x 51, Zona Centro, 24050 San Francisco de Campeche, Camp.",-90.532608,19.843148
Baluarte de Santa Rosa,"C. 67 29, Zona Centro, 24000 San Francisco de Campeche, Camp.",-90.540454,19.841478
Banamex,"Chedraui, Av Gobernadores 418, Barrio de Sta Ana, 24010 San Francisco de Campeche, Camp.",-90.524278,19.844098
Banamex,"Calle 8 325, Zona Centro, 24000 San Francisco de Campeche, Camp.",-90.540031,19.844564
Banca Afirme Campeche,"C. 57 2, Zona Centro, 24000 San Francisco de Campeche, Camp.",-90.537095,19.845346
Banca Móvil,"Calle, Manuel Rivera número 15, 24085 San Francisco de Campeche, Camp.",-90.491688,19.840194
Banco Azteca,"Av República 175, entre Guatemala, Barrio de Sta Ana, 24050 San Francisco de Campeche, Camp.",-90.535336,19.840863
Banco Azteca,"Av. Central 160, Barrio de San José, 24040 San Francisco de Campeche, Camp.",-90.534869,19.832703
Banco Azteca,"Boulevard 49 56, Zona Centro, 24000 San Francisco de Campeche, Camp.",-90.533194,19.844916
Banco Azteca,"Av Gobernadores 447, Barrio de Sta Ana, 24050 San Francisco de Campeche, Camp.",-90.525736,19.84296
Banco Azteca,"Av Patricio Trueba de Regil 207, Fracciorama 2000, 24090 San Francisco de Campeche, Camp.",-90.533938,19.825543
Banco Azteca,"Av Gobernadores 2, Barrio de Sta Lucía, 24020 San Francisco de Campeche, Camp.",-90.503236,19.843657
Banco BBVA,"Av Patricio Trueba de Regil S/N, 24096 San Francisco de Campeche, Camp.",-90.531956,19.822723
Banco BBVA,"Av Cto Baluartes 100, Zona Centro, 24000 San Francisco de Campeche, Camp.",-90.533952,19.842574
Banco BBVA,"Av. María Lavalle Urbina Manzana D LT 2, Área Ah, 24014 San Francisco de Campeche, Camp.",-90.53488,19.850246
Banco BBVA,"Pedro Sainz de Baranda 139, Área Ah, 24014 San Francisco de Campeche, Camp.",-90.522469,19.857369
BANCO DE MATERIAL,"24095 San Francisco de Campeche, Camp.",-90.521328,19.810727
Banco del Bienestar,"Prol. Calle 59, Independiente, 24000 Camp.",-90.53881,19.846664
Banco del Bienestar,"Av. 16 de Septiembre SN, Zona Centro, 24000 San Francisco de Campeche, Camp.",-90.536081,19.848592
Banco del Bienestar - Campeche,"C. 59 S/N, Int. D-1, Col. Centro, C.P. 24000, San Francisco de Campeche, Camp.",-90.536372,19.848793
Banco Famsa - Prendinero Minatitlan,"C. 18 146, Zona Centro, 24000 San Francisco de Campeche, Camp.",-90.5347,19.842204
Banco Santander,"Av Patricio Trueba de Regil 131, Fracciorama 2000, 24090 San Francisco de Campeche, Camp.",-90.534725,19.828713
Banco Santander Smart,"C. 57 8, Zona Centro, 24000 San Francisco de Campeche, Camp.",-90.537043,19.845219
Banco Santander Universidades,"Av. Agustín Melgar, Zona Sin Asignación de Nombre, 24039 San Francisco de Campeche, Camp.",-90.553537,19.82626
BanCoppel San Rafael,"Av Patricio Trueba de Regil 306, entre Calle Vicente Guerrero y Calle 6, Amp San Rafael, 24090 San Francisco de Campeche, Camp.",-90.534316,19.825428
Banjercito,"Av. Román Piña Chan Lote 2. Mz. E2. s/n, Área Ah, 24014 San Francisco de Campeche, Camp.",-90.532059,19.851142
BANORTE,"Av. Lázaro Cárdenas, Las Flores, 24097 San Francisco de Campeche, Camp.",-90.524324,19.814687
Banorte,"Calle 8 325, Zona Centro, 24000 San Francisco de Campeche, Camp.",-90.540144,19.844632
Banorte,"Av Gobernadores 4, Barrio de Sta Ana, 24050 San Francisco de Campeche, Camp.",-90.526925,19.843391
BANORTE,"De La Av. Álvaro Obregón, Barrio de Sta Lucía, 24020 San Francisco de Campeche, Camp.",-90.501445,19.844798
Banorte Sucursal Campeche Malecon 3400,"Pedro Sainz de Baranda S/N, Área Ah, 24010 San Francisco de Campeche, Camp.",-90.528576,19.855373
Barber Shop Peluquería,"Avenida López Portillo 296 Plaza Arboleda, Local G, Fraccionamiento Arboledas, 24093 San Francisco de Campeche, Camp.",-90.53069,19.814372
Barber Shop Peluquería,"Av. Miguel Alemán, Plaza, Beirut num. 168-Loc4, Guadalupe, 24010 San Francisco de Campeche, Camp.",-90.527137,19.851767
Barber Yorch Suc. centro,"Área Ah, 24014 San Francisco de Campeche, Camp.",-90.535292,19.84939
Barbers Campeche,"Av. Cuauhtémoc 69, entre Av. Álvaro Obregón y Calle 16, Barrio de Sta Lucía, 24020 San Francisco de Campeche, Camp.",-90.514873,19.846208
Barco Hundido,"Av. Resurgimiento 2, Bosques de Campeche, 24044 San Francisco de Campeche, Camp.",-90.557365,19.833345
Barrio de San Francisco,"24010 San Francisco de Campeche, Camp.",-90.524601,19.849187
Barrio de San Román,"24040 San Francisco de Campeche, Camp.",-90.546393,19.837912
Barrio de Sta Lucía,"24020 San Francisco de Campeche, Camp.",-90.512788,19.846245
Bartola,"Av. Justo Sie::: ::vr rra, Av. Justo Sierra Méndez 392, Barrio de San Román, 24040 San Francisco de Campeche, Camp.",-90.547471,19.839944
bascula siglo XXl,"Vigésima Octava 46, Siglo XXI, 24085 San Francisco de Campeche, Camp.",-90.487073,19.800183
Basiks,"Av. Agustín Melgar, Bosques de Campeche, 24030 San Francisco de Campeche, Camp.",-90.553268,19.827188
"Bazar ""Leydi""","Batallón 19, Polvorín (Ampliación), Leovigildo Gómez, 24060 San Francisco de Campeche, Camp.",-90.517717,19.823895
Bazar de la 47,"Priv. Coahuila 9, Barrio de Sta Ana, 24050 San Francisco de Campeche, Camp.",-90.528254,19.836678
Bazar San Francisco,"Venezuela 106, San Francisco de Campeche, Mexico, Barrio de San Francisco, 24050 San Francisco de Campeche, Camp.",-90.523897,19.844725
Bazzar Imelda Ropa AMERICANA,"C. Republica del Salvador 87, Barrio de Sta Ana, 24050 San Francisco de Campeche, Camp.",-90.533794,19.83781
BBVA Bancomer,"CHEDRAUI CAMPECHE VILLATURQUESA, Av. Álvaro Obregón 443, Barrio de Sta Lucía, 24020 San Francisco de Campeche, Camp.",-90.495331,19.848651
BBVA Centro Especializado en Recuperación de Crédito,"Av Cto Baluartes 100, Zona Centro, 24000 San Francisco de Campeche, Camp.",-90.534038,19.842522
BBVA Centro Pyme,"Av. Luis Álvaro Barrett 3, Área Ah, 24000 San Francisco de Campeche, Camp.",-90.534873,19.850179
Be Cool,"Argentina Antes 43, Barrio de Sta Ana, 24050 San Francisco de Campeche, Camp.",-90.526041,19.839374
Be Fitness Club,"Av. Agustín Melgar 45, Bosques de Campeche, 24030 San Francisco de Campeche, Camp.",-90.553723,19.827262
Be King's. Barber Shop,"Av. Lázaro Cárdenas 99, Flor de Limón, 24069 San Francisco de Campeche, Camp.",-90.526436,19.825427
Ben & Frank | Galerías Campeche,"Pedro Sainz de Baranda 139, Área Ah, 24020 San Francisco de Campeche, Camp.",-90.522404,19.856637
Beneficiencia publica campeche,"C. 10, Barrio de Guadalupe, 24010 San Francisco de Campeche, Camp.",-90.531293,19.848123
Benemerito De Las Américas,"Av. Álvaro Obregón 173, Barrio de Sta Lucía, 24020 San Francisco de Campeche, Camp.",-90.514353,19.845863
Biblioteca Campeche,"Calle 8 257, Zona Centro, 24000 San Francisco de Campeche, Camp.",-90.537853,19.845957
Biblioteca Central General José Ortiz Ávila UACAM,"Av. Agustín Melgar, Buenavista, 24039 San Francisco de Campeche, Camp.",-90.554146,19.826587
Biblioteca IMSS HGZMF1,"C. 20 140, Barrio de San José, 24040 San Francisco de Campeche, Camp.",-90.537836,19.839483
Biblioteca Juan Sánchez Ancona,"C. 59 31, Zona Centro, 24000 San Francisco de Campeche, Camp.",-90.537039,19.843347
Biblioteca Juan Sánchez Azcona del Centro INAH Campeche,"C. 10 227, Barrio de Guadalupe, 24010 San Francisco de Campeche, Camp.",-90.530675,19.848402
Biblioteca Municipal,"Av. Francisco I. Madero 7, Barrio de la Ermita, 24020 San Francisco de Campeche, Camp.",-90.522589,19.854108
"Biblioteca Pública Central del Estado ""Licenciado Francisco Sosa Escalante""","Calle 12 189, Zona Centro, 24000 San Francisco de Campeche, Camp.",-90.538661,19.843594
BICIMOTO 3 HERMANOS,"C. Costa Rica 95, Barrio de Sta Ana, 24050 San Francisco de Campeche, Camp.",-90.532368,19.841116
BIG Charly's,"C. 10 442, Barrio de San Román, 24040 San Francisco de Campeche, Camp.",-90.549531,19.838156
Bigotes,"Saramuyo, Flor de Limón, 24069 San Francisco de Campeche, Camp.",-90.524353,19.830961
Bits Centro de Servicios Computacionales,"Barrio de Sta Ana, 24050 San Francisco de Campeche, Camp.",-90.533092,19.840716
Blancas Ortodoncia,"Av. Lázaro Cárdenas 61, Valle del Sol, 24090 San Francisco de Campeche, Camp.",-90.526843,19.827992
Blancos Concord. Campeche Campeche,"Calle 12 125, Zona Centro, 24000 San Francisco de Campeche, Camp.",-90.53358,19.846093
BLEU DOWN,"C. 63, Zona Centro, 24000 San Francisco de Campeche, Camp.",-90.538525,19.842197
Bliss spa,"Ah-kim-pech 69, Barrio de la Ermita, 24020 San Francisco de Campeche, Camp.",-90.52073,19.851042
Blue Fitness Center,"C. Lázaro Cárdenas 2, Barrio de Sta Ana, 24050 San Francisco de Campeche, Camp.",-90.534525,19.835404
BM Vestidos,"24094, Miguel Hidalgo, 24094 San Francisco de Campeche, Camp.",-90.540817,19.820342
Bodega Aurrera Express,"Av. Adolfo, Av López Mateos 136, Barrio de San Román, 24040 San Francisco de Campeche, Camp.",-90.542586,19.836192
Bodega Aurrera Express (Suc. Álvaro Obregón - CAMPECHE),"Av. Álvaro Obregón 341, entre calle 10 y calle 12, Pablo García, 24080 San Francisco de Campeche, Camp.",-90.501863,19.84455
Bodega Aurrera Express 6852,"Av. Fidel Velázquez 72, Fidel Velázquez, 24023 San Francisco de Campeche, Camp.",-90.490719,19.864805
Bodega Aurrera Express Ampliacion 4 caminos 6813,"C. Del Tanque 1, Jardines, 24060 San Francisco de Campeche, Camp.",-90.516791,19.834176
Bodega Aurrera Express Gobernadores Det. 6932,"Av. Álvaro Obregón 3-346, Esperanza, 24080 San Francisco de Campeche, Camp.",-90.501862,19.844248
BODEGA AURRERA EXPRESS HACIENDA SAN MIGUEL,"Hda. San Miguel 13-31, 24023 San Francisco de Campeche, Camp.",-90.490425,19.86486
Bodega Aurrera Express Samulá 2583,"C. 12 73, Samulá, 24090 San Francisco de Campeche, Camp.",-90.549829,19.817271
Bodega Aurrera Express Siglo XXI,"C. Décimo Sexta 12, Vivah 2 Etapa, Siglo XXI, 24073 San Francisco de Campeche, Camp.",-90.491947,19.80561
Bodega Aurrera Gobernadores,"Av Gobernadores 201, Aviación, 24020 San Francisco de Campeche, Camp.",-90.511737,19.842002
Bodega Aurrera Kala,"Carretera antigua campeche-Merida 1 Sector, Kalá, 24087 San Francisco de Campeche, Camp.",-90.49101,19.8517
Bodega Aurrera Patricio Trueba,"Av Patricio Trueba de Regil 203, Fracciorama 2000, 24090 San Francisco de Campeche, Camp.",-90.534261,19.826376
Bodega Aurrerá Express Real de Kala,"C. 1 s/n, Terranova, 24088 San Francisco de Campeche, Camp.",-90.481618,19.852534
Bodega Comex (grupo de pinturas marco),"Av. Heroe de Nacozari 13, La Paz, 24050 San Francisco de Campeche, Camp.",-90.516713,19.842027
BODEGA DE COLCHONES,"Calle 16 #117, Barrio de San Francisco, 24010 San Francisco de Campeche, Camp.",-90.523903,19.845892
Bodega de Fedex Campeche,"24093 San Francisco de Campeche, Camp.",-90.530131,19.812379
BODY FIGHTER HIIT,"Antonio Torres, Ignacio Ayala y Av Central, Calle José, 24000 San Francisco de Camepche, Camp.",-90.536695,19.837258
Body Gym,"Río San Pedro 9, Barrio de Sta Ana, 24010 San Francisco de Campeche, Camp.",-90.51877,19.845276
Bohaus Campeche,"Enfrente de la bola de queso, Av Patricio Trueba de Regil, de Regil, 24095 San Francisco de Campeche, Camp.",-90.529612,19.814849
BOMSSA CAMPECHE,"Av Gobernadores 435, Santa Ana, Barrio de Sta Ana, 24050 De, Camp.",-90.524917,19.842987
Bonatti Campeche,"24062 San Francisco de Campeche, Camp.",-90.504936,19.794294
Bonita. MX,"Plaza San Arturo, local 1, San Rafael, 24010 San Francisco de Campeche, Camp.",-90.539988,19.830929
BORDASMART,"Av. Central 45-Loc 2, Barrio de Sta Ana, 24050 San Francisco de Campeche, Camp.",-90.535773,19.838451
Boston´s Pizza Galerías Campeche,"Pedro Sainz de Baranda 139, Área Ah, 24014 San Francisco de Campeche, Camp.",-90.522537,19.857231
Botica San Nicolás,"Av. Central 180-A, Colonia San Jose, 24040 San Francisco de Campeche, Camp.",-90.535106,19.83197
Boulevard Café,"Puebla 17A, entre Av. Central y Honduras, Barrio de Sta Ana, 24050 San Francisco de Campeche, Camp.",-90.535902,19.839594
Boutique La Enfermera Elegante,"Av López Mateos 61, Barrio de San José, 24040 San Francisco de Campeche, Camp.",-90.539708,19.837507
Bowl Campeche,"Av. Resurgimiento 119, Bosques de Campeche, 24030 San Francisco de Campeche, Camp.",-90.557587,19.832114
Boxito Cedis Campeche,"Av Patricio Trueba de Regil, Zona Sin Asignación de Nombre, 24096 San Francisco de Campeche, Camp.",-90.529055,19.816021
Boxito Suc. Lopez Mateos,"Av. Lopez Mateos No. 79 Local 1 y 2 x Galeana Calle Pedro Moreno y, Barrio de San Román, 24060 San Francisco de Campeche, Camp.",-90.540491,19.837064
Boxito Sucursal Gobernadores,"Avenida Gobernadores 282 por Francisco I Madero y Cuauhtemoc, 24020 San Francisco de Campeche, Camp.",-90.517743,19.843062
bp,"Av Cto Baluartes 16, Barrio de San Román, 24040 San Francisco de Campeche, Camp.",-90.538545,19.84027
bp,"Av Gobernadores, Barrio de Sta Ana, 24050 San Francisco de Campeche, Camp.",-90.530636,19.843422
bp,"Pedro Sainz de Baranda, Área Ah, 24040 San Francisco de Campeche, Camp.",-90.520985,19.858273
BRINCOLINES FANTASY CAMPECHE,"C. Argentina 68, Barrio de San Francisco, 24010 San Francisco de Campeche, Camp.",-90.525566,19.846992
Bujutsu Campeche,"Argentina Antes 43 135, Barrio de Sta Ana, 24050 San Francisco de Campeche, Camp.",-90.526803,19.839832
BURBU CLEAN LAVANDERIA,"Calle Prol. Allende, Barrio de San Román, 24040 San Francisco de Campeche, Camp.",-90.544834,19.838834
Burbu Express,"Av. Cuauhtémoc, Barrio de Sta Lucía, 24020 San Francisco de Campeche, Camp.",-90.515006,19.846626
BURBUJAS LAVANDERIA,"Fidel Velázquez, 24023 San Francisco de Campeche, Camp.",-90.492744,19.867439
Burger King Campeche Centro,"C. 53 10, Zona Centro, 24000 San Francisco de Campeche, Camp.",-90.535614,19.846062
Burger King Galerías,"Galerías Campeche, Pedro Sainz de Baranda 139, Área Ah, 24014 San Francisco de Campeche, Camp.",-90.523045,19.856814
Burger King Kaniste,"Av López Portillo S/N, Samulá, 24038 San Francisco de Campeche, Camp.",-90.552257,19.826359
Burger King Malecón,"Pedro Sainz de Baranda 187, Área Ah, 24014 San Francisco de Campeche, Camp.",-90.532154,19.853913
Burger Lab,"C. Los Ciruelos, Quinta Belem I y II, 24050 San Francisco de Campeche, Camp.",-90.531064,19.831756
Burgueitas,"C. 14 86A, Barrio de Guadalupe, 24010 De Guadalupe, Camp.",-90.531545,19.845501
BURRITOS LA YAQUESITA,"Av. Central 194, Barrio de San José, 24040 San Francisco de Campeche, Camp.",-90.535052,19.831414
C&A,"Pedro Sainz de Baranda Loc 136, Área Ah, 24014 San Francisco de Campeche, Camp.",-90.523794,19.856477
C&B,"C. Niño Artillero 8, Polvorín (Ampliación), Amp Polvorín, 24060 San Francisco de Campeche, Camp.",-90.516002,19.824248
C.T. izzi Campeche,"Calle Prol. Allende, Barrio de San Román, 24040 San Francisco de Campeche, Camp.",-90.545516,19.840514
C3 Campeche,"Av. Jaina S/N, Unidad y Trabajo, 24088 San Francisco de Campeche, Camp.",-90.493562,19.854378
C5 Campeche,"Prol de la Calle 7 S/N, Buenavista, 24039 San Francisco de Campeche, Camp.",-90.563588,19.823597
CA-FÉ ELLUVA,"Av. Francisco I. Madero 128-A, Barrio de San Francisco, 24010 San Francisco de Campeche, Camp.",-90.520379,19.849304
CAC Telcel,"Pedro Sainz de Baranda 139, Área Ah, 24014 San Francisco de Campeche, Camp.",-90.52346,19.856544
CAFEBZITO,"Calle 10 & Ciriaco Vázquez y 47, Barrio de Guadalupe, 24010 San Francisco de Campeche, Camp.",-90.531053,19.848301
cafecitoXXI,"cruce de la Ria con el puente, Av. Francisco I. Madero 86A, entre 10 y 10B, Barrio de San Francisco, 24010 San Francisco de Campeche, Camp.",-90.521461,19.850495
CAFETERIA,"Revolución 298, Barrio de Sta Ana, 24050 San Francisco de Campeche, Camp.",-90.518978,19.841684
Cafetería Aroma,"55, 8B, 24000 San Francisco de Campeche, Camp.",-90.536267,19.845213
Cafetería Borges,"Av López Portillo Mza A, Colonia Electricistas, 24036 San Francisco de Campeche, Camp.",-90.546793,19.826523
Cafetería Cuatro 40,"Calle 8, Zona Centro, 24000 San Francisco de Campeche, Camp.",-90.53564,19.8472
Cafetería Edzná de la Clínica Campeche,"Av. Central 65, Barrio de Sta Ana, 24050 San Francisco de Campeche, Camp.",-90.535095,19.837938
Cafetería Hollywood,"24050, Barrio de Sta Ana, 24050 San Francisco de Campeche, Camp.",-90.528743,19.834837
Cafetería La Francia,"Av. Central 138, Barrio de San José, 24040 San Francisco de Campeche, Camp.",-90.534955,19.833848
Cafetería Tatiaxca Campeche,"Av Patricio Trueba de Regil, 24090 San Francisco de Campeche, Camp.",-90.529688,19.814078
CAFÉ BEN FRÍO,"Av. Maestros Campechanos, Lázaro Cárdenas, 24095 San Francisco de Campeche, Camp.",-90.528134,19.805702
CAFÉ CON PAN,"Av Hidalgo 133, Aviación, 24070 San Francisco de Campeche, Camp.",-90.509689,19.838298
Café Escarlata (Concordia),"Av. Concordia 24, Kala 1, Kalá, 24085 San Francisco de Campeche, Camp.",-90.490636,19.839401
Café Escarlata (Santa Ana),"Av Prolongación Republica 48C, Barrio de Sta Ana, 24050 San Francisco de Campeche, Camp.",-90.526613,19.83966
Café Galería La Casa de las Máscaras,"C. Coahuila 104 B, Barrio de Sta Ana, 24050 San Francisco de Campeche, Camp.",-90.526801,19.838858
Café La Casa de las Máscaras,"C. 10 número 1, Zona Centro, 24000 San Francisco de Campeche, Camp.",-90.53701,19.84541
Café Madero,"Av. Agustín Melgar, Bosques de Campeche, 24030 San Francisco de Campeche, Camp.",-90.556226,19.829593
CAJA LA SAGRADA FAMILIA,"Chihuahua, Barrio de Sta Ana, 24050 San Francisco de Campeche, Camp.",-90.530522,19.842724
Caja Popular Mexicana,"Av Gobernadores 428, Barrio de Sta Ana, 24050 San Francisco de Campeche, Camp.",-90.524863,19.843389
Caja Popular Mexicana,"Av Gobernadores 428, Barrio de Sta Ana, 24050 San Francisco de Campeche, Camp.",-90.524841,19.843349
Cajero Automático Banorte,"Avenida López Portillo S/N, Sascalum, 24095 Camp.",-90.552351,19.826336
Cajero Automático citibanamex,"Samulá, 24090 San Francisco de Campeche, Camp.",-90.545559,19.82479
Cajero Automático Santander,"Terminal de Autobuses, Av Gobernadores 479, Barrio de Sta Ana, 24050 San Francisco de Campeche, Camp.",-90.527056,19.843064
CAJERO AUTOMÁTICO SANTANDER,"Área Ah, 24014 San Francisco de Campeche, Camp.",-90.530585,19.849657
Cajero Banjercito,"Internacional Ingeneiro Alberto Acuña Ongay, 24079 San Francisco de Campeche, Camp.",-90.504478,19.836071
Cajero Banorte,"Av López Portillo 0, Zona Sin Asignación de Nombre, 24095 San Francisco de Campeche, Camp.",-90.531077,19.8148
Cajero Banorte,"Av Patricio Trueba de Regil, 24097 San Francisco de Campeche, Camp.",-90.531569,19.821884
Cajero Banorte,"Fundadores S/N, Barrio de San Francisco, 24010 San Francisco de Campeche, Camp.",-90.527083,19.854259
Cajero Banorte - Soriana Express,"Av. Concordia, 24020 San Francisco de Campeche, Camp.",-90.49779,19.830699
Cajero Santander,"Trailer Park 6, Villa Turquesa, 24086 San Francisco de Campeche, Camp.",-90.495411,19.848547
Cajeros Automáticos Citibanamex,"Barrio de Sta Ana, 24050 San Francisco de Campeche, Camp.",-90.534685,19.837361
CALAKMUL SEA FOOD,"Gustavo Díaz Ordaz 145, Camino Real, 24020 San Francisco de Campeche, Camp.",-90.51663,19.858863
Calcetamania,"Av Cto Baluartes Loc 33, Zona Centro, 24000 San Francisco de Campeche, Camp.",-90.533112,19.841511
"Calcetamania ""El Rey De Los Calcetines""","Av Cto Baluartes, Barrio de Sta Ana, 24050 San Francisco de Campeche, Camp.",-90.53385,19.841404
Cale Restaurante,"Av. Lázaro Cárdenas, Zona Sin Asignación de Nombre, 24095 San Francisco de Campeche, Camp.",-90.521663,19.811344
Calle 59,"Calle 59 esquina con 10 Centro Histórico 24400, Camp.",-90.538013,19.84505
CALVARY SURESTE,"Av López Mateos 101, entre calle Bravo y Galeana, Barrio de San Román, 24040 San Francisco de Campeche, Camp.",-90.539638,19.835567
Calzado Nancy Benítez,"24050, C. Peru 152, Barrio de Sta Ana, San Francisco de Campeche, Camp.",-90.524647,19.838431
CAM Centro de Atención Municipal,"Roman Piña Chan Manzana D Lote 4-A, Área Ah, 24010 San Francisco de Campeche, Camp.",-90.532139,19.849438
CAME - Campeche,"Av. Central 48, Barrio de San José, 24040 San Francisco de Campeche, Camp.",-90.535874,19.837879
Caminar Consciente,"C. 14 134-59 y 61, Zona Centro, 24000 San Francisco de Campeche, Camp.",-90.537297,19.842805
Campeche,"C. 4 21, Samulá, 24090 San Francisco de Campeche, Camp.",-90.545584,19.815019
Campeche,"Internacional Ingeneiro Alberto Acuña Ongay, 24070 San Francisco de Campeche, Camp.",-90.508497,19.820946
Campeche,"Carr. Costera del Golfo, San Rafael, 24410 San Francisco de Campeche, Camp.",-90.534863,19.829495
CAMPECHE 1,"CLL. 18, 99 LC 4, Centro, Campeche, 24000 San Francisco de Campeche, Camp.",-90.534128,19.842077
CAMPECHE 5,"Av Hidalgo 2, Huanal, 24070 San Francisco de Campeche, Camp.",-90.513408,19.842431
CAMPECHE 9,"Av Patricio Trueba de Regil, San Rafael, 24090 San Francisco de Campeche, Camp.",-90.53265,19.822971
Campeche ADO Bus Station,"24097 San Francisco de Campeche, Camp.",-90.53242,19.823325
"Campeche, Camp.","24060 San Francisco de Campeche, Camp.",-90.511984,19.824757
CAMPEON,"Av Patricio Trueba de Regil 81, San Rafael, 24096 San Francisco de Campeche, Camp.",-90.531243,19.820772
Campo de Samula,"C. 13, Samulá, 24090 San Francisco de Campeche, Camp.",-90.547322,19.819363
"Campus III de Ciencias de la Salud, Universidad Autónoma de Campeche","24096 San Francisco de Campeche, Camp.",-90.529517,19.81843
Cancha 7,"Calle flamboyan #114 avenida jose lopez portillo, Calle Prol. Allende, Av López Portillo, Tepeyac, 24090 San Francisco de Campeche, Camp.",-90.537022,19.818022
cancha de fut . fidel velazquez,"24023, C. 1 Campeche 3, Fidel Velázquez, San Francisco de Campeche, Camp.",-90.491789,19.872683
Cancha de Usos Múltiples Santa Ana,"C. Coahuila, Barrio de Sta Ana, 24050 San Francisco de Campeche, Camp.",-90.5281,19.839291
Canela Restaurante-Café,"C. 14 16, Mártires de Río Blanco, 24024 San Francisco de Campeche, Camp.",-90.515395,19.84823
CANNA Centro de Atención Neurológica de Niños y Adolescentes,"24060 Fraccionamiento, Lotificación Tabachines, 24060 San Francisco de Campeche, Camp.",-90.526621,19.825612
"CAPILLA ""NUESTRA SEÑORA DE LA MERCED""","Enrredadera, Sascalum, 24095 San Francisco de Campeche, Camp.",-90.532929,19.816584
Capilla de Natividad,"C. 9, Amp Esperanza, 24080 San Francisco de Campeche, Camp.",-90.496358,19.842893
Capilla De Nuestra Señora Del Perpetuo Socorro,"C. 14 270, Barrio de San Román, 24040 San Francisco de Campeche, Camp.",-90.549674,19.835297
Capilla de Nuestra Señora del Rosario,"Av López Portillo 47, Cerro de la Eminencia, 24035 San Francisco de Campeche, Camp.",-90.546677,19.826788
Capilla Divina Providencia,"24020, C. 10 4, Barrio de la Ermita, San Francisco de Campeche, Camp.",-90.517956,19.854795
CAPILLA NATIVIDAD DE NUESTRO SEÑOR JESUCRISTO,"24060, Pocyaxun 2, Solidaridad Urbana, San Francisco de Campeche, Camp.",-90.519533,19.820747
CAPILLA NUESTRA SEÑORA DE GUADALUPE,"C. 13 108, Invasión Esperanza, 24070 San Francisco de Campeche, Camp.",-90.497883,19.835739
Capilla Preciosa Sangre De Cristo,"24088, Av. Antigua Kalá 7, Unidad y Trabajo, 24088 San Francisco de Campeche, Camp.",-90.492839,19.851697
Capioca Campeche,"Av Adolfo Ruiz Cortinez, Área Ah, 24000 San Francisco de Campeche, Camp.",-90.535511,19.849032
Capressito Café,"C. 65 25, entre 12 y 14, Zona Centro, 24000 San Francisco de Campeche, Camp.",-90.539623,19.842437
Carambola Campeche,"C. 105 18, Barrio de Sta Lucía, 24020 San Francisco de Campeche, Camp.",-90.51167,19.844101
Caribe Cocina Popular,"Avenida central N 19Bb, Barrio de Sta Ana, 24050 San Francisco de Campeche, Camp.",-90.536172,19.839437
Carmito Alonzo Panadería,"Calle Prol. Allende, Barrio de San José, 24040 San Francisco de Campeche, Camp.",-90.543001,19.835932
Carnemart,"Av. María Lavalle Urbina 15, Área Ah, 24014 San Francisco de Campeche, Camp.",-90.529947,19.853163
CarneMart Campeche Jaina,"Av. Cto. Constitución, Peña, 24080 San Francisco de Campeche, Camp.",-90.498121,19.847139
Carnes Cayal,"Gustavo Díaz Ordaz 207, Barrio de la Ermita, 24020 San Francisco de Campeche, Camp.",-90.518992,19.856946
Carnes LD,"Av. Concordia, Concordia (Ampliación), Kalá II, 24085 San Francisco de Campeche, Camp.",-90.489528,19.839906
Carnes LD,"Av Gobernadores 487, Barrio de Sta Ana, 24050 San Francisco de Campeche, Camp.",-90.527993,19.843114
Carnes Palmer,"C. 17, Pablo García, 24080 San Francisco de Campeche, Camp.",-90.504467,19.850889
Carnes Santa Fé Campeche,"Priv. Patricio Trueba 1, Fracciorama 2000, 24090 San Francisco de Campeche, Camp.",-90.534717,19.829849
carnes selectas manrrero,"Calle Veracruz & Delicias, Lomas Delicias, 24060 San Francisco de Campeche, Camp.",-90.516289,19.837804
Carniceria,"Bicentenario I y II, 24040 San Francisco de Campeche, Camp.",-90.538009,19.83074
"CARNICERIA ""D' JUAN""","Calle del Príncipe Negro, Aviación, 24070 San Francisco de Campeche, Camp.",-90.509475,19.838939
"Carniceria ""Desy""","Av Gobernadores 218, Dzarbay, 24020 San Francisco de Campeche, Camp.",-90.513628,19.842822
Carniceria Abarrotes Angel Miguel El Pollero,"Calle Vicente Guerrero, Miguel Hidalgo (Ampliación), Amp Miguel Hidalgo, 24094 San Francisco de Campeche, Camp.",-90.536068,19.812138
Carniceria AVIACION,"Av Aviación, Internacional Ingeneiro Alberto Acuña Ongay, 24079 San Francisco de Campeche, Camp.",-90.5085,19.837602
CARNICERIA BELLAVISTA,"Bellavista, 24020 San Francisco de Campeche, Camp.",-90.516182,19.849698
Carniceria chapala,"Samulá, 24090 San Francisco de Campeche, Camp.",-90.547465,19.817159
CARNICERIA D'ELLAS,"Tepeyac, 24096 San Francisco de Campeche, Camp.",-90.535513,19.819542
CARNICERIA GARCIA,"C. 105 NUM.59, Bellavista (Ampliación), Amp Bellavista, 24020 MEXICO, Camp.",-90.512109,19.857215
Carniceria Paty,"C. Galeana 34, Sascalum, 24095 San Francisco de Campeche, Camp.",-90.534479,19.817275
"CARNICERIA Y TENDEJON ""D' KARINA""","Tepeyac 125-4 D, Sascalum, 24095 San Francisco de Campeche, Camp.",-90.53336,19.815276
Carniceria ¨Don Jose¨,"Tomás Aznar, 24060 San Francisco de Campeche, Camp.",-90.516136,19.839178
"CARNICERÍA ""301 y 302""","Mercado Pedro Zainz, Cto. Baluartes Locales 301 y 302, Barrio de Sta Ana, 24050 San Francisco de Campeche, Camp.",-90.53254,19.841889
"Carnicería ""Liam""","1a. Priv. de Ciricote Lote 13-Mza E, Flor de Limón, 24069 San Francisco de Campeche, Camp.",-90.52477,19.831862
"Carnicería ""San Fernando""","Chiná Calle principal calle 22 2-B 9 y 11, 24520 Camp.",-90.495982,19.771278
Carnicería Aragon,"Margarita entre Tulipanes, Jardines, 24060 San Francisco de Campeche, Camp.",-90.51687,19.831276
Carnicería Di Porko,"Tomás Aznar, 24060 San Francisco de Campeche, Camp.",-90.517073,19.838091
Carnicería El Gran Pollo,"Nueva Plan Chac, 24088 San Francisco de Campeche, Camp.",-90.495284,19.850324
Carnicería el rey,"C. 105-C 15, Barrio de Sta Lucía, 24020 San Francisco de Campeche, Camp.",-90.507952,19.844024
Carnicería El Trébol,"C. 20 141, Barrio de San José, 24040 San Francisco de Campeche, Camp.",-90.545719,19.833141
Carnicería Flor de Limón,"Nance 5, Flor de Limón, 24069 San Francisco de Campeche, Camp.",-90.523635,19.831164
Carnicería Julio el Compa,"C. Ecuador 74, Tomás Aznar, 24060 San Francisco de Campeche, Camp.",-90.523659,19.83433
Carnicería La Única,"Mercado Pedro Sainz de Baranda, Av Cto Baluartes 79, Barrio de Sta Ana, 24050 San Francisco de Campeche, Camp.",-90.533123,19.84161
Carnicería Luis,"C. Ecuador 148, Polvorín, 24060 San Francisco de Campeche, Camp.",-90.522976,19.826982
carnicería pech gasca,"Villa Mercedes, Morelos, 24026 San Francisco de Campeche, Camp.",-90.50093,19.859028
Carnicería Ricky,"Delicias, Tomás Aznar, 24060 San Francisco de Campeche, Camp.",-90.516338,19.838847
Carnicería San Judas Tadeo 2,"C. 3 entre 4 y 6, El Carmelo, 24075 San Francisco de Campeche, Camp.",-90.504907,19.837965
Carnicería Santoyo,"C. 4 Caminos 59, Cuatro Caminos, 24070 San Francisco de Campeche, Camp.",-90.512392,19.837239
Carnicería y Abarrotes Lezmar,"Lezmar, Tepeyac, 24096 San Francisco de Campeche, Camp.",-90.536001,19.821274
Carnicería y Abarrotes Naomi,"Primera mza 19 lt34, Siglo XXI, 24085 San Francisco de Campeche, Camp.",-90.496139,19.812857
CARNICERÍA y ABARROTES YONY,"C. 11 Manzana 24 Lote 2, El Carmelo, 24070 San Francisco de Campeche, Camp.",-90.501233,19.837334
Carnicería y Frutería el Encanto,"Samulá, 24090 San Francisco de Campeche, Camp.",-90.546848,19.823393
Carnicería y pollería el macho,"24050, Barrio de Sta Ana, 24050 San Francisco de Campeche, Camp.",-90.524696,19.837295
"Carnicetia y abarrotes""Los peques""","C. 27 770, Kanisté, 24090 San Francisco de Campeche, Camp.",-90.552943,19.813697
Carnitas Estilo Michoacán,"Av Gobernadores 246, Barrio de Sta Lucía, 24020 San Francisco de Campeche, Camp.",-90.515549,19.84292
"Carnitas Estiló Michoacán ""El Güero""","Avenida Luis Donaldo Colosio Lote número 169, entre Ecuador y peru, Tomás Aznar, 24060 San Francisco de Campeche, Camp.",-90.524932,19.833544
Carola,"Barrio de San José, 24040 San Francisco de Campeche, Camp.",-90.542108,19.83259
Carolina's Herrera,"Av. Central 132, Barrio de San José, 24040 San Francisco de Campeche, Camp.",-90.535047,19.834133
Carso Campeche,"C. 22 30, Kanisté, 24038 San Francisco de Campeche, Camp.",-90.555519,19.817828
Carso Campeche,"Tacubaya 143, 24060 San Francisco de Campeche, Camp.",-90.510797,19.826657
Casa,"C. 2 entre 11 y 9, Samulá, 24090 San Francisco de Campeche, Camp.",-90.53405,19.828229
Casa Amarilla,"C. 55 60, Zona Centro, 24000 San Francisco de Campeche, Camp.",-90.534881,19.842618
Casa Azul,"C. 108, Chiapaneca, 24500 Lerma, Camp.",-90.59593,19.808254
Casa Blanca,"Invasión Esperanza, 24080 San Francisco de Campeche, Camp.",-90.496864,19.835128
CASA BOUTIQUE LUVAN'S,"20 de Noviembre Manzana 7 Lote 13, Burócratas Federales, 24035 San Francisco de Campeche, Camp.",-90.54198,19.831456
Casa Chenera,"Benjamín Romero 23, Cd Concordia, 24085 San Francisco de Campeche, Camp.",-90.496433,19.838839
Casa de Hilos Ropa Artesanal,"Sauces IV 49, Los Sauces, 24090 San Francisco de Campeche, Camp.",-90.527361,19.82771
Casa de la Encarnacion,"Unnamed Road, Fidel Velázquez, 24023 San Francisco de Campeche, Camp.",-90.488014,19.867414
Casa de la Tecnología de Campeche DGETI SECUD,"Av Casa de Justicia 12, Fracciorama 2000, 24090 San Francisco de Campeche, Camp.",-90.530205,19.823515
Casa de las Hojaldras,"Calle Bravo Entre Calle 8, C. 10 Y, Barrio de San Román, 24040 San Francisco de Campeche, Camp.",-90.545422,19.841462
"Casa De Oración, Mi Casa","Av. Maestros Campechanos 303, 24095 San Francisco de Campeche, Camp.",-90.529032,19.807976
Casa de Romina,"Belén Oeste & Andador Las Palmas, Quinta Belem I y II, 24050 San Francisco de Campeche, Camp.",-90.532221,19.832047
"Casa de Zari, Campeche","C. 12 35, Barrio de San Francisco, 24010 San Francisco de Campeche, Camp.",-90.527553,19.849048
Casa del Teniente del Rey,"C. 59 36, Zona Centro, 24000 San Francisco de Campeche, Camp.",-90.536876,19.842711
"Casa Fernandez, Luis E Fernandez","24000 Calle 10 # 262 x 61 Centro Historico, C. 10 262, Zona Centro, 24000 San Francisco de Campeche, Camp.",-90.538818,19.844819
Casa Guerrero,"Calle 12 168, Zona Centro, 24000 San Francisco de Campeche, Camp.",-90.538089,19.844057
Casa Guerrero Hermanos,"C. 18 450, Pensiones, Burócratas Pensiones, 24040 San Francisco de Campeche, Camp.",-90.546181,19.834588
Casa Mineli,"C. 10 171, Barrio de San Francisco, 24010 San Francisco de Campeche, Camp.",-90.527733,19.849816
Casa Nance,"Av Adolfo Ruiz Cortines Local 301 Esq. Enrique Hdez Carvajal, 24040 San Francisco de Campeche, Camp.",-90.557807,19.831873
Casa Pasadía Santa Ana,"Argentina Antes 43 113a, Barrio de Sta Ana, 24050 San Francisco de Campeche, Camp.",-90.52572,19.84123
Casa Rosanna,"C. Rosales 22, Barrio de San Francisco, 24010 San Francisco de Campeche, Camp.",-90.527047,19.850634
Casa San Martín,"Calle 12 117, Barrio de Guadalupe, 24010 San Francisco de Campeche, Camp.",-90.532637,19.846625
Casa San Roman,"C. 12 216A, Barrio de San Román, 24040 De, Camp.",-90.54254,19.841633
Casa Santos Lugo Campeche,"Mza, Francisco Field 6-G1, Francisco Field 6, Área Ah, 24014 San Francisco de Campeche, Camp.",-90.529532,19.853693
Casa Vittoria (Puerta de Tierra),"C. 59, Zona Centro, 24000 San Francisco de Campeche, Camp.",-90.536294,19.841991
Casa Wilma,"C. 59 50, Zona Centro, 24000 San Francisco de Campeche, Camp.",-90.536393,19.841891
Casa Ximbal,"C. Llovizna 73, Fracciorama 2000, 24090 San Francisco de Campeche, Camp.",-90.527919,19.826855
CBTIS 009 GRAL. MANUEL CASTILLA BRITO,"C. Querétaro s/n, Barrio de Sta Ana, 24050 San Francisco de Campeche, Camp.",-90.527377,19.835061
Cd Concordia,"24085 San Francisco de Campeche, Camp.",-90.494073,19.837796
CECATI 160 DGCFT,"Ciriaco Vázquez 96, Barrio de Guadalupe, 24010 San Francisco de Campeche, Camp.",-90.531691,19.845033
CECATI 40 DGCFT,"Av Casa de Justicia 62, Unidad Habitacional, Las Flores, 24090 San Francisco de Campeche, Camp.",-90.528293,19.823689
CECyTEC,"Av. Miguel Alemán Mzn H1 Lotes 15 y 16, Barrio de Guadalupe, 24010 San Francisco de Campeche, Camp.",-90.527403,19.851829
CECyTEC Plantel Campeche,"Prol. de la Av. Circuito Pablo Garcia Oeste s/n y Calle Hector Perez Mtz., Cd Concordia, 24085 San Francisco de Campeche, Camp.",-90.491273,19.831006
Cedis Campeche,"Av Luis Donaldo Colosio Murrieta 14, Barrio de Sta Ana, 24050 San Francisco de Campeche, Camp.",-90.516793,19.839233
Cedis Campeche Galletas Dondé,"Carr. Antigua A Hampolol 94, Palmas III, 24029 San Francisco de Campeche, Camp.",-90.503744,19.864945
Cedis Pepsico Campeche,"24062 San Francisco de Campeche, Camp.",-90.502344,19.794638
Cedis Sabritas - Gamesa Campeche,"Av. Heroe de Nacozari, 24062 San Francisco de Campeche, Camp.",-90.502749,19.795014
Cemento Materiales Y Accesorios Maya,"Av López Portillo 3, Villa Laureles II, 24094 San Francisco de Campeche, Camp.",-90.536907,19.81596
Cementos de Campeche,"Av López Portillo SN, Las Flores, 24097 San Francisco de Campeche, Camp.",-90.507453,19.81384
Cenaduría Portales De San Francisco,"C. 10 No. 86, Barrio de San Francisco, 24010 San Francisco de Campeche, Camp.",-90.523599,19.850671
CENCOLAB Centro de Conciliación Laboral,"San Arturo, 24035 San Francisco de Campeche, Camp.",-90.544697,19.832639
CENDINCHAM,"Av. Heroe de Nacozari 54, Lomas Delicias, 24060 San Francisco de Campeche, Camp.",-90.515593,19.839055
CENTRAL DE ACTUARIOS SEDE CADA DE JUSTICIA,"Priv. Patricio Trueba 179, 24090 San Francisco de Campeche, Camp.",-90.532214,19.824623
Central Mexicana De Servicios Generales De Alcoholicos Anonimos Integrante De Servicios Mundiales De A.A,"C. Coahuila 32, Barrio de Sta Ana, 24050 San Francisco de Campeche, Camp.",-90.531829,19.838647
CENTRAL PVR,"C. Peru 227, Polvorín, 24060 San Francisco de Campeche, Camp.",-90.525336,19.826438
CENTRO ADMINISTRATIVO DE SERVICIOS CAMPECHE,"Av. 16 de Septiembre 112-A, Zona Centro, 24000 San Francisco de Campeche, Camp.",-90.535959,19.847993
CENTRO ANÁHUAC MAYAB CAMPECHE,"Vicente Suárez 72, Miramar, 24030 San Francisco de Campeche, Camp.",-90.562611,19.820387
Centro Comercial Ah Kim Pech,"Barrio de San Francisco, 24014 Lerma, Camp.",-90.536269,19.850544
Centro Comunitario Ampl Polvorin,"C. Niño Artillero, Polvorín (Ampliación), Amp Polvorín, 24060 San Francisco de Campeche, Camp.",-90.51934,19.824233
"Centro Cultural ""El Polvorín""","Polvorín, 24060 San Francisco de Campeche, Camp.",-90.524811,19.827062
Centro Cultural Casa De Los Gobernadores,"24050, Av República 79, Barrio de Sta Ana, San Francisco de Campeche, Camp.",-90.530267,19.839887
Centro Cultural Casa No. 6,"C. 57, Zona Centro, 24000 San Francisco de Campeche, Camp.",-90.53737,19.845594
CENTRO DE ACTIVACION UBER,"Área Ah, 24014 San Francisco de Campeche, Camp.",-90.530351,19.852003
"Centro de Atencion Psicosocial a Niñas, Niños y Adolescentes (CAPANNA)","Av López Mateos 229, Burócratas Pensiones, 24040 San Francisco de Campeche, Camp.",-90.546932,19.833412
CENTRO DE ATENCIÓN AT&T,"Carr. Costera del Golfo, Montecristo, 24044 San Francisco de Campeche, Camp.",-90.554583,19.834187
Centro de Atención Especial Multiple 4,"Av. Concordia, Cd Concordia, 24085 San Francisco de Campeche, Camp.",-90.495449,19.832795
Centro de Atención Múltiple No. 3,"Arturo Shields Cárdenas, Guadalupe, 24010 San Francisco de Campeche, Camp.",-90.530606,19.851273
Centro de Atención Telcel,"Galerias Campeche, Pedro Sainz de Baranda 127, Área Ah, 24014 San Francisco de Campeche, Camp.",-90.52369,19.85641
"Centro de Bachillerato Tecnológico, Industrial y de Servicios Número 9","Centro de Bachillerato Tecnológico, Industrial y de Servicios Núm. 9, C. Querétaro, Barrio de Sta Ana, 24050 San Francisco de Campeche, Camp.",-90.52785,19.834666
CENTRO DE CAPACITACION DEL SURESTE GORSAL,"C. 10 23 A, Barrio de la Ermita, 24020 San Francisco de Campeche, Camp.",-90.518573,19.853617
"Centro De Desarrollo Comunitario, Polvorín","C. Ecuador 20, Polvorín, 24060 San Francisco de Campeche, Camp.",-90.523222,19.827549
Centro de Desarrollo Familiar Comunitario Siglo XXI,"Vivah 2 Etapa, Siglo XXI, 24073 San Francisco de Campeche, Camp.",-90.492904,19.805909
Centro De Diagnostico Mh,"Puebla No. 17, Barrio de Sta Ana, 24050 San Francisco de Campeche, Camp.",-90.535843,19.839577
Centro de Distribución OMNILIFE Campeche,"Plaza Ah Kim Pech, Francisco Field 6-Loc 1, Barrio de San Francisco, 24010 San Francisco de Campeche, Camp.",-90.527519,19.85462
Centro de Distribución PURINA Campeche,"Av. Heroe de Nacozari No. 206, Cuatro Caminos, 24070 San Francisco de Campeche, Camp.",-90.511434,19.8308
Centro de Envío FedEx,"Av. Francisco I. Madero 92, Barrio de San Francisco, 24000 San Francisco de Campeche, Camp.",-90.520979,19.85021
Centro de Estudios Superiores del Sureste,"Av. Resurgimiento 231, Miramar, 24030 San Francisco de Campeche, Camp.",-90.560973,19.830246
Centro De Estudios Tecnológicos Del Mar 02 (CETMAR 02),"Sixto Pérez Cuevas, Zona Sin Asignación de Nombre, 24027 San Francisco de Campeche, Camp.",-90.508586,19.863913
Centro De Igualado Automotriz,"Barrio de San José, 24049 San Francisco de Campeche, Camp.",-90.536664,19.830431
Centro de Justicia Alternativa,"Av López Portillo 292, 24093 San Francisco de Campeche, Camp.",-90.531839,19.81444
Centro de Justicia Alternativa,"Av. Heroe de Nacozari, 24060 San Francisco de Campeche, Camp.",-90.508143,19.818949
Centro De Negocios Globales,"24035, Calle Prol. Allende 3, Burócratas Federales, San Francisco de Campeche, Camp.",-90.540676,19.830804
centro de negocios la Cumbre & Trasciende,"C. 18 380, Barrio de San Román, 24040 San Francisco de Campeche, Camp.",-90.543054,19.836601
Centro de Postres McDonald's,"C. 10 No. 2, Zona Centro, 24000 San Francisco de Campeche, Camp.",-90.536622,19.845577
Centro de Postres McDonald's,"Av. María Lavalle Urbina No.35, Área Ah, 24014 San Francisco de Campeche, Camp.",-90.528879,19.852551
Centro De Rehabilitación Fisica,"Tamaulipas 90, Barrio de Sta Ana, 24050 San Francisco de Campeche, Camp.",-90.527981,19.841973
Centro de Salud,"C. Jalisco 2, Tomás Aznar, 24060 San Francisco de Campeche, Camp.",-90.520333,19.834785
"Centro de Salud ""Dr. Wilberth Escalante Escalante""","C. 10 286 A, Barrio de San Román, 24040 San Francisco de Campeche, Camp.",-90.54111,19.84376
CENTRO DE SALUD DENTAL CAMPECHE,"24050, Av Gobernadores 545, Barrio de Sta Ana, San Francisco de Campeche, Camp.",-90.529995,19.843137
Centro De Salud Division Del Norte,"domicilio conocido, Zona Centro, 24351 San Francisco de Campeche, Camp.",-90.536453,19.843265
Centro de Salud Morelos,"C. Josefa Ortiz de Domínguez S/N, Granjas, 24026 San Francisco de Campeche, Camp.",-90.504377,19.855099
Centro De Salud Municipal Campeche,"C. 65 365, Zona Centro, 24000 San Francisco de Campeche, Camp.",-90.540341,19.843961
Centro De Salud Polvorin,"Sascabera 79, Polvorín (Ampliación), Amp Polvorín, 24060 San Francisco de Campeche, Camp.",-90.521419,19.82626
Centro de Salud Samulá,"C. 19, Samulá, 24090 San Francisco de Campeche, Camp.",-90.548419,19.816008
Centro de Salud Sascalum,"Sascalum, 24095 San Francisco de Campeche, Camp.",-90.536244,19.816265
Centro De Salud Sta Lucia,"Av Alvaro Obregon Por Calle 20 De Noviembre N/A, Pablo García, 24020 San Francisco de Campeche, Camp.",-90.50159,19.844749
Centro de Servicio Autorizado Truper - Campeche Av. Central,"Av. Central Ext 161, Barrio de Sta Ana, 24050 San Francisco de Campeche, Camp.",-90.534812,19.835011
Centro de Servicio LTH - Sucursal Colosio,"Av Luis Donaldo Colosio Murrieta 14, Barrio de Sta Ana, 24050 San Francisco de Campeche, Camp.",-90.51877,19.838285
Centro de servicio Luciano,"24040, Barrio de San José, 24040 San Francisco de Campeche, Camp.",-90.539034,19.838257
Centro de Servicio Madero,"Mango 21, Invasión Esperanza, 24080 San Francisco de Campeche, Camp.",-90.494718,19.834873
CENTRO DE USOS MULTIPLES ELEODORA Y FERNANDO,"14.8 KM CHINA, Los Laureles, 24520 San Francisco de Campeche, Camp.",-90.47749,19.797929
Centro Deportivo Ciudad Concordia,"Eduardo Mena, U. H, Cd Concordia, 24085 San Francisco de Campeche, Camp.",-90.490814,19.837013
Centro Educativo Makarenko,"C. 17 No. 69, Samulá, 24090 San Francisco de Campeche, Camp.",-90.549512,19.818113
Centro Educativo Xail,"Calle Xail No. 10 Colonia Lázaro Cárdena Calle Xail No. 10, Lázaro Cárdenas, 24520 San Francisco de Campeche, Camp.",-90.532356,19.810667
Centro Escolar Adolfo López Mateos S2,"C. 10-B 367B, Barrio de San Román, 24040 San Francisco de Campeche, Camp.",-90.541379,19.842304
Centro Escolar Adolfo López Mateos T.V.,"C. 67-C 6, Barrio de San Román, 24040 San Francisco de Campeche, Camp.",-90.541265,19.842087
CENTRO ESCOLAR MIGUEL HIDALGO,"Fundadores, Barrio de San Francisco, 24010 San Francisco de Campeche, Camp.",-90.52484,19.853572
Centro Escolar Presidente Adolfo Ruiz cortines,"Av República SN, Barrio de Sta Ana, 24050 San Francisco de Campeche, Camp.",-90.526299,19.839787
Centro Estatal de Oncología de Campeche,"Avenida Lázaro Cárdenas No. 208, Las Flores, 24096 San Francisco de Campeche, Camp.",-90.525058,19.817053
"Centro Estatal de Rehabilitación Integral ""Elsa María San Román de Sansores"" (CERI)","Av. Ejército Mexicano, Av. Héroes de Nacozari y Av. Colosio, entre Av. Gobernadores, Barrio de Sta Ana, 24050 San Francisco de Campeche, Camp.",-90.517535,19.840714
Centro Estatal de Rehabilitación Integral de Campeche,"Lotificación San Juan I y II, 24090 San Francisco de Campeche, Camp.",-90.534909,19.830125
Centro Familliar Cristiano Campeche Asambleas de Dios,"Av. Central 141, Barrio de Sta Ana, 24050 San Francisco de Campeche, Camp.",-90.53446,19.832924
"Centro Federal de Conciliación y Registro Laboral, Oficina de Apoyo Estatal de Campeche sede Campeche","Avenida María Lavalle Urbina, manzana J Ah-Kim Pech, municipio de Campeche Estado de Campeche lote 4, Barrio de San Francisco, 24010 San Francisco de Campeche, Camp.",-90.527859,19.854275
Centro INAH Campeche,"C. 59 39, Zona Centro, 24000 San Francisco de Campeche, Camp.",-90.536907,19.842713
Centro integral NF-sport,"Calle Jose Verduzco entre Camargo y talamantes, Barrio de San Román, 24040 San Francisco de Campeche, Camp.",-90.54142,19.839989
Centro Internacional de Convenciones y Exposiciones Campeche XXI,"Av. Malecón, Pedro Sainz de Baranda 219, Área Ah, 24014 San Francisco de Campeche, Camp.",-90.534935,19.850876
Centro Medical Ah-Kim-Pech,"Av. 16 de Septiembre 116, Zona Centro, 24000 San Francisco de Campeche, Camp.",-90.537904,19.846901
CENTRO MEDICO DEL TRANSPORTE,"Centro Médico del Transporte, Av Luis Donaldo Colosio Murrieta 142-Int. 2, Barrio de San José, 24040 San Francisco de Campeche, Camp.",-90.541383,19.832065
Centro Medico Dra. Lucia Bojorquez Internista,"Av Luis Donaldo Colosio Murrieta #258, Barrio de San José, 24040 San Francisco de Campeche, Camp.",-90.538971,19.830913
Centro Médico Campeche Luís Humberto Pérez Tome,"Av Luis Donaldo Colosio Murrieta 258-Interior 5, Barrio de San José, 24040 San Francisco de Campeche, Camp.",-90.538968,19.830922
Centro Médico de Campeche,"Av Luis Donaldo Colosio Murrieta 258, Barrio de San José, 24080 San Francisco de Campeche, Camp.",-90.538968,19.830922
CENTRO MÉDICO DORITA,"C. 101 20, entre 5 y 33, Bellavista, 24020 San Francisco de Campeche, Camp.",-90.516526,19.849901
Centro Médico Estatal de Oftalmología de Campeche,"Calle 14, Residencial Guadalupe 90, Barrio de Guadalupe, 24010 Camp.",-90.532503,19.84499
Centro Odontológico de Campeche Sardent,"Av Gobernadores 195, Aviación, 24070 San Francisco de Campeche, Camp.",-90.511404,19.842318
Centro Público MASC en materia de Justicia Administrativa,"Calle del Palacio y Privada del Duque 15, C. Prol. Av. del Deque, Jardines del Pedregal, 24035 San Francisco de Campeche, Camp.",-90.544723,19.826981
"Centro Radiológico de Campeche CERACAM Ultrasonido, Rayos x, Ozonoterapia","Av Cto Baluartes 155, Barrio de Sta Ana, 24050 San Francisco de Campeche, Camp.",-90.535847,19.8407
Centro Refaccionario De Campeche Sa De Cv,"Av Gobernadores 376, Barrio de Sta Ana, 24010 San Francisco de Campeche, Camp.",-90.522504,19.843181
Centro Regional de Atención a Emergencias CONAGUA,"Calle Zapateros Lote No. 6, Zapateros, San Francisco de Campeche, Camp.",-90.508029,19.811124
Centro Regional de Desarrollo Infantil y Estimulación Temprana CEREDI Campeche,"Av Ejército Mexicano s/n, entre Av. Gobernadores y Av. Héroe de Nacozari, Santa Ana, Barrio de Sta Ana, 24050 San Francisco de Campeche, Camp.",-90.517629,19.840613
Centro Regulador De Urgencias Médicas CRUM,"Revolución, Barrio de Sta Ana, 24060 San Francisco de Campeche, Camp.",-90.518405,19.840095
CENTRO SCT CAMPECHE - Secretaría de Comunicaciones y Transportes,"10-B, Barrio de la Ermita, 24029 San Francisco de Campeche, Camp.",-90.518673,19.856108
Centro Veterinario CANNES,"C. Montecristo 32, Prado, 24035 San Francisco de Campeche, Camp.",-90.548541,19.831727
CEO Group Hotel,"Cto Metropolitano 53, Fracc.Cocoteros, 24010 San Francisco de Campeche, Camp.",-90.519255,19.857904
Ceramat,"Av. Concordia 273, Esperanza, 24080 San Francisco de Campeche, Camp.",-90.498701,19.833584
Ceramat,"Av. Gobernadores 286, Esq, Av. Francisco I. Madero, Barrio de Sta Lucía, 24020 San Francisco de Campeche, Camp.",-90.518464,19.84317
Cervefrio Pancholin,"Barrio de San Francisco, 24035 San Francisco de Campeche, Camp.",-90.55195,19.832552
CESIM UACAM,"Av Patricio Trueba de Regil, Lindavista CTM, 24096 San Francisco de Campeche, Camp.",-90.528931,19.818357
CETEC Campeche - Curso Empresariales,"Calle 61 # 496-AX 56 Y 58, Zona Centro, 97000 Mérida, Yuc.",-90.540442,19.841963
Ceve Campeche,"Av López Portillo 1528, 24062 San Francisco de Campeche, Camp.",-90.509109,19.812971
CF COYOTE,"Leovigildo Gómez, 24050 San Francisco de Campeche, Camp.",-90.525222,19.825834
CFE,"Av Cuauhtémoc 44, Barrio de Sta Lucía, 24050 San Francisco de Campeche, Camp.",-90.516466,19.844889
CFE ALMACEN CAMPECHE,"Av Aviación 84, Aviación, 24070 San Francisco de Campeche, Camp.",-90.510196,19.835508
CFE Almacén Distribución Campeche,"Av. Heroe de Nacozari 260, 24060 San Francisco de Campeche, Camp.",-90.509893,19.825475
CFE Comisión Federal de Electricidad,"Av. Resurgimiento 61, Prado, 24035 San Francisco de Campeche, Camp.",-90.553078,19.835102
Cfe Sub-estación Kala,"Antigua Campeche-mérida, Ex Hacienda San Antonio, 24085 San Francisco de Campeche, Camp.",-90.477402,19.850525
CFE Sucursal Plaza del Mar,"Pedro Sainz de Baranda, Área Ah, 24000 San Francisco de Campeche, Camp.",-90.537409,19.849051
Chanclas Alameda,"Residencial Guadalupe, Barrio de Guadalupe, 24010 San Francisco de Campeche, Camp.",-90.535552,19.840844
Charly,"C. 4-A 2, Lomas de San Rafael, 24099 San Francisco de Campeche, Camp.",-90.537223,19.82398
Chavitos,"Av. Lázaro Cárdenas 1, 24090 San Francisco de Campeche, Camp.",-90.526815,19.822569
CHEDRAUI CAMPECHE VILLATURQUESA,"Avenida Álvaro Obregón. 443 Y ANTIGUA CARRET. A, Av. Antigua Kalá, Barrio de Sta Lucía, 24020 San Francisco de Campeche, Camp.",-90.495557,19.848633
Chedraui Santa Ana,"Av Gobernadores 418, Barrio de Sta Ana, 24010 San Francisco de Campeche, Camp.",-90.524659,19.843801
Cheneros BBQ,"Esmeralda 3, entre Jade y Rubí, San Arturo, Residencial Pedregal I, 24035 San Francisco de Campeche, Camp.",-90.543009,19.83015
Chetumalito Santa Ana,"C. Paraguay número 163, entre jalisco y Querétaro, colonia santa, 24050 San Francisco de Campeche, Camp.",-90.526646,19.836738
Chevrolet Campeche,"Av. Maestros Campechanos 524, Col, Miguel Hidalgo, 24094 San Francisco de Campeche, Camp.",-90.530213,19.810846
Chez Fiore Bakery & Café,"Av. Resurgimiento 135, Lazareto, 24044 San Francisco de Campeche, Camp.",-90.554952,19.83393
Chicharroneria Sagitario,"Agustín Melgar 179, Miguel Hidalgo (Ampliación), Amp Miguel Hidalgo, 24094 San Francisco de Campeche, Camp.",-90.537361,19.811789
Chicharronería El Amigo Pedro,"Campeche China - Hool 730, Centro, 24520 Chiná, Camp.",-90.496165,19.773411
Chicharronería Manolo,"Av. Francisco I. Madero 250, Barrio de Sta Ana, 24010 San Francisco de Campeche, Camp.",-90.519196,19.844179
Chicharronería y carnicería Porky's Jr.,"Enfrente de la cancha techada y atrás del parque, Infonavit justo sierra, C. 17 entre 12y2, El Carmelo, 24070 San Francisco de Campeche, Camp.",-90.50192,19.836781
Chicken to Go,"24050, Belén Sur 21, Quinta Belem I y II, San Francisco de Campeche, Camp.",-90.531497,19.830783
Chilena 59,"Calle 10 #7 Esquina con, 59, 24000 San Francisco de Campeche, Camp.",-90.537952,19.845066
Chiliscus,"C. Lázaro Cárdenas entre paraguay y perú, Parque Residencial la Noria, Barrio de Sta Ana, 24050 San Francisco de Campeche, Camp.",-90.525863,19.834132
Chilligan,"24090, Samulá, 24090 San Francisco de Campeche, Camp.",-90.552139,19.816826
China,"C. 22, Lerma Centro, 24500 San Francisco de Campeche, Camp.",-90.494891,19.769047
Chocol Ha,"C. 59 30, Zona Centro, 24000 San Francisco de Campeche, Camp.",-90.537107,19.843157
Chocolatería de la Mora,"C. 59 327, Zona Centro, 24000 San Francisco de Campeche, Camp.",-90.538004,19.844914
chulerias,"Vicente Guerrero, San Rafael, 24090 San Francisco de Campeche, Camp.",-90.535684,19.82684
Church's Texas Chicken,"Pedro Sainz de Baranda, Área Ah, 24014 San Francisco de Campeche, Camp.",-90.531952,19.854034
Church's Texas Chicken Hospitales,"Av López Portillo 224, 24096 San Francisco de Campeche, Camp.",-90.526201,19.814193
CIAM ISSSTECAM,"Av. Heroe de Nacozari, Lomas Delicias, 24060 San Francisco de Campeche, Camp.",-90.514943,19.838394
CIBanco Campeche Centro,"C. 55 10-Local 5 y 6, Zona Centro, 24000 San Francisco de Campeche, Camp.",-90.536149,19.844858
CIBER Y PAPELERÍA NOTARIA 50,"Calle 65 Núm 365 Altos, Centro Histórico, 24000 San Francisco de Campeche, Camp.",-90.540451,19.843685
CIE CONSULTORES CAMPECHE,"Av Patricio Trueba de Regil, Fracciorama 2000, 24090 San Francisco de Campeche, Camp.",-90.534596,19.829081
Cinépolis,"Pedro Sainz de Baranda 139, Área Ah, 24014 San Francisco de Campeche, Camp.",-90.523315,19.856249
CIRUGÍA GASTROINTESTINAL Adultos y niños,"Av. Lázaro Cárdenas 61, Fracciorama 2000, 24090 San Francisco de Campeche, Camp.",-90.5268,19.828831
CIRUJANO DENTISTA ANGEL SIERRA,"Av López Mateos 104, entre galeana y bravo, Barrio de San Román, 24040 San Francisco de Campeche, Camp.",-90.541581,19.836758
CISSA,"Barrio de San Román, 24040 San Francisco de Campeche, Camp.",-90.544053,19.842216
Citibanamex Campeche,"C. 53 15, Zona Centro, 24000 San Francisco de Campeche, Camp.",-90.535477,19.846025
City Express by Marriott Campeche,"Av. Adolfo Ruiz Cortinez. 12, Fracc. Sector Fundadores, Lote Área, Área Ah, 24028 San Francisco de Campeche, Camp.",-90.533943,19.849392
Ciudad Administrativa,"24095 San Francisco de Campeche, Camp.",-90.520916,19.80503
CJMR Campeche,"C. 47 24, entre 12 y 14, Guadalupe, 24010 San Francisco de Campeche, Camp.",-90.530299,19.846487
Cklass,"calle 49 c y calle 49 b 54, Av. Miguel Alemán, Barrio de Guadalupe, 24010 San Francisco de Campeche, Camp.",-90.534405,19.847786
Clarén - Óptica y Salud Visual,"Av. Central 14, Barrio de San José, 24040 San Francisco de Campeche, Camp.",-90.53626,19.838805
ClauDent Consultorio Dental,"Av. Central 52, Barrio de San José, 24040 San Francisco de Campeche, Camp.",-90.535802,19.837803
Claudia Haaz,"Pedro Sainz de Baranda Local 42, Área Ah, 24014 San Francisco de Campeche, Camp.",-90.537103,19.849372
"Claustro ""Tomás Aznar Barbachano""","C. 10 357, Zona Centro, 24000 San Francisco de Campeche, Camp.",-90.53978,19.843858
Climas Servicios Y Suministros,"Av República 56, Barrio de Sta Ana, 24050 San Francisco de Campeche, Camp.",-90.529382,19.839885
Clinica Borea,"C. 14, Barrio de San Román, 24040 San Francisco de Campeche, Camp.",-90.542191,19.840329
Clinica de Fisioterapia Lionheart,"C. 10 204, Barrio de Guadalupe, 24010 San Francisco de Campeche, Camp.",-90.530232,19.84938
Clinica Dental Can Viana,"And. Las Palmas 119, Palmas I, 24027 San Francisco de Campeche, Camp.",-90.530107,19.83186
CLINICA PRADO DR. JORGE FARFAN. MEDICO PEDIATRA,"Av López Mateos 380, Prado, 24030 San Francisco de Campeche, Camp.",-90.552536,19.8326
Clinica San Fernando,"Calle 12 115, Barrio de Guadalupe, 24010 San Francisco de Campeche, Camp.",-90.532116,19.846819
Clinica UMAFEIP,"C. Pedro Moreno 48 a, Barrio de San José, 24040 San Francisco de Campeche, Camp.",-90.535777,19.831158
"Clinica veterinaria ""club mascota""","AV. LOPEZ MATEOS # 101 ENTRE Y GALEANA, C. Bravo, COL. SANJOSE, 24040 Camp.",-90.541481,19.836481
Clinica Veterinaria Animal City,"24040, C. Altillo 22, Barrio de San José, 24040 San Francisco de Campeche, Camp.",-90.536016,19.832733
Cloe Store Mx,"Calle #53, entre Calle 8 y 10, Supermanzana Histórico, Zona Centro, 24000 San Francisco de Campeche, Camp.",-90.535814,19.846673
CLUB CAMPECHE FITNESS,"C. 106 43A, Barrio de Sta Lucía, 24020 San Francisco de Campeche, Camp.",-90.513766,19.844637
Club De Nutrición The Roses,"Samulá, 24090 San Francisco de Campeche, Camp.",-90.548784,19.821989
Clínica BTC Bio Therapeutic Center,"Av. Central 53-Loc 3, Barrio de Sta Ana, 24050 San Francisco de Campeche, Camp.",-90.535657,19.838329
CLÍNICA CAMPECHE,"Av. Central 65, Barrio de Sta Ana, 24050 San Francisco de Campeche, Camp.",-90.535065,19.837948
Clínica Campeche Doctor José María Sansores Ortíz,"Av. Central 65, Barrio de Sta Ana, 24050 San Francisco de Campeche, Camp.",-90.535081,19.837899
CLÍNICA DE ESTETICA ORAL,"C. 12, Samulá, Kanisté, 24090 San Francisco de Campeche, Camp.",-90.550144,19.824303
Clínica de Odontología Integral Orendain-Berron,"Av. Justo Sierra Méndez 401, Barrio de San Román, 24040 San Francisco de Campeche, Camp.",-90.543837,19.842496
Clínica Dental,"Pirulines, 24520 Chiná, Camp.",-90.497444,19.776097
Clínica Dental Campeche,"Av. Justo Sierra Méndez 401, Barrio de San Román, 24040 San Francisco de Campeche, Camp.",-90.543858,19.842451
Clínica Dental Carey,"Residencial San Francisco, Priv. Balamku Lote 9, 24095 San Francisco de Campeche, Camp.",-90.541108,19.804572
Clínica dental del Golfo,"Zarco, Barrio de San Francisco, 24010 San Francisco de Campeche, Camp.",-90.523171,19.847423
Clínica Dental Gómez,"Av. Miguel Alemán 235, Barrio de la Ermita, 24010 San Francisco de Campeche, Camp.",-90.519798,19.855921
Clínica Dental Mayam,"C. 14 entre Victoria y Aldama, Barrio de San Román, 24040 San Francisco de Campeche, Camp.",-90.54623,19.837396
Clínica Dental Nova - Campeche,"C. 10-B 21, Barrio de la Ermita, 24020 San Francisco de Campeche, Camp.",-90.520904,19.854117
Clínica Dental Santa Ana,"Av República 46, Barrio de Sta Ana, 24050 San Francisco de Campeche, Camp.",-90.5268,19.839684
Clínica Dental Suárez,"Barrio de Sta Ana, 24050 San Francisco de Campeche, Camp.",-90.522201,19.84315
Clínica Dental “ Dra. Erika Matu “,"Av. Francisco I. Madero 95, entre 10 y 10-b, Barrio de la Ermita, 24010 San Francisco de Campeche, Camp.",-90.521499,19.851375
CLÍNICA DRA. IVONNE FIGUEROA DERMA,"Nevada 1, Fracciorama 2000, 24090 San Francisco de Campeche, Camp.",-90.534518,19.829663
Clínica Fairy Dental,"Circuito, Belén Sur Fraccionamiento, entre calle Belén Oeste y Ciruelos, San Juan, 24050 San Francisco de Campeche, Camp.",-90.53223,19.830806
Clínica Fortaleza,"24050, Barrio de Sta Ana, 24050 San Francisco de Campeche, Camp.",-90.528748,19.834817
Clínica Hospital Dr. Patricio Trueba de Regil,"C. 7 30, Miramar, 24030 San Francisco de Campeche, Camp.",-90.563932,19.82604
CLÍNICA MARÍN CAMPECHE,"C. Costa Rica 120, entre QUERETARO Y NUEVO LEON, Barrio de Sta Ana, 24050 San Francisco de Campeche, Camp.",-90.532681,19.837028
Clínica Miau,"C. 5 15, La Vista, Samulá, 24090 San Francisco de Campeche, Camp.",-90.547419,19.823467
Clínica Oftalmológica La Luz • Oftalmólogos,"C. Granizo 16, Fracciorama 2000, 24090 San Francisco de Campeche, Camp.",-90.527149,19.826177
Clínica San José,"Av López Mateos 227-planta Alta, Barrio de San José, 24040 San Francisco de Campeche, Camp.",-90.546557,19.833521
Clínica Veterinaria Campeche (CVC),"Av. Hidalgo, Escalera 69, Aviación, 24070 San Francisco de Campeche, Camp.",-90.511804,19.840051
CLÍNICA VETERINARIA DR PET’S,"a una cuadra de bodega aurre, Av Gobernadores, Barrio de Sta Lucía, 24020 San Francisco de Campeche, Camp.",-90.509932,19.842533
Clínica Veterinaria RANGEL,"Eugenio MZ 1 LT 2, Quinta Los Españoles, Quinta de Los Españoles, 24070 San Francisco de Campeche, Camp.",-90.502212,19.835345
COBRANZA ALTERNATIVA Y SOLUCIONES EN ADEUDOS,"Priv. Coahuila 25, Barrio de Sta Ana, 24050 San Francisco de Campeche, Camp.",-90.525868,19.837701
Cochitaco Taquerías,"Lotificación Villa Jazmín, 24090 San Francisco de Campeche, Camp.",-90.526628,19.832523
"Cocina ""La Olla""","Av. Álvaro Obregón 291, Barrio de Sta Lucía, 24080 San Francisco de Campeche, Camp.",-90.503428,19.843745
Cocina Concordia,"Pablo García Norte 206, Cd Concordia, 24085 San Francisco de Campeche, Camp.",-90.490993,19.838943
COCINA DE SOSA,"Av. Francisco I. Madero 212, Barrio de San Francisco, 24010 San Francisco de Campeche, Camp.",-90.519555,19.846547
COCINA ECONOMICA KI-HANA,"De La Gobernadores 103-A, Barrio de Sta Lucía, 24020 San Francisco de Campeche, Camp.",-90.5064,19.84198
Cocina Economica Mama Magui,"C. 5 6-7, Bellavista, 24020 San Francisco de Campeche, Camp.",-90.51612,19.84906
Cocina económica,"C. Monte de los Olivos 19-Y, Leovigildo Gómez, 24060 San Francisco de Campeche, Camp.",-90.516598,19.822588
Cocina Económica Comunitaria,"Av Gobernadores 193, Aviación, 24070 San Francisco de Campeche, Camp.",-90.511319,19.842277
Cocina Económica Doña Juanita,"Av. Central 142, Barrio de San José, 24040 San Francisco de Campeche, Camp.",-90.534982,19.833692
Cocina Económica Eduardo´s,"Corte 20, Amp Polvorín II, 24060 San Francisco de Campeche, Camp.",-90.52357,19.824387
COCINA ECONÓMICA y ANTOJITOS IRMA,"Av. Concordia 279-B, Concordia (Ampliación, 24085 San Francisco de Campeche, Camp.",-90.499327,19.833913
Cocina Económica y Antojitos RAQUEL MARIA,"Dzibilnochac Mz 7 Lt 18, Unidad y Trabajo, 24088 San Francisco de Campeche, Camp.",-90.493293,19.853239
Cocina Italiana Roma,"Av López Portillo 135, Tepeyac, 24096 San Francisco de Campeche, Camp.",-90.540344,19.820656
Cocina Maco's,"24088, Av. Jaina 72, Unidad y Trabajo, 24088 San Francisco de Campeche, Camp.",-90.493064,19.855114
Cocina Rosmary,"Av López Portillo 9, Las Flores, 24097 San Francisco de Campeche, Camp.",-90.524743,19.814202
"COFAM, Santa Lucía","C. 104, Bellavista, 24024 San Francisco de Campeche, Camp.",-90.515392,19.849824
Coffee RUAH,"C. 10, Barrio de San Francisco, 24010 San Francisco de Campeche, Camp.",-90.524164,19.850993
COFFEE STATION,"Av Luis Donaldo Colosio Murrieta 38, Barrio de Sta Ana, 24050 San Francisco de Campeche, Camp.",-90.520295,19.837196
COFOPECAM,"Av. Héroe de Nacozari, No. 472 Bis, Carr. Federal Planta Alta, entre Av. Petroleros y libramiento, Sector Las Flores, 24520 San Francisco de Campeche, Camp.",-90.504972,19.805159
Cokteleria LA OSTRA,"Gustavo Díaz Ordaz, Barrio de la Ermita, 24020 San Francisco de Campeche, Camp.",-90.517916,19.857835
Colchones Y Muebles,"C. 55 67, Zona Centro, 24010 San Francisco de Campeche, Camp.",-90.53509,19.842813
Colchones Y Muebles De Campeche,"C. 57 13, Zona Centro, 24000 San Francisco de Campeche, Camp.",-90.536579,19.844144
"Colchones y Muebles de Campeche, S.A. de C.V.","Av. Francisco I. Madero No. 184, Barrio de San Francisco, 24010 San Francisco de Campeche, Camp.",-90.519813,19.847046
Colegio ...,"C. Bravo 8, Barrio de San Román, 24040 San Francisco de Campeche, Camp.",-90.54499,19.841035
Colegio Benemerito de Las America,"C. 108 18, Amp Bellavista, 24020 San Francisco de Campeche, Camp.",-90.511249,19.853169
COLEGIO CAMPECHE,"Av. Lázaro Cárdenas 48, Las Flores, 24097 San Francisco de Campeche, Camp.",-90.526602,19.822729
COLEGIO DE CIRUJANOS DENTISTAS DE CAMPECHE A.C.,"Av Gobernadores, Villa del Río, Barrio de Sta Ana, 24010 San Francisco de Campeche, Camp.",-90.517485,19.84301
Colegio del Golfo de Campeche,"Calle 12 145, Zona Centro, 24000 San Francisco de Campeche, Camp.",-90.534853,19.845428
Colegio Forum,"Solidaridad, Solidaridad Urbana, 24060 San Francisco de Campeche, Camp.",-90.525359,19.818728
Colegio forum de las américas,"Av. Maestros Campechanos 556, Multunchac, 24095 San Francisco de Campeche, Camp.",-90.529862,19.808277
Colegio Guadalupe Victoria,"Avenida Revolución 318 Por, Segunda Priv. de la Avenida Revolución 318, Barrio de Sta Ana, 24050 San Francisco de Campeche, Camp.",-90.518874,19.840713
Colegio Jean Piaget,"C. 10 18-18-A, Barrio de la Ermita, 24020 San Francisco de Campeche, Camp.",-90.518921,19.853357
Colegio Leones,"Calle 12 170, Zona Centro, 24000 San Francisco de Campeche, Camp.",-90.538525,19.843822
"COLEGIO LIBERTADOR DE AMÉRICA ""SIMÓN BOLÍVAR""","Calle Pedregal Mz 4 Lt 24, por Perú y Acción Nacional, Ampliación Polvorín, 24060 San Francisco de Campeche, Camp.",-90.526177,19.824827
Colegio Luis Pasteur,"295, Av Gobernadores, Huanal, 24070 San Francisco de Campeche, Camp.",-90.514337,19.842567
Colegio Paidos Campeche,"C. Justo Sierra 6, Pensiones, 24040 San Francisco de Campeche, Camp.",-90.548057,19.834671
Colegio Particular Alfred Binet,"C. 20 número 35, Barrio de San José, 24040 San Francisco de Campeche, Camp.",-90.538199,19.838455
Colegio Particular Miguel Hidalgo,"Av. López Mateos No. 337 Col. Prado, Av López Mateos, Bosques de Campeche, 24030 San Francisco de Campeche, Camp.",-90.552726,19.832243
Colegio Peques,"24010, C. 39-A 32, Barrio de San Francisco, San Francisco de Campeche, Camp.",-90.522546,19.846839
Colegio Profesional de Campeche,"Calle 51 #10C entre 8 y 10, C. 51 10, Zona Centro, 24000 San Francisco de Campeche, Camp.",-90.534737,19.846669
Colegio Universitario Internacional Baluartes,"C. 107 16, Mártires de Río Blanco, 24024 San Francisco de Campeche, Camp.",-90.513766,19.848963
Colibrijes Campeche,"Circuito, Belén Oeste 18, Lotificación Villa Tulipanes, 24050 San Francisco de Campeche, Camp.",-90.533481,19.833091
Colonia esperanza,"C. 10 Manzana 10 Lote 10, Invasión Esperanza, 24080 San Francisco de Campeche, Camp.",-90.494385,19.835074
COMA,"Av Patricio Trueba de Regil, Fracciorama 2000, 24090 San Francisco de Campeche, Camp.",-90.534071,19.826093
"COMERCIAL AH-KIM-PECH,S A DE C.V","Av Adolfo Ruiz Cortinez 18-Planta Baja, Área Ah, 24014 San Francisco de Campeche, Camp.",-90.535193,19.849279
COMERCIAL DON LUIS,"C. 20 61, Barrio de San José, 24040 San Francisco de Campeche, Camp.",-90.542605,19.835324
Comercial Roshfrans Campeche,"Calle Veracruz No 274 Col, Héroe de Nacozari, San Francisco de Campeche, Camp.",-90.514095,19.836653
"Comercializadora ""LOS NIETOS""","C. 18 24030, Prado, 24030 San Francisco de Campeche, Camp.",-90.549541,19.829655
COMERCIALIZADORA Adrizol,"Av Gobernadores 518, Barrio de Sta Ana, 24050 San Francisco de Campeche, Camp.",-90.529657,19.843436
Comercializadora Amanecer,"Manuel Ávila Camacho 13, Miguel Hidalgo (Ampliación), Amp Miguel Hidalgo, 24094 San Francisco de Campeche, Camp.",-90.535167,19.811917
COMERCIALIZADORA BAHIA,"Av López Mateos 182, Barrio de San Román, 24040 San Francisco de Campeche, Camp.",-90.544024,19.835488
"COMERCIALIZADORA FERRETERA ""LA LUPITA""","C. 18 Depto. 4 A, Zona Centro, 24000 San Francisco de Campeche, Camp.",-90.533494,19.842827
Comercializadora Ingenieria y Servicios JLB,"Kikab 21, Solidaridad Urbana, 24060 San Francisco de Campeche, Camp.",-90.522751,19.820105
Comercializadora y Exportadora de Campeche SAPI,"C. 22 14, Barrio de San José, 24040 San Francisco de Campeche, Camp.",-90.539391,19.835864
Comercializadora y Materiales La Ria,"Av. Francisco I. Madero 52, Barrio de la Ermita, 24020 San Francisco de Campeche, Camp.",-90.52172,19.851796
Comercializadora Y Multiservicios Taydemar2010,"24035, Av Luis Donaldo Colosio Murrieta 27, Invasión San Arturo, San Francisco de Campeche, Camp.",-90.544154,19.832879
"Comercializadora, Seguros y Servicios Abreu","Temporal 54, Fracciorama 2000, 24090 San Francisco de Campeche, Camp.",-90.530344,19.829021
Comercidora marina del sureste,"Calle 10b #38a / ahkimpech y, Cantera, Barrio de la Ermita, 24020 San Francisco de Campeche, Camp.",-90.520009,19.852837
Comex Alhambra,"Av Luis Donaldo Colosio Murrieta 3141, Montecristo, 24044 San Francisco de Campeche, Camp.",-90.553513,19.833034
Comida Casera Amelia,"Calle Mercedes 10, San Arturo, 24035 San Francisco de Campeche, Camp.",-90.542991,19.826937
COMIDA CHINA EL JEFE,"Quinta Manzana 40 Lote 71, Siglo XXI, 24073 San Francisco de Campeche, Camp.",-90.494271,19.810059
Comida China Restaurant El Navegante,"Av. Justo Sierra Méndez S/N, Barrio de San Román, 24040 San Francisco de Campeche, Camp.",-90.544845,19.841967
Comida China Shanghai expres,"Mega Comercial, Av. Central 91-12, Barrio de Sta Ana, 24050 San Francisco de Campeche, Camp.",-90.534555,19.837892
Comida china Taiwan,"Av Patricio Trueba de Regil 131, San Rafael, 24090 San Francisco de Campeche, Camp.",-90.534987,19.829006
Comida Y Antojitos La Consentida,"Av. Central 199, Barrio de Sta Ana, 24050 San Francisco de Campeche, Camp.",-90.534623,19.836789
COMISARIA EJIDAL DE CHINA.,"C. 22 155, Centro, 24520 Chiná, Camp.",-90.495332,19.769102
Comisaría de Lerma,"C. 20 360, Kila, 24500 Lerma, Camp.",-90.605904,19.794559
Comision De Forestacion,"Av Luis Donaldo Colosio Murrieta 56, Barrio de Sta Ana, 24050 San Francisco de Campeche, Camp.",-90.534781,19.830375
COMISION NACIONAL FORESTAL CAMPECHE,"C. Republica del Salvador 85B, Barrio de Sta Ana, 24050 San Francisco de Campeche, Camp.",-90.533537,19.836661
Comisión local de búsqueda de personas del estado de Campeche,"Av López Mateos 263, Prado, 24035 San Francisco de Campeche, Camp.",-90.549417,19.832369
Comisión Nacional para el Desarrollo de los Pueblos Indígenas,"Manuel Álvarez 46-11, Barrio de San Román, 24040 San Francisco de Campeche, Camp.",-90.542647,19.843847
Compartamos Banco,"Av. Lázaro Cárdenas S/N-local numero 3, Flor de Limón, 24069 San Francisco de Campeche, Camp.",-90.526461,19.832368
Compartamos Banco,"Av Gobernadores 478, Barrio de Sta Ana, 24050 San Francisco de Campeche, Camp.",-90.52754,19.843418
Compartamos Banco,"Ciriaco Vázquez 93, Guadalupe, Barrio de Guadalupe, 24010 San Francisco de Campeche, Camp.",-90.531856,19.843959
"Complejo Cultural ""El Mirador""","C. 108 entre Calle José Medina Maldonado y Ricardo Ávila Briceño, Bellavista (Ampliación), El Tumbó, 24026 San Francisco de Campeche, Camp.",-90.507912,19.858365
"CONALEP 020 ""Lic. Guillermo González Galera""","Av. Maestros Campechanos, Multunchac, 24095 San Francisco de Campeche, Camp.",-90.530032,19.805006
Concretos Asfalticos de Campeche,"Av Adolfo Ruiz Cortinez, Barrio de San Román, 24040 San Francisco de Campeche, Camp.",-90.542275,19.845031
Congregación Nacional Presbiteriana,"C. Querétaro 18, Barrio de Sta Ana, 24050 San Francisco de Campeche, Camp.",-90.530131,19.835537
Consejo Coordinador Empresarial de Campeche,"Arturo Shields Cárdenas, Área Ah, 24014 San Francisco de Campeche, Camp.",-90.531013,19.851703
Consejo Estatal de Población de Campeche,"Av Adolfo Ruiz Cortinez 71B, Barrio de San Román, 24040 San Francisco de Campeche, Camp.",-90.513377,19.861519
CONSORCIO LEGAL E&A,"José María Morelos 112, Granjas, 24026 San Francisco de Campeche, Camp.",-90.505077,19.852368
CONST,"7 de Noviembre 14a, Héroe de Nacozari, 24070 San Francisco de Campeche, Camp.",-90.510743,19.831329
Constru Oreza,"Av Gobernadores 127, Barrio de Sta Lucía, 24020 San Francisco de Campeche, Camp.",-90.507731,19.841933
Constru Oreza,"Av Hidalgo 146, Huanal, 24070 San Francisco de Campeche, Camp.",-90.512208,19.840228
Constru Oreza,"Av. Maestros Campechanos 341, Las Flores, 24097 San Francisco de Campeche, Camp.",-90.529367,19.813465
Constru Oreza,"Av. Siglo XXI No. 10 entre calle cuarta y, C. Sexta, Siglo XXI, 24073 San Francisco de Campeche, Camp.",-90.493618,19.813143
Constru Oreza,"Av. Concordia 80, Cd Concordia, 24085 San Francisco de Campeche, Camp.",-90.495131,19.832525
Construcciones y Servicios Especializados CEREM,"Calle Prol. Allende 56, entre Av. López Mateos y Calle 20, Barrio de San José, 24040 San Francisco de Campeche, Camp.",-90.542946,19.835447
Construcción A,"Zona Centro, 24000 San Francisco de Campeche, Camp.",-90.536865,19.844649
Construcción de Artefactos de Cemento en General,"C. 108, San Joaquín, 24020 San Francisco de Campeche, Camp.",-90.512855,19.84864
Constructora del mar de campeche,"Av. Maestros Campechanos 461, 24090 San Francisco de Campeche, Camp.",-90.526001,19.80187
ConstruJAR,"C. Belem entre sinai y tulipanes, Leovigildo Gómez, 24060 San Francisco de Campeche, Camp.",-90.514424,19.820984
Construmateriales Colosio,"Av Luis Donaldo Colosio Murrieta 75, Barrio de Sta Ana, 24060 San Francisco de Campeche, Camp.",-90.520082,19.837019
Construrama Acerimat Campeche,"Av. Álvaro Obregón, Barrio de Sta Lucía, 24020 San Francisco de Campeche, Camp.",-90.497265,19.846217
Construrama Ferretera Castillo,"LOTE, Calle Vicente Guerrero Manzana 3, Miguel Hidalgo (Ampliación), Amp Miguel Hidalgo, 24094 San Francisco de Campeche, Camp.",-90.536995,19.812327
Construrama PROMEXMA Campeche,"Con Carretera A Chiná, Av López Portillo S/N, Héroe de Nacozari, 24085 San Francisco de Campeche, Camp.",-90.507877,19.814322
CONSTRUYA,"C. DécimaCuarta, Vivah 2 Etapa, Siglo XXI, 24085 San Francisco de Campeche, Camp.",-90.494348,19.80689
Consultores Profesionales Corporativos,"Av 2000 14, Fracciorama 2000, 24090 San Francisco de Campeche, Camp.",-90.534424,19.82873
Consultorio,"C. Costa Rica 12, Barrio de Sta Ana, 24050 San Francisco de Campeche, Camp.",-90.532663,19.837034
CONSULTORIO,"CALLE 21 No 10 esq. con calle 2, Samulá, 24090 San Francisco de Campeche, Camp.",-90.544686,19.813941
Consultorio de Medicia Interna Doctor Julio Luis Hang,"C. 51 38, Zona Centro, 24000 San Francisco de Campeche, Camp.",-90.533688,19.845078
CONSULTORIO DE ODONTOLOGÍA INTEGRAL DE CAMPECHE,"C. 10, Pablo García, 24080 San Francisco de Campeche, Camp.",-90.505105,19.849203
Consultorio de Orientacion Medica: Esperanza,"C. Mandarina entre Jimbal y Tamarindo, Flor de Limón, 24069 San Francisco de Campeche, Camp.",-90.524399,19.828871
Consultorio de Ortodoncia Dra. Anaiexin Maya Garcia,"Av Casa de Justicia #29-LOCAL 5, Fracciorama 2000, 24090 San Francisco de Campeche, Camp.",-90.530032,19.824581
CONSULTORIO DEL DR. LUIS FERNANDO MEDINA BLUM,"C. 10 5, Barrio de San Francisco, 24010 San Francisco de Campeche, Camp.",-90.522544,19.850613
Consultorio dental,"Av. Central 84, Barrio de Sta Ana, 24040 San Francisco de Campeche, Camp.",-90.535476,19.836667
Consultorio Dental,"3 de la C. 18, Lázaro Cárdenas, 24060 San Francisco de Campeche, Camp.",-90.523091,19.81513
Consultorio Dental Anedcali,"Av López Mateos 70, entre Pedro Moreno y Galeana, Barrio de San Román, 24040 San Francisco de Campeche, Camp.",-90.540142,19.837563
Consultorio dental Castillo C,"Av. Álvaro Obregón 245, Barrio de Sta Lucía, 24020 San Francisco de Campeche, Camp.",-90.507182,19.844703
Consultorio Dental Dr. Jose Francisco Reyes Mosqueda,"Avenida Lazaro Cárdenas, Plaza Las Flores, Entre Violetas Y Gardenias, Lomas de las Flores II, 24060 San Francisco de Campeche, Camp.",-90.523072,19.815109
Consultorio Dental Dra Erandy Silva,"Avenida Edzná 21, 24085 Campeche Camp., México, Kalá, 24085 San Francisco de Campeche, Camp.",-90.491423,19.852722
CONSULTORIO DENTAL Dra. Maria Luisa Cortez Esquivel,"Chihuahua, Barrio de Sta Ana, 24050 San Francisco de Campeche, Camp.",-90.532327,19.841687
Consultorio Dental Dra. Patricia Uc Ríos,"Av. Concordia 267, Hacienda Santa María, 24080 San Francisco de Campeche, Camp.",-90.500906,19.834641
Consultorio dental keradent,"C. Plata entre grafito y calcita, Minas, 24026 San Francisco de Campeche, Camp.",-90.496219,19.862174
CONSULTORIO DENTAL MAY,"Av Gobernadores 361, entre CUBA Y HECELCHACANILLO, Barrio de Sta Ana, 24050 San Francisco de Campeche, Camp.",-90.520909,19.842858
Consultorio dental NAH,"24050, Barrio de Sta Ana, 24050 San Francisco de Campeche, Camp.",-90.519527,19.839457
Consultorio Dental Pereyra Enseñat,"Ciriaco Vázquez 85, Guadalupe, Barrio de Guadalupe, 24010 San Francisco de Campeche, Camp.",-90.531487,19.844679
Consultorio Dental Rejón,"Av Gobernadores 436, Barrio de Sta Ana, 24010 San Francisco de Campeche, Camp.",-90.525316,19.843363
Consultorio Dental Rejón (Huayita),"Avenida Gobernadores #92 Entre avenida aviación y, C. 116, Barrio de Sta Lucía, 24020 San Francisco de Campeche, Camp.",-90.507198,19.842326
Consultorio dental Shining smile,"Av. Concordia local 2, Hacienda Santa María, 24070 San Francisco de Campeche, Camp.",-90.501299,19.834857
Consultorio Dental Wong,"C. Paraguay 138, Santa Ana, Barrio de Sta Ana, 24050 San Francisco de Campeche, Camp.",-90.526605,19.83723
CONSULTORIO MEDICO,"Juan de La Barrera, Miguel Hidalgo (Ampliación), Amp Miguel Hidalgo, 24094 San Francisco de Campeche, Camp.",-90.537998,19.81161
Consultorio medico,"C. 104 79, entre 106 y 108, Barrio de Sta Lucía, 24020 San Francisco de Campeche, Camp.",-90.514217,19.843926
"consultorio medico ""BELLAVISTA""","C. Abelardo Carrillo Zavala 45, Bellavista (Ampliación), Amp Bellavista, 24020 San Francisco de Campeche, Camp.",-90.511196,19.856146
Consultorio Medico CMC,"Calle 110 45, Bellavista, San Francisco de Campeche, Camp.",-90.511196,19.856146
Consultorio Médico,"C. 20, Kanisté, 24038 San Francisco de Campeche, Camp.",-90.554964,19.816721
Consultorio Médico,"Av. Francisco I. Madero 244-Interior 7, Barrio de Sta Ana, 24010 San Francisco de Campeche, Camp.",-90.519135,19.84401
Consultorio Médico,"C. Justo Sierra 2 A, Barrio de San Román, 24040 San Francisco de Campeche, Camp.",-90.54929,19.835555
"Consultorio Médico ,Ginecología y Obstetricia","Av. Lázaro Cárdenas Manzana 2-Número 5, Área Ah, 24097 San Francisco de Campeche, Camp.",-90.531908,19.850817
Consultorio médico Dr. Miguel Á. Sosa García,"C. Peru 211, entre casamata y leovigildo gomez, Polvorín (Ampliación), Polvorín, 24060 San Francisco de Campeche, Camp.",-90.525247,19.826604
Consultorio Médico Dra. Ariana Sauri,"C. Ciricote 2, Flor de Limón, 24069 San Francisco de Campeche, Camp.",-90.525596,19.83151
CONSULTORIO MÉDICO Dra. ESTHER CAUICH RODRIGUEZ HOMEÓPATIA Y MEDICINA GENERAL MAS DE 40 AÑOS EN CAMPECHE EGRESADA DEL IPN,"C. 110 35, Barrio de Sta Lucía, 24020 San Francisco de Campeche, Camp.",-90.512793,19.843838
Consultorio Médico MARVI,"C. Montecristo 14, Montecristo, 24040 San Francisco de Campeche, Camp.",-90.549918,19.834542
Consultorio Médico Renovando tu Salud-Medicina Interna,"C. 14 84, Guadalupe, Barrio de Guadalupe, 24010 San Francisco de Campeche, Camp.",-90.531378,19.845773
Consultorio Médico Sano Mx,"C. Costa Rica 120, entre Coahuila y Nuevo León, Barrio de Sta Ana, 24050 San Francisco de Campeche, Camp.",-90.532729,19.837483
Consultorio Psicopedagogico,"C. 45 46, Barrio de San Francisco, 24010 San Francisco de Campeche, Camp.",-90.527559,19.846665
Consultorio Rodriguez,"Antigua Campeche-mérida, Hacienda San Antonio, 24087 San Francisco de Campeche, Camp.",-90.483242,19.851947
Consultorio Santa Mónica,"Av. Lázaro Cárdenas 61, Valle del Sol, 24090 San Francisco de Campeche, Camp.",-90.526843,19.827992
Consultorio Sta LUCIA,"Argentina Antes 43 135C, Barrio de Sta Ana, 24050 San Francisco de Campeche, Camp.",-90.526107,19.839322
Consultorio traumatologia y ortopedia,"24000, Zona Centro, 24000 San Francisco de Campeche, Camp.",-90.533876,19.846095
Consultorio Veterinario,"Av. Concordia, Cd Concordia, 24085 San Francisco de Campeche, Camp.",-90.495732,19.832272
Consultorio Veterinario,"C. 108 76, San Joaquín, 24020 San Francisco de Campeche, Camp.",-90.512925,19.848213
Consultorio Veterinario Aaron Ake,"C. José Castellot 31, Cd Concordia, 24085 San Francisco de Campeche, Camp.",-90.490382,19.834594
Consultorio Veterinario Santiago,"Av Hidalgo 2-32, Aviación, 24070 San Francisco de Campeche, Camp.",-90.513077,19.84159
Consultorios,"C. 20 & C. Bravo, Barrio de San José, 24040 San Francisco de Campeche, Camp.",-90.541558,19.835915
Consultorios de Medicina Especializada del Sector Privado,"C. 16 417, Barrio de San Román, 24040 San Francisco de Campeche, Camp.",-90.540693,19.839545
Consultorios dentales del Sector Privado,"Av República 140, Barrio de Sta Ana, 24050 San Francisco de Campeche, Camp.",-90.532861,19.840594
Consultorios dentales del Sector Privado,"C. 57 1-Interior 1, Zona Centro, 24000 San Francisco de Campeche, Camp.",-90.536971,19.84529
Consultorios La Paz,"Av Tormenta, Las Flores, 24097 San Francisco de Campeche, Camp.",-90.530846,19.823833
Consultorios Médicos,"Avenida Agustín 9, Bosques de Campeche, 24030 San Francisco de Campeche, Camp.",-90.555708,19.829159
CONSULTORÍA APA,"#40 entre 12 y 14, C. Bravo, Barrio de San Román, 24040 San Francisco de Campeche, Camp.",-90.543799,19.839343
Consultoría Legal Integral C&F,"C. Prol. Av. del Deque 33, Jardines del Pedregal, 24035 San Francisco de Campeche, Camp.",-90.544396,19.827145
Consultoría y Servicios Integrales S. A. S. Campeche,"Esquina con, Calle Kikab, Calle Pocyaxum 27, Solidaridad Urbana, 24060 San Francisco de Campeche, Camp.",-90.522623,19.820361
"Consultoría, Servicios Empresariales y Organizacionales","3, 16, PLANTA ALTA, El Carmelo, 24075 San Francisco de Campeche, Camp.",-90.506612,19.838644
Consumibles y Servicios de Campeche,"Av. Francisco I. Madero 86, Barrio de San Francisco, 24010 San Francisco de Campeche, Camp.",-90.521434,19.850578
CONTRIBUMATICO SEAFI ( Servicio de Administración Fiscal del Estado de Campeche ),"Av. Antigua Kalá 443, Barrio de Sta Lucía, 24020 San Francisco de Campeche, Camp.",-90.495742,19.848712
Coodinación Estatal Oportunidades,"Av. 16 de Septiembre SN, Zona Centro, 24000 San Francisco de Campeche, Camp.",-90.539594,19.846817
Coordinación de Drenajes del Municipio de Campeche,"24010, C. 14 59B, Barrio de San Francisco, San Francisco de Campeche, Camp.",-90.526531,19.847705
Coordinación Escuelas De Tiempo Completo,"Av López Portillo 42, Samulá, 24090 San Francisco de Campeche, Camp.",-90.548959,19.826449
Coordinación Programa Escuelas de Tiempo Completo,"Av Tormenta 10, Las Flores, 24097 San Francisco de Campeche, Camp.",-90.530594,19.82372
COP ESTAFETA MEXICANA,"Petroleros Lote NO-6, 24070 San Francisco de Campeche, Camp.",-90.509207,19.810784
cope campeche,"Av. Cuauhtémoc, Barrio de Sta Ana, 24050 San Francisco de Campeche, Camp.",-90.516001,19.843774
Coppel Calle 10,"C. 10 325, Zona Centro, 24000 San Francisco de Campeche, Camp.",-90.537558,19.844925
Coppel Canada Calle 53,"C. 53 17, Zona Centro, 24000 San Francisco de Campeche, Camp.",-90.53526,19.845843
Coppel Motos Campeche,"Av Gobernadores 437-437, Barrio de Sta Ana, 24050 San Francisco de Campeche, Camp.",-90.525228,19.843036
Coppel San Rafael,"Av Patricio Trueba de Regil 306, entre Calle Vicente Guerrero y Calle 6, Amp San Rafael, 24090 San Francisco de Campeche, Camp.",-90.534322,19.825424
Coppel Selem,"Calle 12 7, Zona Centro, 24000 San Francisco de Campeche, Camp.",-90.536602,19.844547
Copy-Todo,"C. Ecuador, Polvorín, 24060 San Francisco de Campeche, Camp.",-90.523443,19.828025
CORAMINA,"Av López Portillo 275-Loc 8, Las Flores, 24097 San Francisco de Campeche, Camp.",-90.526336,19.814744
Corazón Contento,"C. Paraguay 136, Barrio de Sta Ana, 24050 San Francisco de Campeche, Camp.",-90.526607,19.837463
Corporativo EMCAT,"Av. Concordia 20, Esperanza, 24080 San Francisco de Campeche, Camp.",-90.49762,19.831766
Corporativo Ges,"Av Adolfo Ruiz Cortinez 112, Barrio de San Román, 24040 San Francisco de Campeche, Camp.",-90.542923,19.84395
CORPORATIVO ORDOÑEZ,"FRENTE A CONSTRUOREZA, Siglo XXI 11C-LOCAL 9, Siglo XXI, 24073 San Francisco de Campeche, Camp.",-90.492965,19.813191
Corporativo Siga,"Narciso Mendoza 19, Barrio de San José, 24040 San Francisco de Campeche, Camp.",-90.538872,19.833547
"Correos de México / Alfredo V. Bonfil, Camp.","7, Int. 1-B, Alfredo V. Bonfil, 24571 San Francisco de Campeche, Camp.",-90.520907,19.81865
"Correos de México / Campeche, Camp.","Av. 16 de Septiembre X 53 112-A X, Zona Centro, 24003 San Francisco de Campeche, Camp.",-90.536178,19.847818
"Correos de México / Santa Ana, Camp.","C. Coahuila 97, Barrio de Sta Ana, 24050 San Francisco de Campeche, Camp.",-90.52596,19.839002
Cosas diversas,"Calle 12 108-C, Zona Centro, 24000 San Francisco de Campeche, Camp.",-90.533891,19.846108
"Costilleria ""Al Paso Si Hay""","Av López Portillo 42, Samulá, 24090 San Francisco de Campeche, Camp.",-90.549412,19.826411
COTAIPEC,"Avenida Heroe de Nacozari 220, Ampliacion 4 caminos, 24070 San Francisco de Campeche, Camp.",-90.511101,19.829688
CPS Campeche,"Av, Av. Maestros Campechanos 355-local 11, Multunchac, San Francisco de Campeche, Camp.",-90.529299,19.810922
CR Office,"Av. Heroe de Nacozari S/N, La Paz, 24050 San Francisco de Campeche, Camp.",-90.51583,19.839247
Crazy Boy's Moda Urbana,"C. 53 31, Zona Centro, 24000 San Francisco de Campeche, Camp.",-90.534749,19.844595
CREAART playeras,"Calle 8 num 73 a Entre 23 y 25 ,col, Pablo García, 24080 San Francisco de Campeche, Camp.",-90.506308,19.847491
Credicapital Campeche,"24000, C. 57 84, Zona Centro, San Francisco de Campeche, Camp.",-90.535406,19.841811
CREDIGANAS,"Av. Central 117-Loc 1, Barrio de Sta Ana, 24050 San Francisco de Campeche, Camp.",-90.534766,19.835067
CREDIVIVE,"Barrio de San Román, 24040 San Francisco de Campeche, Camp.",-90.541516,19.84129
CreN,"C. Prolong. Bravo 75, entre Flamboyanes y San Diego, Tepeyac, 24096 San Francisco de Campeche, Camp.",-90.535862,19.818184
Crispa,"Av. Francisco I. Madero 228, Barrio de San Francisco, 24010 San Francisco de Campeche, Camp.",-90.519244,19.844984
CRISSANTA CAFÉ,"Av López Portillo 292-6A, Zona Sin Asignación de Nombre, 24094 San Francisco de Campeche, Camp.",-90.53158,19.814397
Cristo negro,"C. 10 346, Barrio de San Román, 24040 San Francisco de Campeche, Camp.",-90.544303,19.841527
Cristy,"Chihuahua 8, Barrio de Sta Ana, 24050 San Francisco de Campeche, Camp.",-90.533182,19.84125
Crossfit Iron Box,"Av Tormenta 10, Residencial, 24097 San Francisco de Campeche, Camp.",-90.530669,19.823903
Crossfit Punto 45,"C. 45 Chile, Barrio de Sta Ana, 24050 San Francisco de Campeche, Camp.",-90.526812,19.839744
Crédito Familiar,"C. 53 58, entre 14 y 16, Zona Centro, 24000 San Francisco de Campeche, Camp.",-90.534182,19.843298
Crédito Si,"Av. República No. 5 privada del, Heroico Colegio Militar, Barrio de Sta Ana, 24050 San Francisco de Campeche, Camp.",-90.533594,19.839949
CS,"24040, CENTRO, 24050 San Francisco de Campeche, Camp.",-90.508548,19.847455
CS Polarizados Campeche,"Colosio y Altillo 200A, Av. Central 200A, Barrio de San José, 24040 San Francisco de Campeche, Camp.",-90.535091,19.831084
CuasiParroquia San Juan Diego,"24073 Campeche, San Francisco de Campeche, Siglo XXI, Vivah 1 Etapa, Vigésima Cuarta, CuasiParroquia San Juan Diego",-90.490659,19.801027
Cuidado Con El Perro,"Pedro Sainz de Baranda S / N-222, Área Ah, 24014 San Francisco de Campeche, Camp.",-90.523211,19.856886
Cuidado Con el Perro Campeche,"C. 10 240, Zona Centro, 24000 San Francisco de Campeche, Camp.",-90.536116,19.845656
"Cukitime Miscelánea,Abarrotes & Más","C. 14, Barrio de la Ermita, 24020 San Francisco de Campeche, Camp.",-90.518131,19.848825
CUME Centro Universitario Metropolitano de Campeche,"Av. Central 117, Barrio de Sta Ana, 24050 San Francisco de Campeche, Camp.",-90.534724,19.835009
D NORA GYM,"C. 5 Este 3, Cd Concordia, 24085 San Francisco de Campeche, Camp.",-90.489874,19.838275
D'Charito,"C. Querétaro 1A, Barrio de Sta Ana, 24050 San Francisco de Campeche, Camp.",-90.534595,19.836355
Da Rika,"Av Casa de Justicia, 24099 San Francisco de Campeche, Camp.",-90.532823,19.823671
Dairy Queen Galerias Campeche,"Pedro Sainz de Baranda 139, Área Ah, 24014 San Francisco de Campeche, Camp.",-90.522386,19.856822
DALTON,"Av República 136, Barrio de Sta Ana, 24050 San Francisco de Campeche, Camp.",-90.532719,19.840581
Daniel,"Nevada 1, Fracciorama 2000, 24090 San Francisco de Campeche, Camp.",-90.53449,19.829596
David mecánico niko,"C. 4 1A, Samulá, 24094 San Francisco de Campeche, Camp.",-90.546734,19.812026
DAYTONA,"Av Luis Donaldo Colosio Murrieta 8-A, Barrio de San José, 24040 San Francisco de Campeche, Camp.",-90.545382,19.832902
De La Resurrección,"Avenida Universidad, Bosques de Campeche, 24030 San Francisco de Campeche, Camp.",-90.554263,19.830873
Defensoría Pública,"C. Niebla 2, Fracciorama 2000, 24090 San Francisco de Campeche, Camp.",-90.533832,19.827864
Delegacion Estatal del ISSSTE,"Av. María Lavalle Urbina 28, Área Ah, 24014 San Francisco de Campeche, Camp.",-90.528398,19.853729
DeliExpress,"Calle Oaxaca, Yucatán, Fidel Velázquez, 24023 San Francisco de Campeche, Camp.",-90.491324,19.868759
DENT TEC Sucursal Campeche,"C. Victoria 54, Barrio de San José, 24040 San Francisco de Campeche, Camp.",-90.545215,19.834257
DENTAL CLINIC,"con, Calle altillo s/n, C. Galeana esquina, Barrio de San José, 24040 San Francisco de Campeche, Camp.",-90.537637,19.832598
Dental Clinic,"C. 11 4, Bellavista (Ampliación), Amp Bellavista, 24020 San Francisco de Campeche, Camp.",-90.505216,19.855348
Dental Clinic KM,"C. 20 6, Kanisté, 24038 San Francisco de Campeche, Camp.",-90.55547,19.815083
Dental Glezco,"Av. Luis Donaldo Colosio Murrieta S/N entre Calle Ciruelos y Circuito Belén Local 7 altos, San Antonio, Belen de las Flores, 24050 Ciudad de México, Camp.",-90.532406,19.830313
Dental López Dentista,"Av Gobernadores 504, Barrio de Sta Ana, 24010 San Francisco de Campeche, Camp.",-90.52889,19.843429
Dental MM,"Av Patricio Trueba de Regil 456, Zona Sin Asignación de Nombre, 24095 San Francisco de Campeche, Camp.",-90.530278,19.819254
Dental Más – Sucursal Campeche,"Av Gobernadores 545, Barrio de Sta Ana, 24050 San Francisco de Campeche, Camp.",-90.530002,19.843158
Dental Novelo,"Av. Lazaro Cardenas #23 Local 3 Fracc. Lomas de las flores. San Francisco de Campeche Campeche., Camp.",-90.524565,19.817166
Dental Pablo García,"Av Gobernadores 17, Esperanza, 24080 San Francisco de Campeche, Camp.",-90.503168,19.84323
Dental Prado,"Av López Mateos 380, Prado, 24030 San Francisco de Campeche, Camp.",-90.552549,19.832591
Dental Rivera,"C. Coahuila 147 A, entre Ecuador y Panama, Barrio de Sta Ana, 24050 San Francisco de Campeche, Camp.",-90.522503,19.838381
dental san,"Vicente Guerrero 56, colo, Emiliano Zapata, 24020 San Francisco de Campeche, Camp.",-90.509307,19.853281
Dental Santisbon,"Av López Portillo 398, Lomas de las Flores II, 24097 San Francisco de Campeche, Camp.",-90.520119,19.814941
Dental Spa,"Ascencio 24040, entre calle 10 y calle 12, Barrio de San Román, 24040 San Francisco de Campeche, Camp.",-90.547108,19.839415
Dental Studio Campeche. Dentista en Campeche,"Plaza condesa Local 7, Av, Av. Maestros Campechanos, 24094 San Francisco de Campeche, Camp.",-90.52931,19.811393
Dental4All | Clínica Dental: Endodoncia y Ortodoncia en Campeche,"Calle 1, Tixmucuy 11, 24060 San Francisco de Campeche, Camp.",-90.518083,19.818903
"Dentalie, Odontología Integral","Becan 8, Unidad y Trabajo, 24088 San Francisco de Campeche, Camp.",-90.493213,19.852065
Dentalife Campeche,"Av López Mateos 189, Barrio de San Román, 24040 San Francisco de Campeche, Camp.",-90.538883,19.839045
Dentista,"Av. Jaina 1, Unidad y Trabajo, 24088 San Francisco de Campeche, Camp.",-90.493147,19.854841
DENTISTA - Grupo Médico Pablo García,"Avenida Jaina Num. Ext. 1, Manzana 12, entre andador Labna y andador Sayil, Unidad y Trabajo, 24088 San Francisco de Campeche, Camp.",-90.493158,19.854872
Dentista Dr. Francisco Reyes,"Frente a farmacia Guadalajara, Av José López Portillo 208 planta baja esquina con, Iturbide, Ignacio Zaragoza, 24098 San Francisco de Campeche, Camp.",-90.538207,19.81769
DENTISTA Dr. Ricardo Rosado,"Av. Central 194, Barrio de San José, 24040 San Francisco de Campeche, Camp.",-90.535052,19.831376
Dentista Dra. Ana Ramírez,"Ignacio Ayala N6A, Barrio de San José, 24040 San Francisco de Campeche, Camp.",-90.536565,19.838403
Dentista Odontología Familiar y Estética Campeche,"C 107 entre 106 y 108, Mártires de Río Blanco, 24024 San Francisco de Campeche, Camp.",-90.514276,19.849356
Dentista Yelitza Palma,"Puebla #17, Barrio de Sta Ana, 24050 San Francisco de Campeche, Camp.",-90.535843,19.839577
Dents Medic,"Pedro Sainz de Baranda, Solidaridad Nacional, 24025 San Francisco de Campeche, Camp.",-90.512163,19.864287
Departamento cerca de hospitales,"24097 San Francisco de Campeche, Camp.",-90.53025,19.823179
Departamento de Preparatoria Abierta,"Av Casa de Justicia SN, 24090 San Francisco de Campeche, Camp.",-90.530713,19.824174
Departamentos Ah Kin Pech,"Manzana 2 Lote 8, Villas de Ah Kim Pech, 24028 San Francisco de Campeche, Camp.",-90.516366,19.86072
Departamentos Puertas De La Ria.,"Av. Francisco I. Madero 137, Barrio de la Ermita, 24020 San Francisco de Campeche, Camp.",-90.520244,19.849831
Deportes Faisal,"Azteca 3, Tomás Aznar, 24060 San Francisco de Campeche, Camp.",-90.523392,19.834086
Desarrollo Integral de la Familia,"Calle 10 No. 584, Centro Histórico, 24000 San Francisco de Campeche, Camp.",-90.55008,19.824366
despacho,"C. Nicaragua, Barrio de Sta Ana, 24050 San Francisco de Campeche, Camp.",-90.530906,19.836232
Despacho Juridico JONATHAN CANCHE Y ASOCS,"24050, Chihuahua 2, Barrio de Sta Ana, San Francisco de Campeche, Camp.",-90.531929,19.842048
Despacho jurídico Mijangos y asociados,"Calle 12, Residencial Guadalupe 94B, Barrio de Guadalupe, 24010 Camp.",-90.531721,19.847198
Despacho Jurídico Molina y Asociados,"Av Luis Donaldo Colosio Murrieta & Calle Prolongacion Abasolo, San Arturo, 24035 San Francisco de Campeche, Camp.",-90.545972,19.832669
Detalles que Encantan,"C. 20 143, entre Victoria y abasolo, San Arturo, Barrio de San José, 24040 San Francisco de Campeche, Camp.",-90.545517,19.831892
Devlyn Campeche Chedraui,"Av. Gobernadores 418 Loc 5,6 Y, Barrio de Sta Ana, 24050 San Francisco de Campeche, Camp.",-90.524908,19.844197
Devlyn Coppel Blvd Patricio Trueba Campeche,"Av Patricio Trueba de Regil 306, Rinconada, Samulá, 24090 San Francisco de Campeche, Camp.",-90.534322,19.825424
Devlyn Galerías Campeche,"Pedro Sainz de Baranda 136-Loc 116, Área Ah, 24014 San Francisco de Campeche, Camp.",-90.522744,19.857001
DHL bodega,"Av. Heroe de Nacozari, 24060 San Francisco de Campeche, Camp.",-90.50991,19.825306
DHL Express Service Point (CAMPECHE),"Av López Portillo 28-Locales 1 Y 2, Samulá, Kanisté, 24038 San Francisco de Campeche, Camp.",-90.551559,19.826307
DHL Express Service Point (GOBERNADORES),"Av Gobernadores 388, Pablo García y Montilla, Barrio de Sta Ana, 24050 San Francisco de Campeche, Camp.",-90.522865,19.843285
DHL Express Service Point (PLAZA FUNDADORES),"Av. María Lavalle Urbina 13-Local 2, Área Ah, 24014 San Francisco de Campeche, Camp.",-90.527527,19.85352
Dice estilo de vida,"Av. Cto. Baluartes 65-200 a, Zona Centro, 24000 San Francisco de Campeche, Camp.",-90.539254,19.841032
Diconsa campeche lerma,"C. 35 6, Tomás Aznar, 24060 San Francisco de Campeche, Camp.",-90.518083,19.835642
DICONSA TIENDA BIENESTAR HEROES DE NACOZARI,"24070, Héroe de Nacozari, 24070 San Francisco de Campeche, Camp.",-90.507508,19.829181
Didacti K,"C. Talamantes 9, Barrio de San Román, 24040 San Francisco de Campeche, Camp.",-90.540736,19.840995
"DIF - CENTRO COMUNITARIO ""VICENTE GUERRERO""","Final de La Prol. Montecristo, San Arturo, Vicente Guerrero, 24035 San Francisco de Campeche, Camp.",-90.54631,19.830314
DIMASUR Campeche (Distribuidor de Maquinaria del Sur),"Av. Heroe de Nacozari 258, Col. Sector las flores, 24097 San Francisco de Campeche, Camp.",-90.509473,19.823208
Dimoelectro,"24085, C. Octava 23, Siglo XXI, San Francisco de Campeche, Camp.",-90.494327,19.810947
Dipral - Productos de limpieza,"C. 105-E 12, Huanal, 24070 San Francisco de Campeche, Camp.",-90.51304,19.840516
Direccion de Emprendimiendo del H. Ayuntamiento,"Argentina Antes 43, Barrio de Sta Ana, 24050 San Francisco de Campeche, Camp.",-90.525981,19.839744
Direccion de Emprendimiento,"Nevada 17, Fracciorama 2000, 24090 San Francisco de Campeche, Camp.",-90.533647,19.829762
DIRECCIÓN DE CONTROL NOTARIAL,"Calle 12 164, Zona Centro, 24000 San Francisco de Campeche, Camp.",-90.538024,19.844287
DIRECCIÓN DE DEPORTES,"C. Granizo 102, Fracciorama 2000, 24090 San Francisco de Campeche, Camp.",-90.528471,19.826156
Dirección de los Talleres Gráficos del Estado,"C. Niebla 2, Fracciorama 2000, 24090 San Francisco de Campeche, Camp.",-90.533925,19.827968
Dirección de Obras Publicas y Desarrollo Urbano del H. Ayuntamiento de Campeche.,"C. 53, Zona Centro, 24000 San Francisco de Campeche, Camp.",-90.536506,19.84827
Dirección de Planeación y Proyectos de Inversión Pública Productiva,"Av López Portillo 228, Sascalum, 24094 San Francisco de Campeche, Camp.",-90.537353,19.8166
Dirección del Registro del Estado Civil en Campeche,"Av. Maestros Campechanos N° 568 Sector, Multunchac, 24096 San Francisco de Campeche, Camp.",-90.528604,19.806363
DISPASA,"Av. Maestros Campechanos, Multunchac, 24500 San Francisco de Campeche, Camp.",-90.528976,19.807821
Distribuidor Autorizado telcel,"Av Cto Baluartes 598-B, Barrio de Sta Ana, 24050 San Francisco de Campeche, Camp.",-90.532224,19.842738
Distribuidor STIHL autorizado,"Av Gobernadores #383, Barrio de Sta Ana, 24050 San Francisco de Campeche, Camp.",-90.522229,19.842908
Distribuidora de Suministros,"Avenida Patricio Trueba de Regil 508, San Rafael, 24090 San Francisco de Campeche, Camp.",-90.533017,19.8234
Distribuidora Eléctrica del Sureste,"Av. María Lavalle Urbina 12-Depto D, entre Av. Joaquín Clausell y Ricardo Castillo Oliver, Área Ah, 24014 San Francisco de Campeche, Camp.",-90.529153,19.853366
Distribuidora EMJO Campeche,"Av Gobernadores 383, Barrio de Sta Ana, 24050 San Francisco de Campeche, Camp.",-90.522231,19.842913
DISTRIBUIDORA MATOZ,"C. Jalisco 13 A, entre av. Colosio y Ecuador, Barrio de Sta Ana, 24050 San Francisco de Campeche, Camp.",-90.522657,19.836664
Distribuidora y Servicios Sahui,"Av. Lázaro Cárdenas 99-Loc 3, Plaza Palmetos, 24060 San Francisco de Campeche, Camp.",-90.526556,19.825435
Distrito 002 Sagarpa Campeche,"Barrio de San José, 24040 San Francisco de Campeche, Camp.",-90.541567,19.838775
Doctor Cristian Álvarez Especialista en Familia a Domicilio,"C. Narciso Manzana 63 Lote 6, Jardines, 24060 San Francisco de Campeche, Camp.",-90.518397,19.826932
DOCTOR DIAGNOSTICO GOBERNADORES,"Av Gobernadores 391A, entre Venezuela y Ecuador, Barrio de Sta Ana, 24050 San Francisco de Campeche, Camp.",-90.523036,19.842929
DOCTOR DIAGNÓSTICO,"Av López Mateos 211-Loc 2, Barrio de San José, 24040 San Francisco de Campeche, Camp.",-90.546052,19.833876
Doctor Enseñat Rodríguez Andres C.d.,"Ciriaco Vázquez 85, Barrio de Guadalupe, 24010 San Francisco de Campeche, Camp.",-90.53138,19.844922
Doctor José Manuel Pech Ramírez,"C. 49 24, Barrio de Guadalupe, 24000 San Francisco de Campeche, Camp.",-90.530933,19.845471
Doctor Raúl Quintero Soriano,"Av. Central 65, Barrio de Sta Ana, 24050 San Francisco de Campeche, Camp.",-90.535081,19.837899
Domino's Campeche Villa Del Río,"Av. Francisco I. Madero 1, Villa del Río, Barrio de Sta Ana, 24010 San Francisco de Campeche, Camp.",-90.518998,19.845378
Domino's Fracciorama Campeche,"Av Patricio Trueba de Regil S/N, Fracciorama 2000, 24090 San Francisco de Campeche, Camp.",-90.534678,19.829947
Domitila Cevallos,"Guadalupe Victoria, Miguel Hidalgo (Ampliación), Miguel Hidalgo, 24094 San Francisco de Campeche, Camp.",-90.534991,19.813471
Domo de Lerma,"C. 20, Lerma Centro, 24500 Lerma, Camp.",-90.601314,19.806446
DON NACHO,"C. Victoria, Burócratas Pensiones, 24035 San Francisco de Campeche, Camp.",-90.545638,19.834739
Doña Emma,"Av Patricio Trueba de Regil 274-A, Tepeyac, 24096 San Francisco de Campeche, Camp.",-90.532792,19.82304
Dr César Sosa Juárez - Clínica Campeche,"Av. Central 65, Barrio de Sta Ana, 24050 San Francisco de Campeche, Camp.",-90.534984,19.838108
Dr. Ah Kim Pech,"C. Montecristo 6b, Barrio de San Román, 24030 San Francisco de Campeche, Camp.",-90.550146,19.836011
Dr. Carlos E. Juárez López,"Edificio Especialidades Médicas de Campeche, Av Central 23-B Consultorio No 3, Av. Central, Barrio de Sta Ana, 24050 San Francisco de Campeche, Camp.",-90.535995,19.839335
"Dr. Cesar Sosa Juarez, Ortopedista / Traumatologia / Columna","Planta Alta, Av. Central 65, Clinica Campeche Edificio C, Consultorio 6, 24050 San Francisco de Campeche, Camp.",-90.534887,19.83806
Dr. Francisco Alberto Pérez Que,"Río San Pedro 26, Villa del Río, Barrio de Sta Ana, 24010 San Francisco de Campeche, Camp.",-90.517705,19.845088
Dr. Félix Padilla Lara,"Av Gobernadores 569, Barrio de Sta Ana, 24050 San Francisco de Campeche, Camp.",-90.531046,19.843096
"Dr. Jimmy García Galdamez | Oftalmólogo en San Francisco de Campeche, Campeche","Av. Central 91-Loc 003, entre CALLE TRUJANO Y CALLE QUERÉTARO, Barrio de Sta Ana, 24050 San Francisco de Campeche, Camp.",-90.53503,19.837642
DR. LLITERAS,"Av. Central 103, Barrio de Sta Ana, 24050 San Francisco de Campeche, Camp.",-90.534892,19.835923
"Dr. Manuel Alfonso Hernández Pérez, Urólogo","Av Luis Donaldo Colosio Murrieta 258, Barrio de San José, 24460 San Francisco de Campeche, Camp.",-90.538971,19.830921
Dr. Martín Arturo Ambrosio Herrera,"Av Luis Donaldo Colosio Murrieta 258-Consultorio 18, Barrio de San José, 24040 San Francisco de Campeche, Camp.",-90.53904,19.831053
"Dr. Rodrigo Rosado Canto, Internista nefrólogo","Avenida Central 65, Clínica, Av. Central 65, Barrio de Sta Ana, 24050 San Francisco de Campeche, Camp.",-90.535051,19.837947
Dr. Román A. Zetina Pereyra,"CALLE CIRIACO VAZQUEZ ENTRE CALLE 12 Y 14 COLONIA, Guadalupe, 24010 San Francisco de Campeche, Camp.",-90.531208,19.845792
DRA MIRIAM VERA ACOSTA,"C. 65 #8, Zona Centro, 24000 San Francisco de Campeche, Camp.",-90.540271,19.843287
Dra. Amairany Gonzalez Rodriguez,"C. 12 300, entre C. Prolongación Abasolo y Pipila, Barrio de San Román, 24040 San Francisco de Campeche, Camp.",-90.548839,19.837336
DRA. ANA LAURA GARCÍA SEGURA OTORRINOLARINGOLOGÍA,"Av. Maestros Campechanos 582 Sector, Multunchac, 24095 San Francisco de Campeche, Camp.",-90.527091,19.803641
"Dra. Anaiexin Maya García, Dentista - Odontólogo","Av López Portillo 292, 24093 San Francisco de Campeche, Camp.",-90.531518,19.814387
"Dra. Blanca Fabiola Faisal Cahuich, Dentista - Odontólogo","Av. Adolfo Lopez Mateos, Av López Mateos 227-planta Alta, Barrio de San José, 24040 San Francisco de Campeche, Camp.",-90.546538,19.833603
Dra. Carolina Ramos Villafuerte,"Juárez 16-Interior 4, Barrio de Guadalupe, 24010 San Francisco de Campeche, Camp.",-90.533332,19.848653
"Dra. Jeanette Álvarez Mena Brito, Oftalmólogo","Av Luis Donaldo Colosio Murrieta 321-Loc 4, San Rafael, 24090 San Francisco de Campeche, Camp.",-90.539597,19.83076
"Dra. Kathya Peralta, Médico general","C. 104 79, Barrio de Sta Lucía, 24020 San Francisco de Campeche, Camp.",-90.514217,19.843926
"Dracom Bebidas,Insumos Y Servicios","C. Costa Rica, Barrio de Sta Ana, 24050 San Francisco de Campeche, Camp.",-90.532503,19.840149
DREA STUDIO,"C. 101 entre 104 Y 5, barrio de STA Lucia, 24020 San Francisco de Campeche, Camp.",-90.51576,19.849613
Dribella,"24096 San Francisco de Campeche, Camp.",-90.525726,19.814985
Dulce y Antojoso,"C. 4 600, Samulá, 24090 San Francisco de Campeche, Camp.",-90.543662,19.821431
Dulces Detalles,"Av Luis Donaldo Colosio Murrieta 4, Barrio de San José, 24040 San Francisco de Campeche, Camp.",-90.535362,19.83023
Dársena de San Francisco,"Área Ah, 24014 San Francisco de Campeche, Camp.",-90.522976,19.855331
Eclipse,"C. 53 39, Zona Centro, 24000 San Francisco de Campeche, Camp.",-90.534549,19.844278
Eco Clean,"Av. Concordia 5, Kalá II, 24085 San Francisco de Campeche, Camp.",-90.489767,19.839428
"Eco-Reciclaje de Campeche, SA de CV","Campeche China - Hool mza. 1-lote 4, Tinto, 24520 Chiná, Camp.",-90.499145,19.783146
ECO-RUPAC,"Jazmín 10b, Jardines, 24060 San Francisco de Campeche, Camp.",-90.51723,19.8311
EconÓptic,"C. 55 70A, Zona Centro, 24000 San Francisco de Campeche, Camp.",-90.534641,19.842171
Ecosec plus,"Mega Soriana, Av. Central 91-Loc 4 y 5, Barrio de Sta Ana, 24050 San Francisco de Campeche, Camp.",-90.534787,19.837581
"Edificio ""B"" SEDUC""","Av López Portillo 42, Samulá, 24090 San Francisco de Campeche, Camp.",-90.549005,19.826497
Edificio 303,"Zona Centro, 24000 San Francisco de Campeche, Camp.",-90.539443,19.844965
Edificio Campeche,"C. 10 345, Zona Centro, 24000 San Francisco de Campeche, Camp.",-90.538265,19.845447
Edificio IPIC,"C. 16 316, Zona Centro, 24000 San Francisco de Campeche, Camp.",-90.533753,19.843345
"Edificio Municipal de Campeche, H. Ayuntamiento de Campeche","Calle 8 325, Zona Centro, 24000 San Francisco de Campeche, Camp.",-90.539742,19.84495
EDUCEM CAMPECHE 2,"Calle 8 197, Zona Centro, 24000 San Francisco de Campeche, Camp.",-90.538763,19.845308
Edushop,"C. Galilea 97, Leovigildo Gómez, 24060 San Francisco de Campeche, Camp.",-90.512916,19.819593
Efe Salón Campeche,"C. E 1, Lindavista CTM, 24096 San Francisco de Campeche, Camp.",-90.525639,19.818339
Eh! Loteria,"Av Luis Donaldo Colosio Murrieta 158, Barrio de San José, 24040 San Francisco de Campeche, Camp.",-90.54297,19.832709
EKI ABARROTES SAN JOSE,"C. Galeana 96, Barrio de San José, 24040 San Francisco de Campeche, Camp.",-90.539543,19.835261
El acuario de Fidel,"Av. Solidaridad Nacional 33, Fidel Velázquez, 24023 San Francisco de Campeche, Camp.",-90.493031,19.870239
EL ANGELITO,"C. 14 240, Barrio de San Román, 24040 San Francisco de Campeche, Camp.",-90.545799,19.837912
El Atascón Campeche,"C. 103, Mártires de Río Blanco, 24024 San Francisco de Campeche, Camp.",-90.513868,19.848432
El Bastión de Campeche,"C. 57 2A, Zona Centro, 24000 San Francisco de Campeche, Camp.",-90.537532,19.845936
El Borregaso,"Perif. Pablo García y Montilla 2186, Internacional Ingeneiro Alberto Acuña Ongay, 24520 San Francisco de Campeche, Camp.",-90.500928,19.792475
El Cacito,"Av. Lázaro Cárdenas entre Montebello y Paraguay, Solidaridad Urbana, 24060 San Francisco de Campeche, Camp.",-90.524358,19.816799
El Café de Andromeda,"Manguitos 15, San Juan 1 Belén, 24050 San Francisco de Campeche, Camp.",-90.533946,19.83062
El Camarón Cansado,"Gustavo Díaz Ordaz 183, Camino Real, 24020 San Francisco de Campeche, Camp.",-90.518091,19.857631
El Capitán,"C. 12, Barrio de San Román, 24040 San Francisco de Campeche, Camp.",-90.541834,19.841826
El Chef Derich,"C. 51, Zona Centro, 24000 San Francisco de Campeche, Camp.",-90.533969,19.845613
El Chilango,"Av Gobernadores 521, Barrio de Sta Ana, 24050 San Francisco de Campeche, Camp.",-90.528864,19.843164
El Chile Gordo,"C. 12 33, Barrio de San Francisco, 24010 San Francisco de Campeche, Camp.",-90.527428,19.849032
El cielo del cafe,"a unos metros de la clínica Campeche, plaza central, Av. Central, Trujano 45-local #7, Barrio de Sta Ana, 24050 San Francisco de Campeche, Camp.",-90.53566,19.838524
El Comalito,"C. Querétaro 166, De Santa Ana, 24050 San Francisco de Campeche, Camp.",-90.534221,19.836073
El costillazo !LAS COSTILLAS COMO SON!,"Av. Concordia 203, El Carmelo, 24070 San Francisco de Campeche, Camp.",-90.504565,19.83644
EL CUÑADO,"Batallón MZA 4 LTE 19, Leovigildo Gómez, 24060 San Francisco de Campeche, Camp.",-90.514939,19.823524
El Encinar,"Nuevo León 43A, Barrio de Sta Ana, 24050 De, Camp.",-90.530856,19.837732
El Fogon de la Abuela,"Gral. Martin Carrera Manzana 4 Lote 5, fraccionamiento reforma, 24088 Campche, Camp.",-90.490107,19.863215
El Gallo Truck,"Av. Heroe de Nacozari, 24062 San Francisco de Campeche, Camp.",-90.504388,19.803195
El Gran Poder,"C. Veracruz, Barrio de Sta Ana, 24050 San Francisco de Campeche, Camp.",-90.521431,19.839995
El Hidalguense Productos Lácteos Lopez Portillo,"Av López Portillo Manzana 3 Lote 14, Miguel Hidalgo (Ampliación), Miguel Hidalgo, 24094 San Francisco de Campeche, Camp.",-90.536567,19.81562
EL HOGAR CAMPECHANO,"C. 55 54, Zona Centro, 24000 San Francisco de Campeche, Camp.",-90.534894,19.842936
El Hornito,"C. 14 46A, Barrio de San Francisco, 24010 San Francisco de Campeche, Camp.",-90.523499,19.847884
El Jarocho,"Bravo-a 1, Barrio de San Román, 24040 San Francisco de Campeche, Camp.",-90.544101,19.841389
El Jarocho Carnicerías,"Av Gobernadores 487, Barrio de Sta Ana, 24050 San Francisco de Campeche, Camp.",-90.527952,19.843119
EL JEFE DE JEFES Birria de Res,"Av Luis Donaldo Colosio Murrieta, La Victoria, Tomás Aznar, 24060 San Francisco de Campeche, Camp.",-90.526025,19.832932
EL KOREANO,"Calle Nicaragua # 47 A entre Queretaro y , Nuevo León BarrioSanta, 24050 San Francisco de Campeche, Camp.",-90.530666,19.836321
El Langostino,"C. 10-B No. 4, Barrio de la Ermita, 24020 San Francisco de Campeche, Camp.",-90.519235,19.856042
EL LEÑADOR BARBERSHOP,"Los Laureles 12, Foviste Belén, Barrio de Sta Ana, 24050 San Francisco de Campeche, Camp.",-90.530424,19.830541
El llenete,"Los Mangos 32, Quinta Belem I y II, 24050 San Francisco de Campeche, Camp.",-90.531486,19.832925
El Malecón Campeche,"Av. Resurgimiento 137-int B, Lazareto, 24030 San Francisco de Campeche, Camp.",-90.556015,19.833214
El Mannak,"número 176, calle 108 y 110, Avenida Álvaro Obregón, Barrio de Sta Lucía, 24020 San Francisco de Campeche, Camp.",-90.512795,19.845478
El Mirador,"Tomas Aznar Cano, Esperanza, 24085 San Francisco de Campeche, Camp.",-90.495292,19.840716
El Niplito Campeche,"Av. José López Portillo #224 esq, C. 2-B Col, Samulá, 24000 San Francisco de Campeche, Camp.",-90.541752,19.82158
El Niplito Campeche 2,"por, Av. Circuito Constitución, C. 27 Lote 27, Peña, 24089 San Francisco de Campeche, Camp.",-90.497325,19.848703
El Niño Olvidado,"Parque del Niño Olvidado, Av López Portillo, Miguel Hidalgo, 24094 San Francisco de Campeche, Camp.",-90.536233,19.815068
El NORTEÑO,"Av López Portillo 10, Adolfo López Mateos, 24036 San Francisco de Campeche, Camp.",-90.546057,19.826199
El Ostionsito,"Gustavo Díaz Ordaz 191, Barrio de la Ermita, 24020 San Francisco de Campeche, Camp.",-90.518391,19.857564
El Pargo,"Pedro Sainz de Baranda 1, San Miguel, 24027 San Francisco de Campeche, Camp.",-90.510758,19.865225
El Pastor Suizo Campeche,"Av López Mateos 113, entre Allende y, C. Bravo, Barrio de San José, 24040 San Francisco de Campeche, Camp.",-90.542067,19.836199
El Pez Conde,"Carretera Costera del Golfo, Pedro Sainz de Baranda s/n, 24014 San Francisco de Campeche, Camp.",-90.51154,19.864684
El Polvorín,"Calle Segunda Del Niño Artillero 122, Polvorín, 24060 San Francisco de Campeche, Camp.",-90.523992,19.827687
El Portón Panuchos Yucatecos,"C. Flamboyán 3, Las Flores, 24097 San Francisco de Campeche, Camp.",-90.529572,19.823829
El puentecito Materiales para la construcción,"C. 10, Barrio de San Francisco, 24020 San Francisco de Campeche, Camp.",-90.520634,19.850691
EL PUERCO RICO CARNES ASADAS,"C. Galilea entre tulipanes y belen, Leovigildo Gómez, 24060 San Francisco de Campeche, Camp.",-90.516141,19.820649
El Ranchito,"24073 San Francisco de Campeche, Camp.",-90.487721,19.799787
El rayito,"Tamaulipas 30, Barrio de Sta Ana, 24050 San Francisco de Campeche, Camp.",-90.531338,19.841526
"El Rayito, Lonchería","C. 10 82, Barrio de San Francisco, 24010 San Francisco de Campeche, Camp.",-90.522736,19.850618
EL REY DE LA CECINA,"Av Casa de Justicia, Fracciorama 2000, 24090 San Francisco de Campeche, Camp.",-90.528357,19.824594
El rey de las tostadas,"24010 Guadalupe, C. 47 31, Barrio de Guadalupe, 24010 San Francisco de Campeche, Camp.",-90.530014,19.846341
El Rey De Los Pollos,"24060, C. Girasol 14, Jardines, San Francisco de Campeche, Camp.",-90.517335,19.830196
El Rincón de la María,"24000, C. 57 5, Zona Centro, San Francisco de Campeche, Camp.",-90.536868,19.845127
EL RINCÓN DEL POC CHUC,"Av Patricio Trueba de Regil 225, Las Flores, 24097 San Francisco de Campeche, Camp.",-90.530995,19.820869
El Rincón del Taco Campeche,"Av López Portillo 212-Loc 1, Sascalum, 24098 San Francisco de Campeche, Camp.",-90.538441,19.817905
El Rincón Del Tamarindo,"De La C. 21, Kanisté, 24038 San Francisco de Campeche, Camp.",-90.554249,19.81717
El Señor del Maíz Santa Ana - Elotes y Esquites,"Calle 45 Sin Número, entre Av República y Calle Veracruz, Barrio de Sta Ana, 24050 San Francisco de Campeche, Camp.",-90.526911,19.839285
El Sinodal Suc. Carmelo,"Leandro Domínguez 32, Sta Bárbara I y II, 24070 San Francisco de Campeche, Camp.",-90.503107,19.841302
El Spot Barbershop,"Calle 106, C. 107 12, entre 105 y 107, Barrio de Sta Lucía, 24024 San Francisco de Campeche, Camp.",-90.514523,19.848917
El Suadero,"Av Patricio Trueba de Regil 240, San Rafael, 24090 San Francisco de Campeche, Camp.",-90.534976,19.828026
El Sábalo,"Pedro Sainz de Baranda S/N, San Miguel, 24027 San Francisco de Campeche, Camp.",-90.51134,19.864869
El Taller,"Av López Portillo 265, Las Flores, 24096 San Francisco de Campeche, Camp.",-90.526761,19.814601
El Tendedero Lavandería y Planchaduría,"Av Adolfo Ruiz Cortinez Supermanzana Cortines, Zona Centro, 24014 San Francisco de Campeche, Camp.",-90.534553,19.849149
El Trébol,"C. Guadalupe 35, Cuatro Caminos (Ampliación), Amp Cuatro Caminos, 24070 San Francisco de Campeche, Camp.",-90.513934,19.832691
El Ángel Maya,"Malecón de, Camp.",-90.539818,19.848396
ELECTROMECANICA HIDROAZUL,"Nance 38, Flor de Limón, 24069 San Francisco de Campeche, Camp.",-90.523396,19.830765
ELECTROPLOM,"Av Gobernadores 171, Barrio de Sta Lucía, 24020 San Francisco de Campeche, Camp.",-90.510194,19.842199
Electrónica González Campeche,"Av Adolfo Ruiz Cortinez 18-A-No. 18-A, Zona Centro, 24000 San Francisco de Campeche, Camp.",-90.535887,19.849163
Elektra,"Boulevard 49 56, Zona Centro, 24000 San Francisco de Campeche, Camp.",-90.533183,19.844907
Elektra,"Av República 175, Barrio de Sta Ana, 24050 San Francisco de Campeche, Camp.",-90.535238,19.840783
Elektra,"Av Hidalgo, Aviación, 24070 San Francisco de Campeche, Camp.",-90.511722,19.839936
Elektra,"Av Patricio Trueba de Regil 207, Fracciorama 2000, 24090 San Francisco de Campeche, Camp.",-90.533938,19.825543
Elektra Motos,"Av Gobernadores 447, Barrio de Sta Ana, 24050 San Francisco de Campeche, Camp.",-90.52574,19.842959
ELIJE BODEGA,"Vivah 1 Etapa, Siglo XXI, 24073 San Francisco de Campeche, Camp.",-90.488966,19.801315
Elite Lockers Centro,"Calle 8 1, Zona Centro, 24000 San Francisco de Campeche, Camp.",-90.536003,19.846823
Embotelladora BEBIDAS,"Av. Heroe de Nacozari, Internacional Ingeneiro Alberto Acuña Ongay, 24079 San Francisco de Campeche, Camp.",-90.507906,19.818439
EMME SHOPP,"C. Coahuila 126 A, entre peru y paraguay, Barrio de Sta Ana, 24050 San Francisco de Campeche, Camp.",-90.526807,19.836102
EMPACK CAJAS DE CARTÓN,"Av López Mateos 134, Barrio de San Román, 24040 San Francisco de Campeche, Camp.",-90.542425,19.83621
Empanimazz,"Murallas FSTSE, 24085 San Francisco de Campeche, Camp.",-90.492921,19.83703
Empeño Fácil Baluartes,"Avenida Gobernadores, C. 49 564, Zona Centro, 24010 San Francisco de Campeche, Camp.",-90.531881,19.843313
Empeño Fácil Campeche Colosio,"Av Luis Donaldo Colosio Murrieta 56, Barrio de Sta Ana, 24050 San Francisco de Campeche, Camp.",-90.534514,19.830353
Empeño Fácil Gobernadores,"Av Gobernadores 413, Barrio de Sta Ana, 24050 San Francisco de Campeche, Camp.",-90.524312,19.843002
En busca de closet,"Av Luis Donaldo Colosio Murrieta 54, Barrio de San José, 24040 San Francisco de Campeche, Camp.",-90.544009,19.832849
"ENCHULAME LA CEJA ""SALÓN""","Calle 57 entre calles 18 y 16 No.59, Zona Centro, 24000 San Francisco de Campeche, Camp.",-90.535421,19.842052
Enchulamini,"C. 1 114, Vivah, 24087 San Francisco de Campeche, Camp.",-90.485757,19.853595
enlace natural,"24050, C. Republica del Salvador 91, Barrio de Sta Ana, San Francisco de Campeche, Camp.",-90.53459,19.836804
Enso Hostal,"C. 61 entre 14 y 16, Centro histórico, 24000 San Francisco de Campeche, Camp.",-90.537674,19.842306
Envia,"Barrio de Sta Ana, 24010 San Francisco de Campeche, Camp.",-90.518989,19.84584
Envíos América Express,"C. Coahuila 123, Barrio de Sta Ana, 24050 San Francisco de Campeche, Camp.",-90.524572,19.83881
Envíos América Express S.a. De C.v.,"Calle 12 14, Barrio de Guadalupe, 24010 San Francisco de Campeche, Camp.",-90.535239,19.845309
Epic Games Campeche,"Gustavo Díaz Ordaz 30, Barrio de la Ermita, 24028 San Francisco de Campeche, Camp.",-90.513235,19.861888
ESC. PRIM. FED. LEONA VICARIO,"Calle Pich, Solidaridad Urbana, 24060 San Francisco de Campeche, Camp.",-90.520084,19.819579
ESC. PRIM. URB. VENUSTIANO CARRANZA,"C. 10, Pablo García, 24080 San Francisco de Campeche, Camp.",-90.504653,19.846504
ESC. PRIMARIA URBANA LIC. CARLOS SANSORES PEREZ,"C. 104 212, Mártires de Río Blanco, 24024 San Francisco de Campeche, Camp.",-90.514094,19.850762
ESC.PRIM. PABLO GALEANA,"24087, Camarón 16, Eduardo J. Lavalle Urbina, San Francisco de Campeche, Camp.",-90.49329,19.851252
Escarlata Café & Brunch Suc Las Flores,"Av Lazaro Cardenas 43, Local 5, Sector Las Flores, Fraccionamiento Las Flores, Lomas de las Flores, 24060 San Francisco de Campeche, Camp.",-90.521779,19.811571
Escuela Ana Ma Rios,"Av República 81, Barrio de Sta Ana, 24050 San Francisco de Campeche, Camp.",-90.53049,19.839937
Escuela Benito Juarez,"Tomas Aznar, Tomás Aznar, 24060 San Francisco de Campeche, Camp.",-90.521003,19.834463
ESCUELA DE CALIDAD FELIPE CARRILLO PUERTO,"Sin nombre No. 315 LB, Barrio de la Ermita, 24020 San Francisco de Campeche, Camp.",-90.519157,19.854191
Escuela Doctor Jaime Torres Bodet,"C. Mariano Rodríguez SN, Barrio de San José, 24020 San Francisco de Campeche, Camp.",-90.53666,19.83574
escuela jose vasconcelos,"C. 63 365A, Zona Centro, 24000 San Francisco de Campeche, Camp.",-90.539515,19.84412
"Escuela Normal Superior del Estado de Campeche ""BRÍGIDO A. REDONDO DOMÍNGUEZ""","Av Casa de Justicia, Fracciorama 2000, 24090 San Francisco de Campeche, Camp.",-90.527998,19.825178
Escuela Particular Bilingüe Román Piña Chan,"Calle Mariano Escobedo 2C, Barrio de San Francisco, 24010 San Francisco de Campeche, Camp.",-90.525551,19.851547
Escuela Particular Incorporada Bertha Von Glümer.,"C. 12 288, Barrio de San Román, 24040 San Francisco de Campeche, Camp.",-90.547958,19.837837
ESCUELA PREPARATORIA PROF RAMON BERZUNZA HERRERA,"Av. Miguel Alemán, Guadalupe, 24010 San Francisco de Campeche, Camp.",-90.530063,19.850622
"Escuela Primaria ""Pedro Sainz De Baranda""","C. 9 168, Amp Esperanza, 24080 San Francisco de Campeche, Camp.",-90.496271,19.843239
Escuela Primaria Célestin Freinet,"Argentina Antes 43 128, Barrio de Sta Ana, 24050 San Francisco de Campeche, Camp.",-90.525977,19.840516
ESCUELA PRIMARIA GUADALUPE CHAN PERERA,"C. 20, Kanisté, 24038 San Francisco de Campeche, Camp.",-90.555208,19.815273
Escuela Primaria Hijos de Trabajadores,"Vicente Guerrero 53, Amp San Rafael, 24090 San Francisco de Campeche, Camp.",-90.535143,19.826552
ESCUELA PRIMARIA JOSE MARIA MORELOS,"C. Prolongacion Abasolo, San Arturo, Barrio de San José, 24035 San Francisco de Campeche, Camp.",-90.545504,19.832474
Escuela Primaria Juan de la Cabada Vera,"Dolores 78, Revolución (Ampliación), Amp Revolución, 24080 San Francisco de Campeche, Camp.",-90.501402,19.852672
ESCUELA PRIMARIA JUAN ESCUTIA,"Fernando Montes de Oca MZA 3, Héroes de Chapultepec, 24030 San Francisco de Campeche, Camp.",-90.561533,19.828665
Escuela Primaria Justo Sierra,"C. 49, Barrio de Guadalupe, 24010 San Francisco de Campeche, Camp.",-90.532724,19.846
Escuela Primaria María Lavalle Urbina,"Novena 125, Siglo XXI, 24073 San Francisco de Campeche, Camp.",-90.4929,19.807294
Escuela Primaria Particular Bilingüe José Vasconcelos,"24090, Samulá, 24090 San Francisco de Campeche, Camp.",-90.550321,19.817253
Escuela Primaria Pedro Sainz De Baranda Y Borreyro,"Sascalum, 24095 San Francisco de Campeche, Camp.",-90.533047,19.817351
Escuela Primaria Presidente Ávila Camacho,"C. 104 SN, Barrio de Sta Lucía, 24020 San Francisco de Campeche, Camp.",-90.515856,19.848039
Escuela Primaria Urbana ''ENRIQUE F CANABAL'',"C. 22, Centro, 24500 San Francisco de Campeche, Camp.",-90.494927,19.769463
ESCUELA PRIMARIA URBANA FEDERAL EULOGIO PERERA MORENO,"C. 10, Samulá, 24090 San Francisco de Campeche, Camp.",-90.548734,19.816914
Escuela Primaria Urbana Federal Mártires de la Revolución,"Eduardo Mena 19, Cd Concordia, 24085 San Francisco de Campeche, Camp.",-90.491991,19.834415
ESCUELA PRIMARIA URBANA SEPTIMIO PÉREZ PALACIOS,"Carlos Pérez Cámara, Granjas, 24020 San Francisco de Campeche, Camp.",-90.507966,19.853847
ESCUELA PRIMARIA VENUSTIANO CARRANZA,"Calle del Príncipe Negro 45, Aviación, 24070 San Francisco de Campeche, Camp.",-90.508756,19.839022
Escuela Primaría Mártires de la Revolución,"24080, C. 27 79, Revolución, San Francisco de Campeche, Camp.",-90.502078,19.847096
Escuela priv. Simon Bolivar,"Pedregal 24, Amp Polvorín II, 24060 San Francisco de Campeche, Camp.",-90.526101,19.824851
Escuela Pública LIC. PABLO GARCIA,"Uruguay, Pablo García y Montilla, Pablo García, 24010 San Francisco de Campeche, Camp.",-90.521863,19.844379
"Escuela Secundaria ""Septimio Pérez Palacios""","24040, C. 14 220, Barrio de San Román, 24050 San Francisco de Campeche, Camp.",-90.542982,19.839751
Escuela Secundaria General Numero 10,"C. Décimo Sexta 2, Siglo XXI, 24073 San Francisco de Campeche, Camp.",-90.491298,19.806396
Escuela Secundaria General Numero 3 Instituto Campechano,"Av, Gustavo Díaz Ordaz No. 174 16, Villas de Ah Kim Pech, 24028 San Francisco de Campeche, Camp.",-90.51539,19.860958
Escuela Secundaria General Número 7,"Revolución 351, Barrio de Sta Ana, 24060 San Francisco de Campeche, Camp.",-90.518311,19.839244
Escuela Secundaria Instituto Campechano,"Calle 12 Num. 63, Zona Centro, 24000 San Francisco de Campeche, Camp.",-90.539312,19.843492
"Escuela Secundaria y Preparatoria ""Luz Fidel Farias Avilés""","C. 10 96, Barrio de San Francisco, 24010 San Francisco de Campeche, Camp.",-90.525525,19.851053
Escuela Venustiano Carranza,"Sta. Barbara 6, El Carmelo, 24070 San Francisco de Campeche, Camp.",-90.50617,19.841424
Escuelas de Calidad,"Temporal Manzana G, Fracciorama 2000, 24090 San Francisco de Campeche, Camp.",-90.531487,19.828958
Espacio Cultural San Francisco museo gráfico y virtual,"C. 10 94, Barrio de San Francisco, 24010 San Francisco de Campeche, Camp.",-90.524451,19.851034
Especialidades Guadalupe,"Juárez 3, Guadalupe, Barrio de Guadalupe, 24010 San Francisco de Campeche, Camp.",-90.533316,19.848885
Especialidades Médicas 2000,"Av. Francisco I. Madero 266 B, Barrio de San Francisco, 24010 San Francisco de Campeche, Camp.",-90.519193,19.844151
Especialidades Médicas Campeche,"Av. Central 23-B, Barrio de Sta Ana, 24050 San Francisco de Campeche, Camp.",-90.536118,19.839317
Especialidades Médicas Guadalupe,"Juárez 4, Barrio de Guadalupe, 24010 San Francisco de Campeche, Camp.",-90.533394,19.848575
ESPECIALIDADES MÉDICAS SANTA MÓNICA,"Av. Lázaro Cárdenas 61, Valle del Sol, 24090 San Francisco de Campeche, Camp.",-90.526844,19.828001
Esquina de la Estrella,"C. 12 89, Guadalupe, Barrio de Guadalupe, 24010 San Francisco de Campeche, Camp.",-90.530808,19.84746
Esquina de la Santa Cruz,"Barrio de San Román, 24040 San Francisco de Campeche, Camp.",-90.550405,19.837344
Esquina del Aguila,"24010, C. 45 49B, Barrio de San Francisco, San Francisco de Campeche, Camp.",-90.527141,19.845848
Esquina Del Repollo,"24050, Calle 16 162, Barrio de San Francisco, San Francisco de Campeche, Camp.",-90.521545,19.846102
Esquina del Toro,"C. 14 48, Barrio de San Francisco, 24010 San Francisco de Campeche, Camp.",-90.524068,19.847855
Esquina El Güiro,"C. 39 53, San Francisco, Barrio de San Francisco, 24010, Barrio de San Francisco, 24010 San Francisco de Campeche, Camp.",-90.521717,19.847735
Esquina El retiro,"Calle 16 por, C. Victoria, San Francisco de Campeche, Camp.",-90.546266,19.835877
Estacion Alameda Campeche,"Av República 48C, Barrio de Sta Ana, 24050 San Francisco de Campeche, Camp.",-90.526618,19.839654
Estación Barrio Santa Lucia (TL),"Barrio de Sta Ana, 24010 San Francisco de Campeche, Camp.",-90.516388,19.846623
Estación San Francisco de Campeche - Tren Maya.,"Perif. Pablo García y Montilla, 24084 San Francisco de Campeche, Camp.",-90.476995,19.822831
Estación Tren Maya - S.F. de Campeche,24084 Camp.,-90.47654,19.82478
Estafeta LOPEZ MATEOS,"Avenida Adolfo López Mateos #200 con esquina 18, Av López Mateos 200, Barrio de San Román, 24040 San Francisco de Campeche, Camp.",-90.544783,19.834918
Estafeta MARIA LAVALLE,"Av. María Lavalle Urbina 13-Local 3, Área Ah, 24014 San Francisco de Campeche, Camp.",-90.527319,19.853649
Estanquillo Mary,"Tamaulipas 49, Barrio de Sta Ana, 24050 San Francisco de Campeche, Camp.",-90.521823,19.842688
ESTANQUILLO SANTA ANA,"C. Nicaragua 135-126, Barrio de Sta Ana, 24050 San Francisco de Campeche, Camp.",-90.530883,19.837346
Estatua de la Manguera,"C. 59 14, Zona Centro, 24000 San Francisco de Campeche, Camp.",-90.537265,19.843702
Estetica ambisex diter,"Calle 14 entre 5 y 104, Barrio de Sta Lucía, 24020 San Francisco de Campeche, Camp.",-90.516235,19.848259
Estetica Canina Perro Wash,"C. Lazareto, Prado, 24030 San Francisco de Campeche, Camp.",-90.553827,19.833214
Estetica Marichú,"C. Galeana 121, Barrio de San José, 24040 San Francisco de Campeche, Camp.",-90.537548,19.832295
Estraining Gym Camp,"Av. Jaina 27, Unidad y Trabajo, 24088 San Francisco de Campeche, Camp.",-90.494103,19.852264
"ESTÉTICA & PENSIÓN CANINA ""DOTTY""","C. Justo Sierra 2, Burócratas Pensiones, 24035 San Francisco de Campeche, Camp.",-90.547804,19.833595
Estética Canina Rufo,"C. Lomas entre calle Honestidad y Vicente Guerrero, Miguel Hidalgo, 24094 San Francisco de Campeche, Camp.",-90.538466,19.812936
Estética D' Charly,"C. 39 17A, Barrio de San Francisco, 24010 San Francisco de Campeche, Camp.",-90.521606,19.848995
Estética Familiar George,"Calle 16 125, Barrio de San Francisco, 24010 San Francisco de Campeche, Camp.",-90.524075,19.845991
Estética Infantil Cortecitos,"Av López Portillo 19, Cerro de la Eminencia, 24035 San Francisco de Campeche, Camp.",-90.550036,19.826759
ESTÉTICA INÉS,"Av López Mateos 36-A, Barrio de San Román, 24040 San Francisco de Campeche, Camp.",-90.539161,19.838638
Estética Marlén,"24085, Manuel López Hdez. 75, Cd Concordia, San Francisco de Campeche, Camp.",-90.493686,19.839858
Estética Nueva Imagen,"Siglo XXI 9, Siglo XXI, 24073 San Francisco de Campeche, Camp.",-90.493433,19.814435
ESTÉTICA ROSARIO,"Av López Mateos 104, Barrio de San Román, 24040 San Francisco de Campeche, Camp.",-90.541493,19.836811
Estética Sharazan,"C. Coahuila 15, Caribe, Barrio de Sta Ana, 24058 San Francisco de Campeche, Camp.",-90.530527,19.838938
Estética Siglo,"CUARTA LOCAL 2 MZA 24L CP.2, entre Siglo XXI, UNIDAD HABITACIONAL, Siglo XXI, 24073 San Francisco de Campeche, Camp.",-90.493062,19.813357
"Estética Unisex ""Vannity Belleza""","24026, C. Jade 26, Minas, San Francisco de Campeche, Camp.",-90.496512,19.866015
Estética Ángeles,"Quinta 66, Siglo XXI, 24073 San Francisco de Campeche, Camp.",-90.494493,19.810261
Evolution Gym,"C. 107 21, Inf, Barrio de Sta Lucía, 24020 San Francisco de Campeche, Camp.",-90.51526,19.849217
Excelencia Administrativa,"C. Bravo 45, Barrio de San Román, 24040 San Francisco de Campeche, Camp.",-90.542964,19.838105
Expendio de Pan “La Gloria”,"San Julián 96, Peña, 24089 San Francisco de Campeche, Camp.",-90.501054,19.849251
Expendio Jardines,"Aralia, Jardines, 24060 San Francisco de Campeche, Camp.",-90.518399,19.833003
Extinguidores De Campeche Extincam,"Samula, Lote 6046653, Fracciorama 2000, 24090 San Francisco de Campeche, Camp.",-90.53405,19.828229
EXTRA,"Calle Mariano Escobedo 6, Barrio de San Francisco, 24010 San Francisco de Campeche, Camp.",-90.52553,19.851517
EyeCare Oftalmología Campeche,"Antigua a China 10-Local 6, entre TULIPANES Y AZUCENAS, Los Laureles, 24096 San Francisco de Campeche, Camp.",-90.525606,19.815386
EYR COMERCIALIZADORA,"C. 12 69, Samulá, 24090 San Francisco de Campeche, Camp.",-90.549553,19.819001
Fabelli,"Av Casa de Justicia 37-A, Fracciorama 2000, 24090 San Francisco de Campeche, Camp.",-90.529552,19.824534
"Facultad de Enfermería, Universidad Autónoma de Campeche","S/N, Colonia C.P., Av Patricio Trueba de Regil, Lindavista CTM, 24090 San Francisco de Campeche, Camp.",-90.528629,19.818606
Faisal Cahuich Blanca Fabiola Dra,"Av López Mateos 227-planta Alta, Barrio de San José, 24040 San Francisco de Campeche, Camp.",-90.546587,19.833503
FantastiKau,"C. 49 220, Zona Centro, 24000 San Francisco de Campeche, Camp.",-90.534227,19.846996
Farmacia Chedraui,"Chedraui Santa Ana, Av Gobernadores 418, Barrio de Sta Ana, 24010 San Francisco de Campeche, Camp.",-90.524822,19.844151
Farmacia Comunitaria Dr. Elíseo Fernández Mercado,"Cto. Baluartes, Zona Centro, 24050 San Francisco de Campeche, Camp.",-90.533687,19.842089
Farmacia Comunitaria Eliseo Fernandez,"Samulá, 24090 San Francisco de Campeche, Camp.",-90.548816,19.817008
Farmacia Comunitaria Eliseo Fernández Concordia,"Invasión Esperanza, 24080 San Francisco de Campeche, Camp.",-90.495671,19.832478
Farmacia de Descuento Polanco,"4 Poniente 100, Zona Centro, 33000 Delicias, Chihuahua",-90.53316,19.841305
Farmacia del Futuro,"Barrio de Sta Ana, 24050 San Francisco de Campeche, Camp.",-90.532189,19.841839
Farmacia Dermocutanea Campeche,"Av. Ruiz Cortinez 18, Local C ,L y B, Área Ah, 24014 San Francisco de Campeche, Camp.",-90.535219,19.849305
Farmacia Familiar,"pacheco y ortega vernez, Niños Héroes Lote ÷oznerol, 24085 San Francisco de Campeche, Camp.",-90.482977,19.832438
FARMACIA Gi REJON,"C. 16 de Septiembre MZA 1 LTE 11, Morelos, 24026 San Francisco de Campeche, Camp.",-90.505218,19.855831
Farmacia Guadalajara,"Av Aviación 90, Cuatro Caminos, 24070 San Francisco de Campeche, Camp.",-90.509956,19.835718
farmacia guadalajara,"C. Adriano Chino Wong, Camino Real, 24027 San Francisco de Campeche, Camp.",-90.512247,19.863594
Farmacia Guadalajara,"Av. Lic. Benito Juárez, 1Villa Naranjos, Presidentes de México, 24088 San Francisco de Campeche, Camp.",-90.491942,19.856736
Farmacia Guadalajara,"Av López Portillo 173, Ignacio Zaragoza, Tepeyac, 24098 San Francisco de Campeche, Camp.",-90.537778,19.817854
Farmacia Guadalajara,"Av. Miguel Alemán 285, Barrio de la Ermita, 24020 San Francisco de Campeche, Camp.",-90.52185,19.854988
FARMACIA GUADALAJARA,"Miramar, 24030 San Francisco de Campeche, Camp.",-90.559631,19.831096
Farmacia Guadalajara,"C. 15 74-185, Bellavista (Ampliación), San Joaquín, 24020 San Francisco de Campeche, Camp.",-90.506396,19.853494
Farmacia Guadalajara Maria lavalle urbina,"Francisco Field 6, Área Ah, 24014 San Francisco de Campeche, Camp.",-90.529639,19.853406
Farmacia Guadalajara Suc 2235 López Mateos,"Av López Mateos 222, Burócratas Pensiones, 24035 San Francisco de Campeche, Camp.",-90.545829,19.834412
FARMACIA HOMEOPATICA CAMPECHE,"Av Gobernadores 355, Barrio de Sta Ana, 24050 San Francisco de Campeche, Camp.",-90.5206,19.842877
FARMACIA LA PAZ - CAMPECHE,"Av. Lázaro Cárdenas 2-Loc 9, Lomas de las Flores, 24060 San Francisco de Campeche, Camp.",-90.52508,19.818071
Farmacia Nueva,"C. 57 49, Zona Centro, 24000 San Francisco de Campeche, Camp.",-90.535622,19.842442
Farmacia Polvorin,"C. Ecuador 129-Int. 129, Polvorín, 24060 San Francisco de Campeche, Camp.",-90.522823,19.830561
Farmacia Principal De Campeche,"Av. Central 55, Barrio de Sta Ana, 24050 San Francisco de Campeche, Camp.",-90.535722,19.838252
Farmacia similares,"San Antonio (Ampliación), Amp San Antonio, 24099 San Francisco de Campeche, Camp.",-90.5427,19.823528
Farmacia Veterinaria y Diagrosur,"Av. Heroe de Nacozari 2, Sin Colonia, 24050 San Francisco de Campeche, Camp.",-90.513341,19.836801
Farmacia yza,"Calle Mariano Escobedo 2, Barrio de San Francisco, 24010 San Francisco de Campeche, Camp.",-90.525533,19.851911
farmacia yza,"Av Gobernadores 306, Barrio de Sta Ana, 24010 San Francisco de Campeche, Camp.",-90.519128,19.843052
Farmacias,"C. Republica del Salvador, Barrio de Sta Ana, 24050 San Francisco de Campeche, Camp.",-90.534207,19.839885
FARMACIAS BAZAR,"Av López Portillo, Las Flores, 24097 San Francisco de Campeche, Camp.",-90.524318,19.814121
Farmacias Bazar Sucursal Alameda,"mercado de Campeche, C. 18 Local 11, Barrio de San Francisco, 24000 San Francisco de Campeche, Camp.",-90.534059,19.841628
Farmacias Bazar Sucursal Av. Colosio,"Av. Lázaro Cárdenas 3, entre Avenida Luis Donaldo Colosio Murrieta, Bicentenario I y II, 24050 San Francisco de Campeche, Camp.",-90.536842,19.830577
Farmacias Bazar Sucursal Av. Gobernadores,"Av Gobernadores 430-Loc. 1, entre C. Argentina y C. Venezuela, Gobernadores, Barrio de Sta Ana, 24050 San Francisco de Campeche, Camp.",-90.524998,19.843292
Farmacias Bazar Sucursal Av. López Mateos,"Av López Mateos 374, entre Lazareto y Montecristo, Prado, 24030 San Francisco de Campeche, Camp.",-90.552468,19.83261
Farmacias Bazar Sucursal Centro Médico Campeche,"Av Luis Donaldo Colosio Murrieta 258-Loc. 1, entre La Quinta, Zona Centro, 24000 San Francisco de Campeche, Camp.",-90.539035,19.831049
Farmacias Bazar Sucursal Clínica Campeche,"Trujano y Priv De La Salvadora, Av. Central No. 63 x, Zona Centro, 24050 San Francisco de Campeche, Camp.",-90.535514,19.837919
Farmacias Bazar Sucursal Concordia,"Av. Privada Bateria San Luis A-2 Manzana, San Francisco G, entre Circ. Pablo y García y Esquina, 24085 Camp.",-90.491208,19.83874
Farmacias Bazar Sucursal Hospital Campos,"C. 49 entre 16 y 14, Zona Centro, 24000 San Francisco de Campeche, Camp.",-90.532887,19.844026
Farmacias Bazar Sucursal Hospital Especialidades,"Av López Portillo entre Avenida Lázaro Cárdenas, Vicente Guerrero, 24035 San Francisco de Campeche, Camp.",-90.523861,19.814774
Farmacias Bazar Sucursal Mercado Campeche,"Mercado de Campeche, Av Cto Baluartes Local 3, entre C. Costa Rica y Tabasco, Barrio de San Francisco, 24000 San Francisco de Campeche, Camp.",-90.534046,19.842113
Farmacias Bazar Sucursal Pedregales,"Av. José López Portillo Manzana IV Lote 9 x Av. Del Duque y Esquina, C. Prol. Av. del Deque Fracc, Jardines del Pedregal, 24035 San Francisco de Campeche, Camp.",-90.545515,19.826263
Farmacias Bazar Sucursal Plan Chac,"Av. Jaina 20, entre Andador Edzbalam Y Avenida Chicana, Plan Chan, 24088 San Francisco de Campeche, Camp.",-90.493289,19.854544
FARMACIAS DEL AHORRO López Mateos,"Av López Mateos 2, Barrio de San Román, 24040 San Francisco de Campeche, Camp.",-90.538543,19.839697
FARMACIAS DEL AHORRO Ximbal,"Av. Lázaro Cárdenas S/N, Flor de Limón, 24069 San Francisco de Campeche, Camp.",-90.526226,19.8326
Farmacias del Bazar Sucursal Glorieta Gobernadores,"Plaza San Juan, Av Gobernadores 587-Loc J, entre C. chihuahua y C. Nicaragua, Barrio de Sta Ana, 24050 San Francisco de Campeche, Camp.",-90.531561,19.842911
FARMACIAS DIFASA ELITE CAMPECHE MEDICAMENTOS DE ALTA ESPECIALIDAD,"Antigua a China 23-Local 3 y 4, entre Avenida José Portillo y Calle Tulipanes, Sector, Las Flores, 24096 San Francisco de Campeche, Camp.",-90.525814,19.815035
FARMACIAS GAMMA PLUS,"Antigua a China 8, entre Calle Almendros y Calle Azucenas, Los Laureles, 24096 San Francisco de Campeche, Camp.",-90.525474,19.815724
Farmacias Guadalajara,"Av Gobernadores 457, Barrio de Sta Ana, 24050 San Francisco de Campeche, Camp.",-90.525976,19.843003
Farmacias Guadalajara,"Av. 16 de Septiembre 134, Zona Centro, 24000 San Francisco de Campeche, Camp.",-90.539457,19.846167
Farmacias Guadalajara,"C. Baja Velocidad, Ramón Espínola Blanco I, II y III, 24085 San Francisco de Campeche, Camp.",-90.488734,19.840687
Farmacias Guadalajara,"Av. Álvaro Obregón 4, Esperanza, 24080 San Francisco de Campeche, Camp.",-90.501675,19.844175
Farmacias Guadalajara 1948 Hospital de Especialidades,"Av López Portillo 25, Lomas de las Flores II, 24060 San Francisco de Campeche, Camp.",-90.522072,19.81444
Farmacias Guadalajara Av Patricio Trueba,"Av Patricio Trueba de Regil 312, Zona Sin Asignación de Nombre, 24090 San Francisco de Campeche, Camp.",-90.533526,19.824035
Farmacias Similares,"PRIV. PERU No. 3, Barrio de Sta Ana, 24050 San Francisco de Campeche, Camp.",-90.525609,19.833502
FARMACIAS SIMILARES,"Cto. Baluartes Loc 2, Barrio de Sta Ana, 24050 San Francisco de Campeche, Camp.",-90.534103,19.842061
Farmacias Similares,"Av Gobernadores 583, Barrio de Sta Ana, 24050 San Francisco de Campeche, Camp.",-90.531496,19.843052
FARMACIAS SIMILARES,"Av López Mateos 67, Barrio de San José, 24040 San Francisco de Campeche, Camp.",-90.541719,19.836381
Farmacias Similares,"Av. Maestros Campechanos, 24096 San Francisco de Campeche, Camp.",-90.529352,19.813617
FARMACIAS SIMILARES,"C. 19 40, Samulá, 24090 San Francisco de Campeche, Camp.",-90.549848,19.816953
FARMACIAS SIMILARES,"Av Patricio Trueba de Regil, San Rafael, 24090 San Francisco de Campeche, Camp.",-90.532752,19.822981
Farmacias Similares,"Av. Lázaro Cárdenas 23-Local 6, Lomas de las Flores, 24060 San Francisco de Campeche, Camp.",-90.524586,19.817204
Farmacias Similares,"AVENIDA ADOLFO, Av López Mateos 308, Prado, 24030 San Francisco de Campeche, Camp.",-90.549352,19.832715
Farmacias similares,"Margarita 21, Jardines, 24060 San Francisco de Campeche, Camp.",-90.517518,19.830238
Farmacias Similares,"C. 57 3, Zona Centro, 24000 San Francisco de Campeche, Camp.",-90.53689,19.844994
FARMACIAS SIMILARES,"Av Aviación Supermanzana POR, Héroe de Nacozari, 24070 San Francisco de Campeche, Camp.",-90.511598,19.833585
FARMACIAS SIMILARES,"Av Gobernadores 274, Barrio de Sta Ana, 24000 San Francisco de Campeche, Camp.",-90.516762,19.842963
FARMACIAS SIMILARES,"Av Hidalgo 1, Aviación, 24070 San Francisco de Campeche, Camp.",-90.513395,19.842487
Farmacias Similares,"24020, C. 104 30, Bellavista, San Francisco de Campeche, Camp.",-90.515493,19.848275
FARMACIAS SIMILARES,"Calle 16 16, Barrio de Sta Lucía, 24020 San Francisco de Campeche, Camp.",-90.518369,19.846256
Farmacias Similares,"AVENIDA MA. LAVALLE URBINA, Ah-kim-pech Manzana K L 9 Y 12, 24014 San Francisco de Campeche, Camp.",-90.526861,19.853858
Farmacias Similares,"C. 16 de Septiembre 25, Bellavista (Ampliación), Morelos, 24026 San Francisco de Campeche, Camp.",-90.50611,19.856469
Farmacias Similares,"Av Gobernadores 408, Barrio de Sta Ana, 24010 San Francisco de Campeche, Camp.",-90.523913,19.843249
FARMACIAS SIMILARES,"Av Luis Donaldo Colosio Murrieta, Bicentenario I y II, 24040 San Francisco de Campeche, Camp.",-90.538427,19.83081
FARMACIAS SIMILARES,"Av. Álvaro Obregón 293, Pablo García, 24080 San Francisco de Campeche, Camp.",-90.50203,19.844577
Farmacias Similares Concordia,"AV. Concordia, 36-A MZ 14, Cd Concordia, 24085 San Francisco de Campeche, Camp.",-90.490575,19.839343
Farmacias YZA,"19 X 8 S/N, Samulá, 24090 San Francisco de Campeche, Camp.",-90.535448,19.837789
Farmacias YZA,"C. Nicaragua 589-LOCAL C, entre CHIHUAHUA Y NICARAGUA, Gobernadores, Barrio de Sta Ana, 24050 San Francisco de Campeche, Camp.",-90.527056,19.839404
Farmacias YZA,"C. Costa Rica 85-C, Barrio de Sta Ana, 24050 San Francisco de Campeche, Camp.",-90.532446,19.842637
Farmacias YZA,"MARIANO ESCOBEDO X 10 Y 10B 2, Barrio de San Francisco, 24010 San Francisco de Campeche, Camp.",-90.539191,19.830601
Farmacias YZA,"JOSE LOPEZ PORTILLO MZA. A. X LAZARO CARDENAS Y, Av Patricio Trueba de Regil LOTE 5, Las Flores, 24097 San Francisco de Campeche, Camp.",-90.530226,19.814372
Farmacias YZA,"COLOSIO X PRIVADA y ALLENDE 321, LOCAL 1, San Rafael, 24001 San Francisco de Campeche, Camp.",-90.530043,19.82456
Farmacias YZA,"PEDRO SANZ DE BARANDA X FUNDADORES Y, Dársena 103, Área Ah, 24014 San Francisco de Campeche, Camp.",-90.524205,19.814103
Farmacias yza,"C. 8 40, Samulá, 24090 San Francisco de Campeche, Camp.",-90.547575,19.816353
Farmacias YZA,"Av. Concordia 2059, 24070 San Francisco de Campeche, Camp.",-90.49801,19.83155
Farmacias YZA,"ANDADOR BAJA CALIFORNIA MZA 47 X NAYARIT 51 LOCAL1, 2 Y 3, Av. Fidel Velázquez, 24023 San Francisco de Campeche, Camp.",-90.514877,19.847489
Farmacias YZA,"CALLE 49, C. 10 14 Y-16 NO. 58, Zona Centro, 24000 San Francisco de Campeche, Camp.",-90.534742,19.84795
Farmacias YZA,"FRANCISCO I MADEROESQ. 16, DE SEP 215, Granjas, 24020 San Francisco de Campeche, Camp.",-90.504999,19.855218
Farmacias YZA,"GOBERNADORES ESQUINA, C. 105-A 133 A, SANTA LUCIA, 24020 San Francisco de Campeche, Camp.",-90.508111,19.842102
Farmacias YZA,"CENTRAL X PRIVADA TRUJANO S/N-LOCAL 1, Barrio de Sta Ana, 24050 San Francisco de Campeche, Camp.",-90.52726,19.853694
Farmacias YZA,"20 X 21 Y 23, Calle 66-B, Zona Centro, 24810 Camp.",-90.526505,19.855821
Farmacias YZA,"Av López Portillo 6, Samulá, 24090 San Francisco de Campeche, Camp.",-90.551895,19.826269
Farmacias YZA,"Av. Concordia 2, Cd Concordia, 24085 San Francisco de Campeche, Camp.",-90.48978,19.839667
Farmacias yza,"Av. María Lavalle Urbina mz 14-Int 11-13, Área Ah, 24014 San Francisco de Campeche, Camp.",-90.52353,19.856804
Farmacias YZA,"BENITO JUAREZ MANZANA 12 ESQUINA, Lázaro Cárdenas LOTE 23, Presidentes de México, 24088 San Francisco de Campeche, Camp.",-90.48864,19.860694
Farmacias YZA,"CAMPECHE ESQ. SOLIDARIDAD NACIONAL Y, C. 2 Concordia 1, Fidel Velázquez, 24023 San Francisco de Campeche, Camp.",-90.493801,19.871298
Farmacias YZA,"20 X 21 Y 19 S/N CENTRO, C. 20 1BIS, Lerma Centro, 24500 Lerma, Camp.",-90.600877,19.806466
Farmacias YZA,"GOBERNADORES X FRANCISCO I MADERO Y HECELCHACANILLO 306, Barrio de Sta Ana, 24050 San Francisco de Campeche, Camp.",-90.530521,19.842935
Farmacias Yza Campeche,"Bravo y Allende 285, C. 12 289, entre calles, Barrio de San Román, 24040 San Francisco de Campeche, Camp.",-90.545047,19.839716
Farmacias YZA Lazareto,"Av López Mateos 335, Prado, 24035 San Francisco de Campeche, Camp.",-90.553379,19.83236
FarmaValue Campeche (Hospital de Especialidades),"Plaza 2020, Avenida Lázaro Cárdenas 34, locales 1,2 y 3, Lomas de las Flores II, Lomas de las Flores, 24060 San Francisco de Campeche, Camp.",-90.521749,19.811228
Farmavalue Campeche | Gobernadores,"Av Gobernadores por Calle Brasil y Calle Chile, Barrio de Sta Ana, 24010 San Francisco de Campeche, Camp.",-90.528192,19.843142
FarmaVet Campeche,"C. José Castellot 29, Cd Concordia, 24085 San Francisco de Campeche, Camp.",-90.490386,19.8346
Faro de Lerma,"Carr. Escénica, Miramar, 24030 San Francisco de Campeche, Camp.",-90.582733,19.817245
FaunaVet,"C. Lluvia 2, Fracciorama 2000, 24090 San Francisco de Campeche, Camp.",-90.530218,19.829338
FB FARMACIAS,"Av Cto Baluartes, Barrio de Sta Ana, 24050 San Francisco de Campeche, Camp.",-90.534077,19.842094
Fb Farmacias Bazar,"Barrio de Sta Ana, 24050 San Francisco de Campeche, Camp.",-90.526016,19.833456
Fc Fotocopiadoras de Campeche S.A. de C.V.,"Calle 12 195, Zona Centro, 24000 San Francisco de Campeche, Camp.",-90.53913,19.843374
fecamsa concordia,"Av. Concordia Manzana 85 num 147, Cd Concordia, 24085 San Francisco de Campeche, Camp.",-90.495591,19.831866
FECAMSA TLAPALERÍA DEL CENTRO,"C. 4 4, entre 4B y Av. Lopez Portillo, Samulá, 24090 San Francisco de Campeche, Camp.",-90.542904,19.822376
FedEx Centro de Envio,"Av Patricio Trueba de Regil 237, 24097 San Francisco de Campeche, Camp.",-90.532231,19.823331
Ferre Express,"Av. Francisco I. Madero 136, entre 10 y 14, Barrio de San Francisco, 24010 San Francisco de Campeche, Camp.",-90.520121,19.848998
FERREBOUTIQUE CAMPECHE,"Av Lopes Mateos fte Farmacias Guadalajara, 24040 San Francisco de Campeche, Camp.",-90.545993,19.833915
FERRECONSTRU CEDIS (bodega),"C. 22, Barrio de San José, 24040 San Francisco de Campeche, Camp.",-90.54034,19.835362
FERRECONSTRU CENTRAL,"Av. Central 88, Barrio de San José, 24040 San Francisco de Campeche, Camp.",-90.535252,19.836294
FERRECONSTRU COLOSIO,"Av Luis Donaldo Colosio Murrieta, Lotificación San Juan I y II, 24050 San Francisco de Campeche, Camp.",-90.533204,19.830325
FERRECONSTRU FIDEL,"24023, Av. Fidel Velázquez 67, Fidel Velázquez, San Francisco de Campeche, Camp.",-90.490707,19.864438
FERRECONSTRU GOBERNADORES,"Av Gobernadores 455, Barrio de Sta Ana, 24050 San Francisco de Campeche, Camp.",-90.525853,19.843089
Ferreconstru Kinha,"Siglo XXI 6, 24085 San Francisco de Campeche, Camp.",-90.496385,19.830464
FERRECONSTRU MERCADO,"C. Nicaragua 3B, Barrio de Sta Ana, 24050 San Francisco de Campeche, Camp.",-90.532452,19.842199
FERRECONSTRU PORTILLO,"Av López Portillo 220, Samulá, Ignacio Zaragoza, 24090 San Francisco de Campeche, Camp.",-90.540802,19.820488
FERRECONSTRU RIA,"Av. Francisco I. Madero 255, Villa del Río, Villas del Río, 24010 San Francisco de Campeche, Camp.",-90.518728,19.844326
FERRECONSTRU SANTA LUCÍA,"Av. Cto. Constitución 19, Peña, 24089 San Francisco de Campeche, Camp.",-90.498064,19.847477
Ferrepacheco Samula Campeche,"C. 8 17-Loc 1, Samulá, 24090 San Francisco de Campeche, Camp.",-90.547567,19.816445
FERREPACHECO Suc Morelos Campeche,"Calle 21 local 2y3 por Castellot y 12 col revolución 1 cuadra del campo de morelos, 24080 San Francisco de Campeche, Camp.",-90.503465,19.849854
FERRETERA CASTILLO,"Av López Mateos 154, Barrio de San Román, 24040 San Francisco de Campeche, Camp.",-90.543269,19.835853
Ferreteria El Traviesos,"C. Prolongacion Abasolo, San Arturo, 24035 San Francisco de Campeche, Camp.",-90.545965,19.832664
FERRETERIA FERREMON,"CALLE PRIMERA MZA, Siglo XXI 166-19-B. LOTE, 24073 San Francisco de Campeche, Camp.",-90.494941,19.808062
Ferreteria paredes,"Lotificación San Juan I y II, 24090 Nigua, Camp.",-90.534909,19.830125
FERRETERÍA 3 PODERES,"Av Luis Donaldo Colosio Murrieta 132-A, Barrio de Sta Ana, 24050 San Francisco de Campeche, Camp.",-90.525046,19.833942
FERRETERÍA 3 PODERES,"Av Gobernadores 314, Barrio de Sta Ana, 24050 San Francisco de Campeche, Camp.",-90.519414,19.843132
Ferretería AAA Mangueras Campeche,"Av. Álvaro Obregón 246, Esperanza, 24080 San Francisco de Campeche, Camp.",-90.499279,19.845941
Ferretería Abigail,"Paso de Las Águilas, Polvorín, 24060 San Francisco de Campeche, Camp.",-90.522836,19.829878
Ferretería D'Lupe (DMR),"Pedregal 6, Samulá (Ampliación), Pob Samulá, 24094 San Francisco de Campeche, Camp.",-90.541927,19.814267
Ferretería el Güero,"Tabasco s/n, entre circuito baluartes y Av república, Barrio de Sta Ana, 24050 San Francisco de Campeche, Camp.",-90.534038,19.841655
FERRETERÍA FERRECAM,"Av Gobernadores 348, Barrio de Sta Ana, 24050 San Francisco de Campeche, Camp.",-90.52089,19.843128
Ferretería FERRELEC,"El Carmelo, 24075 San Francisco de Campeche, Camp.",-90.503732,19.838176
Ferretería Herdam,"Av. Francisco I. Madero 217, Barrio de Sta Ana, 24050 San Francisco de Campeche, Camp.",-90.519182,19.846343
Ferretería Ixchel,"Calle guadalupana 214, Invasión Esperanza, 24080 San Francisco de Campeche, Camp.",-90.494974,19.842951
Ferretería Mayito Campeche,"C. Noche Buena 37, entre aralia y tulipanes, Jardines, 24060 San Francisco de Campeche, Camp.",-90.515278,19.830806
Ferretería Mike,"Av. Central 168, Barrio de San José, 24040 San Francisco de Campeche, Camp.",-90.534874,19.83259
Ferretería Pacheco Presidentes,"Guadalupe Victoria, Presidentes de México, 24088 San Francisco de Campeche, Camp.",-90.488634,19.857889
FERRETERÍA QUITERIO,"Jazmín y Girasol 9, Margarita, 24060 San Francisco de Campeche, Camp.",-90.517365,19.830567
Ferretería TRIPLE A Gobernadores,"Av Gobernadores, Barrio de Sta Ana, 24020 San Francisco de Campeche, Camp.",-90.516782,19.842969
FERRETERÍA Y MATERIAL DE CONSTRUCCIÓN VICO,"C. 3 NUMERO 46, El Carmelo, 24075 San Francisco de Campeche, Camp.",-90.505428,19.838106
Ferretería Y Materiales De Construcción Malagon,"C. Plata, Minas, 24026 San Francisco de Campeche, Camp.",-90.50003,19.860912
FERRETERÍA Y MATERIALES EDIAZO GONZÁLEZ,"Av. Exhacienda Kala Mz 23 Lt 83, Exhacienda Kala, 24087 San Francisco de Campeche, Camp.",-90.479772,19.841198
FERRETERÍA Y TLAPALERÍA FIDEL VELÁZQUEZ,"Sonora, Fidel Velázquez, 24023 San Francisco de Campeche, Camp.",-90.491979,19.863187
FERRETOR CAMPECHE,"Calle Pich 20, entre CALLE TIXMUCUY Y LAZARO CARDENAS, Solidaridad Urbana, 24060 San Francisco de Campeche, Camp.",-90.523207,19.819202
Ferrolaminas Colosio,"Av. Luis Donaldo Colosio entre Jalisco y, Calle Prol. Coahuila 40, 24040 San Francisco de Campeche, Camp.",-90.520538,19.837287
Ferroláminas matriz,"Av López Mateos 157, Barrio de San Román, 24040 San Francisco de Campeche, Camp.",-90.543897,19.835107
Ferroláminas Palmas,"Av. Gustavo Díaz Ordaz, Fracc Cocoteros No 112, Barrio de la Ermita, 24028 San Francisco de Campeche, Camp.",-90.517659,19.858471
Ferroláminas Santa Lucía,"No, Av. Álvaro Obregón 6, Col Santa Lucia, 24020 San Francisco de Campeche, Camp.",-90.501912,19.844137
Ferromateriales Monte Alban,"calle 26 num 302 entre 7 y 9, montealban, 24520 Chiná, Camp.",-90.496838,19.773355
Fidel Velázquez,"24023 San Francisco de Campeche, Camp.",-90.491964,19.866932
Financiera Independencia,"C. 59 2-INT. 2 y 4, Zona Centro, 24000 San Francisco de Campeche, Camp.",-90.53843,19.845448
Finanzas Campeche,"Barrio de Guadalupe, 24010 San Francisco de Campeche, Camp.",-90.532512,19.843838
Fiscalía General del Estado,"Av López Portillo s/n, Sascalum, 24095 San Francisco de Campeche, Camp.",-90.531123,19.814775
Fisio & Health Campeche,"C. 12, Barrio de San Román, 24040 San Francisco de Campeche, Camp.",-90.549774,19.83667
FITNESS GYM MIXTO,"Opal 52, Amp Kalá I, 24087 San Francisco de Campeche, Camp.",-90.485842,19.847202
Flambo Fracciorama,"8 o de La Muralla, Zona Centro, 24000 San Francisco de Campeche, Camp.",-90.530243,19.82451
Flambo Plaza Condesa,"Av. Maestros Campechanos 351, 24000 San Francisco de Campeche, Camp.",-90.529213,19.81153
Flambo San Francisco,"Escobedo, Barrio de San Francisco, 24010 San Francisco de Campeche, Camp.",-90.526112,19.852059
FLC Schools,"Av. Central 210, Barrio de San José, 24040 San Francisco de Campeche, Camp.",-90.53518,19.830668
Flexi,"C. 10 entre 51 y 53, Zona Centro, 24000 San Francisco de Campeche, Camp.",-90.534997,19.846516
Flexi Campeche CC Galerías,"Av. Pedro Saínz de Baranda # 139, Local 149, Esq. Dársena Secc. Metropolitano del Área Ah-Kim-Pech, C.C, Galerías, 24014 San Francisco de Campeche, Camp.",-90.522659,19.856979
Flor de Pitaya,"Av. Justo Sierra Méndez 256, De San Román, 24040 San Francisco de Campeche, Camp.",-90.549962,19.837849
Florería Monte Sión,"Av Luis Donaldo Colosio Murrieta 65, Tomás Aznar, 24060 San Francisco de Campeche, Camp.",-90.525267,19.8335
Florinda Batista,"Calle 49-B, Guadalupe, Barrio de Guadalupe, 24010 San Francisco de Campeche, Camp.",-90.533684,19.847579
FONATUR Tren Maya,"Av. Lázaro Cárdenas 42, Sector, Las Flores, 24060 San Francisco de Campeche, Camp.",-90.518573,19.826828
Force Gym Campeche,"Av. Resurgimiento 77, Montecristo, 24044 San Francisco de Campeche, Camp.",-90.55357,19.834899
Ford Campeche,"Av. Maestros Campechanos, Mensura 530, Amp Miguel Hidalgo, 24094 San Francisco de Campeche, Camp.",-90.529856,19.809823
Foro Ah-Kim-Pech,"Área Ah, 24014 San Francisco de Campeche, Camp.",-90.533847,19.852094
FORZA Servicio de Lavado Automotriz,"Calle Zacatecas #21, Esquina con #49, Barrio de Sta Ana, 24050 San Francisco de Campeche, Camp.",-90.528774,19.840283
FOUR SEASONS SALON,"C. Agua # 11, Fracciorama 2000, 24090 San Francisco de Campeche, Camp.",-90.532823,19.827558
FR Consultoría Contable y Fiscal - Campeche,"C. Candelaria 31, entre calle Narciso y San José, Cuatro Caminos (Ampliación), Amp Cuatro Caminos, 24060 San Francisco de Campeche, Camp.",-90.514227,19.832316
Fraccionaria 2000,"Fracciorama 2000, 24090 San Francisco de Campeche, Camp.",-90.532504,19.828188
Fracciorama 2000,"24090 San Francisco de Campeche, Camp.",-90.529918,19.827591
FrachaKDos,"C. 106 s/n, Bellavista, 24024 San Francisco de Campeche, Camp.",-90.511973,19.85457
Frappísimo 59,"Calle 10 esquina con, C. 59 252, Zona Centro, 24000 San Francisco de Campeche, Camp.",-90.538069,19.845047
Frappísimo Centro (Instituto Campechano),"Calle 67 Entre 10 Y 12, Zona Centro, 24000 San Francisco de Campeche, Camp.",-90.540441,19.843607
Frappísimo Lomas,"Avenida Lázaro Cárdenas, Violeta 13 s/n, Lomas de las Flores, 24060 San Francisco de Campeche, Camp.",-90.522824,19.814563
Frappísimo Universidad,"Triángulo del Sol, Avenida Agustín Melgar y Lopez Portillo, local 1 por, Kanisté, 24038 San Francisco de Campeche, Camp.",-90.553436,19.826541
Fray Angélico,"Av López Portillo, Lomas de las Flores, 24060 San Francisco de Campeche, Camp.",-90.520346,19.815388
Frutas Locas,"C. Republica del Salvador 83, Barrio de Sta Ana, 24050 San Francisco de Campeche, Camp.",-90.533702,19.838244
"FRUTAS, LEGUMBRES Y POLLOS ""LOS PRIMOS""","C. Galeana 121, Barrio de San José, 24040 San Francisco de Campeche, Camp.",-90.537513,19.832312
FRUTI CHAI,"Av Patricio Trueba de Regil 236, San Rafael, 24090 San Francisco de Campeche, Camp.",-90.534991,19.82944
Fuentes Marinas Poesía del Mar,"24040, Av Adolfo Ruiz Cortinez 108A, Barrio de San Román, San Francisco de Campeche, Camp.",-90.541367,19.84643
"Fuerte de San Miguel, Museo Arqueológico","Carr. Escénica, Zona Centro, 24030 San Francisco de Campeche, Camp.",-90.56867,19.824654
fullfilmet mercado libre merida,"a 700m esquina de Periférico y Carr. a, Panorama Industrial, Mérida, Merida - Campeche KM 158, San Francisco de Campeche, Camp.",-90.534909,19.830125
FullGas Juárez,"Presidentes de México, 24023 San Francisco de Campeche, Camp.",-90.486847,19.863204
FULLGAS VILLA CABRA,"Bellavista, 24020 San Francisco de Campeche, Camp.",-90.512651,19.851241
Fundacion Viendo por Mexico A.C,"Av. Justo Sierra Méndez 439, Barrio de San Román, 24040 San Francisco de Campeche, Camp.",-90.5453,19.841689
Fábrica de Lentes Centro Salud Visual,"Av. Justo Sierra Méndez 444, Barrio de San Román, 24049 San Francisco de Campeche, Camp.",-90.545252,19.841733
GA-Servicio Automotriz,"C. Ecuador 73, 24060 San Francisco de Campeche, Camp.",-90.523114,19.82422
Gabinete de diagnostico por imagen. San Martin Rayos X,"CALLE 12 No100 Int 1, Lote Por 49-A, Barrio de Guadalupe, 24010 San Francisco de Campeche, Camp.",-90.531917,19.846861
GABINETE DE ESPECIALIDADES RADIOLÓGICAS,"C. 10-B 110, Barrio de San Francisco, 24010 San Francisco de Campeche, Camp.",-90.524684,19.852049
gabliz GYM,"C. Veracruz 14, Barrio de Sta Ana, 24050 San Francisco de Campeche, Camp.",-90.526627,19.84057
GABS 07 BARBER STUDIO,"Av. Francisco I. Madero 167a, Barrio de Sta Lucía, 24020 San Francisco de Campeche, Camp.",-90.519642,19.848639
GALAMA,"C. 10 169A, Barrio de San Francisco, 24010 San Francisco de Campeche, Camp.",-90.52761,19.84976
Galería de Perfumes Samula | Perfumes y Decants Originales,"C. 11 entre 12 y 14, Samulá, 24090 San Francisco de Campeche, Camp.",-90.549593,19.821242
Galerías Campeche,"Avenida Pedro Sainz de la Baranda 139, Sector Metropolitano, Supermanzana del, Sector Metropolitano del, Área Ah, 24014 San Francisco de Campeche, Camp.",-90.522164,19.856844
Gamma Campeche Malecón,"Av Adolfo Ruiz Cortinez 51, Zona Centro, 24000 San Francisco de Campeche, Camp.",-90.538964,19.847583
Garmacel Campeche (Distribuidor Autorizado Telcel),"Av Gobernadores 555-local 2, Barrio de Sta Ana, 24050 San Francisco de Campeche, Camp.",-90.530601,19.843186
Gas Peninsular de Campeche,"Campeche China - Hool s/n, Multunchac, 24560 San Francisco de Campeche, Camp.",-90.506652,19.802485
Gas Tomza Aviación,"Av. Heroe de Nacozari 300, 24070 San Francisco de Campeche, Camp.",-90.507058,19.813076
Gasca May Alvaro,"C. Hidalgo 28, Col México, 24070 San Francisco de Campeche, Camp.",-90.500692,19.833895
Gasolinera Amigas Despachadoras,"Granadillo 86, Invasión Esperanza, 24085 San Francisco de Campeche, Camp.",-90.498211,19.831966
Gasolinera Estol,"Cuatro Caminos, 24070 San Francisco de Campeche, Camp.",-90.510592,19.835408
Gasolinera Gulf,"Av. Central 33, Barrio de Sta Ana, 24050 San Francisco de Campeche, Camp.",-90.534515,19.832251
Gasolinera Gulf,"Av. Miguel Alemán 110, Barrio de Guadalupe, 24010 San Francisco de Campeche, Camp.",-90.529275,19.850087
Gasolinera Gulf,"Av. Concordia Fracción A, San José, 24020 San Francisco de Campeche, Camp.",-90.49586,19.83141
Gasolinera Pemex,"Avenida Lazaro Cardenas No. Fraccion 1, Las Flores, 24097 San Francisco de Campeche, Camp.",-90.5258,19.821
Gasolinera Pemex,"Av. Resurgimiento N 181, Bosques de Campeche, 24030 San Francisco de Campeche, Camp.",-90.558442,19.831703
Gasolinera Pemex,"Avenida Presidente Benito Juarez No. 2 Esq.Con, Av. C.T.M. Fracc, Presidentes de México, 24089 San Francisco de Campeche, Camp.",-90.492514,19.856647
GASOLINERA SAN RAFAEL,"Av López Portillo 508, Sascalum, 24095 San Francisco de Campeche, Camp.",-90.529775,19.813965
Gea Anime,"Honduras 2-Letra C, entre Puebla y Circuito Baluarte, Col Santa Ana, 24050 San Francisco de Campeche, Camp.",-90.535402,19.840198
Geek phone,"24050, Barrio de Sta Ana, 24050 San Francisco de Campeche, Camp.",-90.526848,19.835882
Gema Inter,"C. 51 10, entre 8 y 10, Zona Centro, 24000 San Francisco de Campeche, Camp.",-90.534737,19.846669
GES,"24062 San Francisco de Campeche, Camp.",-90.511247,19.795133
GES,"Malecón Esq. Joaquín Clausel, Pedro Sainz de Baranda, Área Ah, 24014 San Francisco de Campeche, Camp.",-90.530458,19.8543
Ges,"24060 San Francisco de Campeche, Camp.",-90.507255,19.814463
GIMNASIO Atenea,"Solidaridad, Solidaridad Urbana, 24060 San Francisco de Campeche, Camp.",-90.524406,19.818987
Gimnasio Hércules,"Av. Francisco I. Madero 258, Barrio de San Francisco, 24050 San Francisco de Campeche, Camp.",-90.519137,19.843687
GIMNASIO KLUBIEN,"Av. Lázaro Cárdenas 42, Lomas de las Flores II, 24090 San Francisco de Campeche, Camp.",-90.521944,19.811685
Gimnasio Shito-Ryu Exclusivo Damas,"Calle 61 #35 entre 12 y 14 Centro Histórico, Centro Histórico, C. 61 37, Centro ciudad amurallada, Zona Centro, 24000 San Francisco de Campeche, Camp.",-90.537916,19.8432
GLAM by Caro,"Av. Lázaro Cárdenas 34, Lomas de las Flores, 24060 San Francisco de Campeche, Camp.",-90.521953,19.81131
GLASSES ÓPTICA CAMPECHE,"LOCALES DE LA PESCADERIA ""EL ANGEL, Avenida Central A 2, Barrio de Sta Ana, 24050 San Francisco de Campeche, Camp.",-90.534708,19.833989
Glezord Ópticas,"Av Gobernadores 24, Barrio de Sta Lucía, 24020 San Francisco de Campeche, Camp.",-90.503917,19.843274
GMS Avalúos Arq. Mario Dzul Colli,"Sta. Rosa 32, Sascalum, 24095 San Francisco de Campeche, Camp.",-90.531088,19.818213
GNC MCM Campeche 2000,"Ave. Central s/n, C. Republica del Salvador Local 24-y, Barrio de Sta Ana, 24050 San Francisco de Campeche, Camp.",-90.534839,19.837563
Goau casual,"Av. Álvaro Obregón, Barrio de Sta Lucía, 24020 San Francisco de Campeche, Camp.",-90.513133,19.845544
Gobierno del Estado de Campeche Promotora de Servicios Comerciales del Estado Campeche,"Av Adolfo Ruiz Cortinez 112, Barrio de San Román, 24040 San Francisco de Campeche, Camp.",-90.542817,19.844328
GODINIS,"Av. Justo Sierra Méndez 397A, Barrio de San Román, 24040 San Francisco de Campeche, Camp.",-90.544197,19.842354
Gonzálo Bojorquez y Asociados Sc,"C. 57 1, Zona Centro, 24000 San Francisco de Campeche, Camp.",-90.536971,19.84529
"GOOD, Consultorio Dental","CALLE COBA, C. Baja Velocidad 12, Amp Kalá I, 24087 San Francisco de Campeche, Camp.",-90.486223,19.844092
GOVERDI,"Av. Heroe de Nacozari SN, Barrio de Sta Ana, 24050 San Francisco de Campeche, Camp.",-90.516727,19.83994
GPO MUSICAL ROSARIO MORALES,"C. Altillo 2l, Barrio de San José, 24040 San Francisco de Campeche, Camp.",-90.53498,19.835538
Gracam tienda de Granos y Alimentos Balanceado,"Perif. Pablo García y Montilla Km 15, Siglo XXI, 24085 San Francisco de Campeche, Camp.",-90.486647,19.800386
Gran plaza génesis,"Av Cto Baluartes 593, Barrio de Sta Ana, 24050 San Francisco de Campeche, Camp.",-90.535194,19.841591
Granja de Pavos Familiar,"Av. Francisco I. Madero 16, Barrio de San Francisco, 24010 San Francisco de Campeche, Camp.",-90.519861,19.844648
Granja Familiar,"24090, C. 19 54, Samulá, San Francisco de Campeche, Camp.",-90.546432,19.815933
Graziella Ayala Beauty Studio,"Lic. Verdad 8, entre 12 y 14, Barrio de San Román, 24040 San Francisco de Campeche, Camp.",-90.542385,19.840958
GREEN FITNESS FOOD,"Av. Lázaro Cárdenas Col, entre Avenida López Portillo, Infonavit Las Flores, 24097 San Francisco de Campeche, Camp.",-90.521745,19.811369
GREYHOUND Servicio Automotriz,"Revolución 311, Barrio de Sta Ana, 24060 San Francisco de Campeche, Camp.",-90.518781,19.841909
GRUPO AB,"Guayacan Lt. 1, Bosques de Campeche, 24030 San Francisco de Campeche, Camp.",-90.556392,19.830825
Grupo Acia y Asociados S.C.,"C. Venezuela No. 1, Barrio de San Francisco, 24010 San Francisco de Campeche, Camp.",-90.523328,19.843398
Grupo Ah Kim Pech,"Av. Central 168 A, Barrio de San José, 24040 San Francisco de Campeche, Camp.",-90.53496,19.832477
GRUPO AH KIM PECH DE,"CALLE NICARAGUA, C. Nicaragua 108, 24050 San Francisco de Campeche, Camp.",-90.531363,19.840534
GRUPO CARSO,"24038, C. 20 20, Kanisté, San Francisco de Campeche, Camp.",-90.553692,19.824672
Grupo De Pinturas Marco,"Av Gobernadores 388, Pablo García y Montilla, Barrio de Sta Ana, 24010 San Francisco de Campeche, Camp.",-90.522819,19.84331
Grupo Energetico Del Sureste Sa De Cv,"Av Adolfo Ruiz Cortinez No. 112, Barrio de San Román, 24040 San Francisco de Campeche, Camp.",-90.542923,19.84395
Grupo Financiero Banorte Cajero,"Av Jose Lopez Portillo Por, Av. Lázaro Cárdenas 0, Lindavista CTM, 24096 San Francisco de Campeche, Camp.",-90.5243,19.81468
Grupo Financiero Banorte Cajero,"C. 49 # 28, Zona Centro, 24000 San Francisco de Campeche, Camp.",-90.53329,19.84582
Grupo Financiero Banorte Cajero,"Av. Resurgimiento 0, Prado, 24030 San Francisco de Campeche, Camp.",-90.555772,19.833708
Grupo Financiero Banorte Cajero,"Av López Portillo, Samulá, Kanisté, 24038 San Francisco de Campeche, Camp.",-90.552185,19.826372
Grupo Financiero Banorte Corresponsal 3 PODERES MID,"Sta. Ana 104, Barrio de Sta Ana, 24050 San Francisco de Campeche, Camp.",-90.522033,19.83601
Grupo Financiero Banorte Corresponsal ALAMEDA MID,"ALAMEDA S/N, Barrio de Sta Ana, 24050 San Francisco de Campeche, Camp.",-90.519744,19.83859
Grupo Financiero Banorte Corresponsal CASA DE JUSTICIAMID,"CASA DE JUSTICIAS/N CIUDAD AMURALLADA CENTRO, 24000 San Francisco de Campeche, Camp.",-90.532408,19.823276
Grupo Financiero Banorte Corresponsal CONCORDIA MID,"Av. Concordia S/N, Col México, 24070 San Francisco de Campeche, Camp.",-90.499584,19.833659
Grupo Financiero Banorte Corresponsal ESPECIALIDADES MID,"Av López Portillo 279, Infonavit, Las Flores, 24097 San Francisco de Campeche, Camp.",-90.530859,19.814776
Grupo Financiero Banorte Corresponsal JAINA MID,"Jaina S/N, Amp Kalá I, 24087 San Francisco de Campeche, Camp.",-90.533186,19.813298
Grupo Financiero Banorte Corresponsal LOPEZ PORTILLO MID,"Av López Portillo S/N, Barrio de San José, 24040 San Francisco de Campeche, Camp.",-90.531595,19.81467
Grupo Financiero Banorte Corresponsal LOS OLIVOS MID,"LILIUM MZA 3 LOTE 1 FRACCIONAMIENTO, C. Monte de los Olivos, 24060 San Francisco de Campeche, Camp.",-90.515437,19.822713
Grupo Financiero Banorte Corresponsal MORELOS MID,"C. 12 S/N, MORELOS I, 24080 San Francisco de Campeche, Camp.",-90.504869,19.851972
Grupo Financiero Banorte Corresponsal SAN AGUSTIN MID,"Sta. Ana 22 y 23, Barrio de Sta Ana, 24050 San Francisco de Campeche, Camp.",-90.518843,19.8393
Grupo Financiero Banorte Corresponsal SOLIDARIDAD MID,"Solidaridad 109, El Carmelo, 24075 San Francisco de Campeche, Camp.",-90.503851,19.839621
Grupo Financiero Banorte Corresponsal VICTORIA MID,"San José 41-B, Barrio de la Ermita, 24040 San Francisco de Campeche, Camp.",-90.517802,19.849746
Grupo Financiero Banorte Sucursal,"Av Patricio Trueba de Regil S/N, Tepeyac, 24097 San Francisco de Campeche, Camp.",-90.531749,19.821312
Grupo Financiero Banorte Sucursal,"Av Gobernadores 462, Santa Ana, Barrio de Sta Ana, 24050 San Francisco de Campeche, Camp.",-90.527078,19.843492
Grupo Financiero Banorte Sucursal,"C. 49 28, Zona Centro, 24000 San Francisco de Campeche, Camp.",-90.533854,19.845968
Grupo Imperio Maya,"Av. Lázaro Cárdenas 171, Las Flores, 24500 San Francisco de Campeche, Camp.",-90.525389,19.819159
Grupo LIVPRO,"Jardines del Pedregal, 24035 San Francisco de Campeche, Camp.",-90.544991,19.826371
Grupo Morsa de México,"Av Luis Donaldo Colosio Murrieta 14, Barrio de Sta Ana, 24050 San Francisco de Campeche, Camp.",-90.518757,19.838283
Grupo Médico Millennium,"24093, Av López Portillo 292, Fraccionamiento Las Arboledas II, 24093 San Francisco de Campeche, Camp.",-90.531518,19.814387
Grupo Médico Pablo García - Sucursal Pablo García,"Av Gobernadores 19A, Esperanza, 24080 San Francisco de Campeche, Camp.",-90.503249,19.843349
Grupo Odontologico Campeche (G.O.C.),"Av. Francisco I. Madero #132 Entre Calle 10 Y 14, Barrio de San Francisco, 24010 San Francisco de Campeche, Camp.",-90.520209,19.849097
Grupo Optico Cuevas,"C. 10 280-Local B, Zona Centro, 24000 San Francisco de Campeche, Camp.",-90.54004,19.844048
GRUPO OPTICO ISAAC,"Av. Lázaro Cárdenas Manzana 6 l.2, Lindavista CTM, 24096 San Francisco de Campeche, Camp.",-90.525707,19.818521
GRUPO OPTICO ISAAC,"Av López Mateos 52, Barrio de San Román, 24040 San Francisco de Campeche, Camp.",-90.539669,19.837849
Grupo Prollantas,"Av Luis Donaldo Colosio Murrieta 38, Barrio de Sta Ana, 24050 San Francisco de Campeche, Camp.",-90.520292,19.837192
GRUPO SEUAT,"Kabah #27, Kala I, Kalá, 24085 San Francisco de Campeche, Camp.",-90.491412,19.841894
GUATEVER CITY,"PURISIMA, Concepción 10, Cuatro Caminos (Ampliación), Amp Cuatro Caminos, 24070 San Francisco de Campeche, Camp.",-90.514581,19.833488
Gusto,"24095, Sascalum, 24095 San Francisco de Campeche, Camp.",-90.529757,19.817942
Gustus Máster,"Av López Mateos 52, Barrio de San Román, 24040 San Francisco de Campeche, Camp.",-90.539669,19.837849
Gym,"C. Costa Rica 173, Barrio de Sta Ana, 24050 San Francisco de Campeche, Camp.",-90.534515,19.833572
Gym de aldy,"C. Pedro Moreno 79, IX, 24093 Villas Residencial, Camp.",-90.532258,19.813755
Gym fenix,"C. 29 31, Pablo García, 24080 San Francisco de Campeche, Camp.",-90.502699,19.846106
Gym Lab,"Fernando Montes de Oca 30, Héroes de Chapultepec, 24030 San Francisco de Campeche, Camp.",-90.562149,19.828254
GYM SILUETTE MIXTO,"C. 10 137, Barrio de San Francisco, 24010 San Francisco de Campeche, Camp.",-90.525561,19.850888
Gym Toor,"Av. Lázaro Cárdenas 1144, Amp Polvorín II, 24060 San Francisco de Campeche, Camp.",-90.526503,19.824431
GYMNOS Fitness,"Col Lazaro cardenas, C. 22 frente a, entre 11, la residencial San Francisco, 24095 San Francisco de Campeche, Camp.",-90.540236,19.806477
H177 Hotel,"C. 14 177, Zona Centro, 24000 San Francisco de Campeche, Camp.",-90.537344,19.842729
Hacienda Chakká,"Av Fundadores, Área No 4, Área Ah, 24014 San Francisco de Campeche, Camp.",-90.527019,19.855157
Hacienda Puerta Campeche,"C. 59 71-Por 16 & 18, Zona Centro, 24000 San Francisco de Campeche, Camp.",-90.536038,19.841599
HackCorp Servicios Tecnológicos,"Av López Mateos 185-D, entre Aldama y Victoria, Barrio de San José, 24040 San Francisco de Campeche, Camp.",-90.545028,19.834548
HadaBella Campeche,"Zacatecas 76, entre nayarit y coahuila, Fidel Velázquez, 24023 San Francisco de Campeche, Camp.",-90.492897,19.865754
Hamburmet Foodtruck Suc. Av. Central,"Av. Central 133, Barrio de Sta Ana, 24040 San Francisco de Campeche, Camp.",-90.534626,19.833925
Hang Ten,"Pedro Sainz de Baranda 139, Área Ah, 24014 San Francisco de Campeche, Camp.",-90.521996,19.857432
Hangar del Gob del Estado,"Aeropuerto Internacional Ing. Alberto Acuña Ongay, Av López Portillo S/N, Aviacion, 24070 San Francisco de Campeche, Camp.",-90.503342,19.813152
Happy Pappy,"PLAZA CONTROL GAS, LOCAL 2, Tepeyac, 24098 San Francisco de Campeche, Camp.",-90.538041,19.818238
Happy Place,"Calle queretaro #24 colonia sa ta ana 24050, Barrio de Sta Ana, 24050 Camp, Camp.",-90.529456,19.835382
HARDSOF,"C.Babilonia Mz16 Lt 13 Col, Leovigildo Gómez, 24060 San Francisco de Campeche, Camp.",-90.517544,19.822434
HARU CAFETERÍA,"Av Patricio Trueba de Regil 508, San Rafael, 24090 San Francisco de Campeche, Camp.",-90.532961,19.823359
Harvard Institute Campeche,"Av República 77, Barrio de Sta Ana, 24050 San Francisco de Campeche, Camp.",-90.530488,19.839909
Hazlo Fácil PLAZA DEL MAR,"plaza del mar local 14, zona centro, 24014 San Francisco de Campeche, Camp.",-90.537156,19.849336
HEAVY WEIGHT GYM QUINTAL,"Av Hidalgo 125, Aviación, 24070 San Francisco de Campeche, Camp.",-90.509897,19.838449
Hecho con Solidaridad,"Carr. Antigua A Hampolol, Palmas I, 24027 San Francisco de Campeche, Camp.",-90.50602,19.864381
Helados beto,"Segunda Priv. 6 517, Samulá, 24090 San Francisco de Campeche, Camp.",-90.547842,19.812418
Helados La Receta de Papá,"Los Naranjos 50, Quinta Belem I y II, 24050 San Francisco de Campeche, Camp.",-90.531413,19.832539
HERBALIFE SAN MARTIN,"Calle 12 121, Zona Centro, 24000 San Francisco de Campeche, Camp.",-90.533455,19.846103
HERMANAS RICHAUD,"Av. Heroe de Nacozari, Barrio de Sta Ana, 24050 San Francisco de Campeche, Camp.",-90.516814,19.842362
Hermanos Luna,"C. 8 25, Samulá, 24094 San Francisco de Campeche, Camp.",-90.548764,19.812988
Heróico Ayuntamiento,"Av República 91, Barrio de Sta Ana, 24050 San Francisco de Campeche, Camp.",-90.531112,19.840087
HEXODUS FITNESS CENTER,"C. Zafiro 8, Minas, 24026 San Francisco de Campeche, Camp.",-90.492845,19.861679
HGZ 1 IMSS Centro Campeche,"Av Cto Baluartes, Zona Centro, 24000 San Francisco de Campeche, Camp.",-90.537291,19.839445
Hidalgo,"Av Hidalgo 50, Huanal, 24070 San Francisco de Campeche, Camp.",-90.512538,19.840717
"Hidalmex, Carnes frías Y Lacteos","Av. Adolfo López Mateos esquina Montecristo, Col. San Román, 24035 Camp.",-90.54883,19.833056
Hielito Lindo,"C. 22, Tinto, 24520 Chiná, Camp.",-90.498995,19.782571
Hikari Maid Café,"24040, Av López Mateos 243, Barrio de San José, 24040 San Francisco de Campeche, Camp.",-90.547167,19.833301
"Hinche, Haiti","Route Nationale 3, Lotificación San Juan I y II, 24090 Hinche, Camp.",-90.534909,19.830125
Holiday Inn Campeche,"Av. Resurgimiento 127, Col. Del Prado, 24040 San Francisco de Campeche, Camp.",-90.55511,19.833499
HOME PRINT centro de copiado,"ENTRE 14 Y 12-A, Calle Mariano Escobedo 36, Barrio de San Francisco, 24010 San Francisco de Campeche, Camp.",-90.52552,19.849039
Honda Bahía,"Roman Piña Chan, Manzana 2-A Lt, Área Ah, 24014 San Francisco de Campeche, Camp.",-90.531952,19.850887
HONDA MARINE CABRILLA,"C. 10-B 16, Barrio de la Ermita, 24020 San Francisco de Campeche, Camp.",-90.519091,19.856122
"Hospedaje ""El Rincón""","C. 14 214, San Joaquín, 24020 San Francisco de Campeche, Camp.",-90.511718,19.847841
Hospedaje Ambar,"Tamaulipas 14, Barrio de Sta Ana, 24050 San Francisco de Campeche, Camp.",-90.532564,19.841141
Hospedaje Bugambilia Campeche,"Av. Lázaro Cárdenas 88 A, entre Av. Casa de Justicia y Calle Las Flores, Las Flores, 24097 San Francisco de Campeche, Camp.",-90.526761,19.823631
Hospedaje Campeche 20/32,"Benito Juárez 1, Ignacio Zaragoza, 24098 San Francisco de Campeche, Camp.",-90.541095,19.818037
Hospedaje Casa San Angel,"C. 12 16, entre RIVA PALACIO Y ROSALES, Barrio de San Francisco, 24010 San Francisco de Campeche, Camp.",-90.526617,19.849583
Hospedaje Colosio,"Av Luis Donaldo Colosio Murrieta No.286, Barrio de San José, 24040 San Francisco de Campeche, Camp.",-90.541146,19.831886
Hospedaje El Ayuntamiento,"C. 15 4, Samulá, 24090 San Francisco de Campeche, Camp.",-90.545161,19.817589
HOSPEDAJE ESTRELLA,"Av Patricio Trueba de Regil, San Rafael, 24090 San Francisco de Campeche, Camp.",-90.532829,19.823074
HOSPEDAJE San Rafael,"C. Pedro Moreno 322, San Rafael, 24090 San Francisco de Campeche, Camp.",-90.53436,19.824018
Hospedaje Teresita,"C. 53, Zona Centro, 24000 San Francisco de Campeche, Camp.",-90.534771,19.844642
Hospedaje vibermar,"Samulá, 24090 San Francisco de Campeche, Camp.",-90.542639,19.819252
Hospedaje y Departamentos Veracruz,"C. Veracruz 57, Barrio de Sta Ana, 24050 San Francisco de Campeche, Camp.",-90.524674,19.840455
HOSPICEL CAMPECHE,"Av Gobernadores N°492, Barrio de Sta Ana, 24050 San Francisco de Campeche, Camp.",-90.528139,19.843403
Hospital de Lentes OPTIGRAM,"calle 18 #110, entre 55 y 57, C. 18 110, Zona Centro, 24000 San Francisco de Campeche, Camp.",-90.534996,19.842
Hospital Dr. Manuel Campos,"Boulevard N/A, Barrio de Guadalupe, 24000 San Francisco de Campeche, Camp.",-90.532134,19.844886
"Hospital General de Especialidades ""Dr. Javier Buenfil Osorio""","Las Flores, 24097 San Francisco de Campeche, Camp.",-90.523825,19.815024
Hospital General De Especialidades - Ugencias,"Av. Lázaro Cárdenas 208, Las Flores, 24096 San Francisco de Campeche, Camp.",-90.524252,19.814629
Hospital General De Especialidades-Ginecología Y Obstetricia,"Ginecología Y Obstetricia, Av. Lázaro Cárdenas 208, Las Flores, 24096 San Francisco de Campeche, Camp.",-90.524006,19.814608
Hospital General De Especialidades-Pediatría,"Pediatría, Av. Lázaro Cárdenas 208, Las Flores, 24096 San Francisco de Campeche, Camp.",-90.524471,19.815261
Hospital General De Especialidades-Psiquiatría,"Psiquiatría, Av. Lázaro Cárdenas 208, Las Flores, 24020 San Francisco de Campeche, Camp.",-90.524471,19.815261
Hospital María Constanza,"Av. Lázaro Cárdenas No. 86, 24097 San Francisco de Campeche, Camp.",-90.526982,19.823984
Hospital Naval de Campeche,"Nance 340, Amp Invasión Esperanza, 24080 San Francisco de Campeche, Camp.",-90.492706,19.844243
HOSPITAL VETERINARIO NOVELO,"Av Patricio Trueba de Regil 226, San Rafael, 24090 San Francisco de Campeche, Camp.",-90.534382,19.82535
Hot Beach Pizza Malecon,"Av. Resurgimiento 57 entre 36 y 36 A, Prado, 24030 San Francisco de Campeche, Camp.",-90.552749,19.835408
HOTEL ARROYO,"C. 45 Chile 87-A, Barrio de Sta Ana, 24050 San Francisco de Campeche, Camp.",-90.526601,19.842931
Hotel Avenida,"Av López Mateos 177, Barrio de San José, 24040 San Francisco de Campeche, Camp.",-90.544521,19.834536
Hotel Bagy Express,"Calle Tamaulipas esquina con Calle Perú Calle Veracruz S/N entre Calle Ecuador y, C. Peru, Barrio de Sta Ana, 24050 San Francisco de Campeche, Camp.",-90.523907,19.842422
Hotel Baluartes,"Av. 16 de Septiembre 128, Zona Centro, 24000 San Francisco de Campeche, Camp.",-90.539643,19.84684
Hotel Bambu,"Segunda Priv. de la Avenida Revolución, Barrio de Sta Ana, 24050 San Francisco de Campeche, Camp.",-90.518987,19.841681
Hotel Barranquilla,"Avenida López Portillo, Iturbide 202, Ignacio Zaragoza, 24098 San Francisco de Campeche, Camp.",-90.538929,19.817373
Hotel Baulé,"24096, Av Patricio Trueba de Regil 330, Zona Sin Asignación de Nombre, San Francisco de Campeche, Camp.",-90.532294,19.822408
Hotel Boutique Casa Jade,"C. 55 11, Zona Centro, 24000 San Francisco de Campeche, Camp.",-90.536204,19.845307
Hotel Boutique Casa Lanz XVII,"C. 55 8B, Zona Centro, 24000 San Francisco de Campeche, Camp.",-90.536267,19.845217
Hotel Boutique Casa Piedad,"C. Bravo 24, Barrio de San Román, 24040 San Francisco de Campeche, Camp.",-90.544326,19.840173
Hotel Boutique Casa Zafra,"Av. Resurgimiento 3, Miramar, 24030 San Francisco de Campeche, Camp.",-90.561707,19.830006
Hotel boutique La Toja Campeche,"Pedro Sainz de Baranda N° 98 colonia IMI 2, Lote 2, Villa Naranjos, 24560 Imí, Camp.",-90.483247,19.879084
Hotel Carlos V,"Av. Resurgimiento 85, Montecristo, 24040 San Francisco de Campeche, Camp.",-90.554154,19.834535
Hotel Casa Puerta de Mar,"C. 59 3A, Zona Centro, 24000 San Francisco de Campeche, Camp.",-90.538157,19.845576
Hotel Castelmar,"C. 61 2, Zona Centro, 24000 San Francisco de Campeche, Camp.",-90.539231,19.845227
Hotel Debliz,"Gustavo Díaz Ordaz 55, Barrio de la Ermita, 24020 San Francisco de Campeche, Camp.",-90.513451,19.861305
"HOTEL DEL PASEO, CAMPECHE","Calle 8 215, Barrio de San Román, 24000 San Francisco de Campeche, Camp.",-90.541603,19.843569
Hotel Edzna,"calle 51 lote 10, local F, entre calle 8 y calle 10, 24000 campehe, Camp.",-90.534873,19.846945
Hotel El Navegante,"C. 65 34, Zona Centro, 24000 San Francisco de Campeche, Camp.",-90.539272,19.841527
Hotel Francis Drake,"Calle 12 207, Zona Centro, 24000 San Francisco de Campeche, Camp.",-90.539873,19.843034
Hotel Guaranducha Inn,"C. 55 16, Zona Centro, 24000 San Francisco de Campeche, Camp.",-90.53587,19.844444
Hotel Ideal,"Av Patricio Trueba de Regil 354, Zona Sin Asignación de Nombre, 24095 San Francisco de Campeche, Camp.",-90.532008,19.821811
Hotel Katuxlan,"Av Adolfo Ruiz Cortinez 51, Zona Centro, 24000 San Francisco de Campeche, Camp.",-90.538966,19.847788
Hotel López campeche,"Calle 12 189 colonia, Zona Centro, 24000 San Francisco de Campeche, Camp.",-90.538818,19.843546
Hotel Maculis,"C. Bravo 3, Barrio de San Román, 24040 San Francisco de Campeche, Camp.",-90.544044,19.841044
Hotel Maya Ah Kim Pech,"24000, C. 55 8, Zona Centro, 24000 San Francisco de Campeche, Camp.",-90.536366,19.845424
Hotel Maya Becan,"Av República 107, Barrio de Sta Ana, 24050 San Francisco de Campeche, Camp.",-90.531532,19.840141
Hotel MB,"Av. Heroe de Nacozari 21 COLONIA, La Paz, 24050 San Francisco de Campeche, Camp.",-90.516655,19.841429
Hotel Misión Campeche,"C. 10 No. 252, Zona Centro, 24000 San Francisco de Campeche, Camp.",-90.538186,19.845087
Hotel Murallas 231,"Calle 8 231, entre 53 y 55, Zona Centro, 24000 San Francisco de Campeche, Camp.",-90.536099,19.846628
Hotel Murallas Capital,"Prta de Tierra 2, Fraccionamiento Las Murallas, 24023 San Francisco de Campeche, Camp.",-90.495931,19.870206
Hotel Nicte-Ha Campeche,"Calle Prol. Allende 40, entre 16 y 18, Barrio de San Román, 24040 San Francisco de Campeche, Camp.",-90.543703,19.836837
Hotel Ocean View,"Av. Pedro Sainz de Baranda, Joaquín Clausell con, 24010 San Francisco de Campeche, Camp.",-90.531549,19.853975
Hotel Pedregal,"Av Gobernadores 515, Barrio de Sta Ana, 24050 San Francisco de Campeche, Camp.",-90.528644,19.843059
Hotel Plaza Campeche,"C. 10 126, Zona Centro, 24000 San Francisco de Campeche, Camp.",-90.533931,19.847043
Hotel Plaza Colonial,"C. 10, Zona Centro, 24000 San Francisco de Campeche, Camp.",-90.534319,19.8466
Hotel Puerto Campeche,"Av Luis Donaldo Colosio Murrieta 264 A, entre Aldama y Pedro Moreno, Barrio de San José, 24040 San Francisco de Campeche, Camp.",-90.539438,19.831004
"Hotel Puesta del Sol, Santa Ana, Campeche","01, Revolución 313, Barrio de Sta Ana, 24050 San Francisco de Campeche, Camp.",-90.518791,19.841778
Hotel Rath,"C. 49-B No. 3 por 10 y 12, Barrio de Guadalupe, 24010 San Francisco de Campeche, Camp.",-90.532857,19.847041
Hotel Residencial Edzná,"C. 10 224, entre 49 y 51, Centro Histórico, 24000 San Francisco de Campeche, Camp.",-90.534378,19.846776
Hotel Romalis,"Av. Cto. Constitución 2, 24020 San Francisco de Campeche, Camp.",-90.497976,19.84697
Hotel Terracota Corner,"C. Costa Rica 116 B, entre Coahuila y Nuevo Leon, Barrio de Sta Ana, 24050 San Francisco de Campeche, Camp.",-90.532663,19.837767
Hotel Tulipanes,"C. 103 14, Barrio de Sta Lucía, 24020 San Francisco de Campeche, Camp.",-90.50942,19.843147
Hotel U Xul Kah,"Av López Portillo 202-INT 4, Ignacio Zaragoza, 24098 San Francisco de Campeche, Camp.",-90.539323,19.818833
Hotel Villa Campeche,"Av Patricio Trueba de Regil 312-A, San Rafael, 24090 San Francisco de Campeche, Camp.",-90.533583,19.823744
Hotel Villa Escondida Campeche,"calle 2 manzana E lote 5 U.H, Samulá, Adolfo López Mateos, 24036 San Francisco de Campeche, Camp.",-90.548362,19.8262
Hotel y Hospedaje de la Ría,"Ponciano Arriaga, Barrio de San Francisco, 24010 San Francisco de Campeche, Camp.",-90.520885,19.848558
Hotel ¨Las Flores¨,"Av. Lázaro Cárdenas, 24097 San Francisco de Campeche, Camp.",-90.526895,19.82389
Hotelera,"Av Patricio Trueba de Regil, San Rafael, 24090 San Francisco de Campeche, Camp.",-90.534996,19.827645
HSBC,"Mega Comercial, Av. Central 91, Barrio de Sta Ana, 24050 San Francisco de Campeche, Camp.",-90.534858,19.837599
HSBC,"C. 10 311, Zona Centro, 24000 San Francisco de Campeche, Camp.",-90.535955,19.845844
HSBC,"Av Gobernadores 418, Barrio de Sta Ana, 24050 San Francisco de Campeche, Camp.",-90.52455,19.844138
HSBC,"Avenida María Lavalle Urbina Manzana E 2, Av. María Lavalle Urbina Manzana E-#2, Área Ah, 24010 San Francisco de Campeche, Camp.",-90.532268,19.851648
HSBC,"CHEDRAUI CAMPECHE VILLATURQUESA, Av. Álvaro Obregón 443, Barrio de Sta Lucía, 24020 San Francisco de Campeche, Camp.",-90.49544,19.84869
HSBC Cajero Automático,"Xpress Super, Av Luis Donaldo Colosio Murrieta, Barrio de Sta Ana, 24050 San Francisco de Campeche, Camp.",-90.526105,19.833524
HSBC Cajero Automático,"Av. María Lavalle Urbina, Área Ah, 24443 San Francisco de Campeche, Camp.",-90.529202,19.852176
Hunab Ku - Servicios Ambientales,"Revolución 147, Barrio de Sta Ana, 24050 San Francisco de Campeche, Camp.",-90.51859,19.840427
Hyundai Campeche,"Av. Maestros Campechanos 528-A-y 528-B, Miguel Hidalgo (Ampliación), 24094 San Francisco de Campeche, Camp.",-90.529923,19.81036
Hyundai store Campeche,"Av. Central 202 A, Barrio de San José, 24024 San Francisco de Campeche, Camp.",-90.535099,19.83096
Héctor Pérez Martínez,"Rivapalacio SN, Barrio de San Francisco, 24010 San Francisco de Campeche, Camp.",-90.526382,19.847897
"I.N.P. El Divino Maestro, Campeche","Calle Mariano Escobedo 6, Barrio de San Francisco, 24010 San Francisco de Campeche, Camp.",-90.525536,19.85143
IALC: Beyond Languages,"Av. Maestros Campechanos, Sascalum, 24095 San Francisco de Campeche, Camp.",-90.529812,19.812228
ICATCAM,"Av. Miguel Alemán Lote 15 No.16, Fundadores de Ah-Kim-Pech, 24010 San Francisco de Campeche, Camp.",-90.52769,19.851811
IEU Universidad - Campus Campeche,"Av Adolfo Ruiz Cortinez 18, Zona Centro, 24014 San Francisco de Campeche, Camp.",-90.535265,19.849389
iGEN Biomédica Diagnóstica,"C. 55 58, Zona Centro, 24000 San Francisco de Campeche, Camp.",-90.534963,19.842527
"Iglesia Adventista del Séptimo Día, Asociación de Campeche","Carretera Federal Merida-Campeche #21 Colonia Chiná CP 24520 (Entre Siglo XXI y Chiná, Mérida, Camp.",-90.500163,19.793225
"Iglesia Catolica De ""La Candelaria""","Jardines, 24060 San Francisco de Campeche, Camp.",-90.515618,19.831659
IGLESIA DE AGUA VIVA,"C. 6, Samulá, 24090 San Francisco de Campeche, Camp.",-90.547467,19.813126
Iglesia de Bosques,"Bosques de Campeche, 24030 San Francisco de Campeche, Camp.",-90.554209,19.830865
Iglesia de Dios de la Profecía EBEN EZER,"C. 22, Pirulines, 24520 Chiná, Camp.",-90.496899,19.777502
Iglesia de Nuestra Señora de Guadalupe,"C. 47, Guadalupe, 24010 San Francisco de Campeche, Camp.",-90.530922,19.849085
Iglesia de San Juan de Dios,"C. 16, Zona Centro, 24000 San Francisco de Campeche, Camp.",-90.532991,19.843615
Iglesia de San Roque y San Francisquito,"Calle 12, Zona Centro, 24000 San Francisco de Campeche, Camp.",-90.537614,19.844156
Iglesia Divina Providencia,"C. 10 150, Pablo García, 24080 San Francisco de Campeche, Camp.",-90.505509,19.850758
Iglesia El Gólgotha,"Av. Resurgimiento 39, Prado, 24030 San Francisco de Campeche, Camp.",-90.55221,19.835799
Iglesia Espiritu Santo,"Polvorín, 24060 San Francisco de Campeche, Camp.",-90.523359,19.829751
Iglesia Jerusalén Reyes y Sacerdotes Int.,"Batallón 4, Amp Polvorín, 24060 San Francisco de Campeche, Camp.",-90.516794,19.823785
Iglesia Nacional Presbiteriana Getsemani,"De San José,, C. Pedro Moreno 43A, Barrio de San José, 24040 De San José, Camp.",-90.535978,19.831684
Iglesia Nuestra Señora de La Paz,"Los Zapotes 42, Quinta Belem I y II, 24050 San Francisco de Campeche, Camp.",-90.53299,19.832307
IGLESIA REESTRUCTURADA DEL ESPIRITU SANTO,"Clavel, Polvorín (Ampliación), Lomas del Polvorín, 24060 San Francisco de Campeche, Camp.",-90.516575,19.824699
Iglesia Restauración,"C. 6, El Carmelo, 24075 San Francisco de Campeche, Camp.",-90.503891,19.839471
Iglesia San Roman / Santuario del Santo Cristo,"C. 10 S/N, Barrio de San Román, 24040 San Francisco de Campeche, Camp.",-90.544477,19.841457
IGLESIA VIDA VICTORIOSA A.R.,"C. Nicaragua, Barrio de Sta Ana, 24500 San Francisco de Campeche, Camp.",-90.53091,19.83707
ILC Idiomas,"Av Gobernadores #165, Barrio de Sta Lucía, 24020 San Francisco de Campeche, Camp.",-90.509988,19.842237
ILC Idiomas Ave. Colosio,"Av Luis Donaldo Colosio Murrieta 36, Barrio de Sta Ana, 24050 San Francisco de Campeche, Camp.",-90.520133,19.837315
Ilumident Consultorio Dental,"Av. Concordia 2, Col México, 24070 San Francisco de Campeche, Camp.",-90.499825,19.833705
Ilusión,"C. 16 298, Zona Centro, 24000 San Francisco de Campeche, Camp.",-90.533697,19.843503
Imaya - Consultores Jurídicos,"C. 6 35, Tepeyac, 24096 San Francisco de Campeche, Camp.",-90.536957,19.822741
IMPRECOPIAS Ciber Centro de Impresion Digital,"Av Gobernadores LB, Barrio de Sta Lucía, 24020 San Francisco de Campeche, Camp.",-90.504927,19.842521
IMSS,"Av Gobernadores, Revolución, 24080 San Francisco de Campeche, Camp.",-90.501606,19.844739
IMSS - Delegación Estatal,"Av. María Lavalle Urbina 4, Área Ah, 24014 San Francisco de Campeche, Camp.",-90.526657,19.854654
Imss de la 14,"Calle, Nueva del Seguro Soc. SN, Barrio de San José, 24040 San Francisco de Campeche, Camp.",-90.537895,19.838558
IMSS Instituto Mexicano del Seguro Social,"Marí Lavalle Urbina 4-""A"", San Francisco, 24010 San Francisco de Campeche, Camp.",-90.526572,19.854813
IMSS Unidad Medicina Familiar 11,"Av. María Lavalle Urbina S/N, Barrio de San Francisco, 24010 San Francisco de Campeche, Camp.",-90.527265,19.854149
"IMSS Unidad Medicina Familiar 13 ""Ciudad Concordia""","Cto. Pablo García Oeste 129, Cd Concordia, 24085 San Francisco de Campeche, Camp.",-90.493013,19.834191
IMSS UNIDAD MÉDICA DE ATENCIÓN AMBULATORIA # 14,"Av. Lázaro Cárdenas 104, Las Flores, 24097 San Francisco de Campeche, Camp.",-90.526816,19.82146
Inbursa Campeche,"Av. 16 de Septiembre 120, Zona Centro, 24000 San Francisco de Campeche, Camp.",-90.538203,19.846876
INDEFOS,"C. 10 219, Barrio de Guadalupe, 24010 San Francisco de Campeche, Camp.",-90.530046,19.848665
INDUSTRIAL CELCIUM,"Av. Álvaro a Obregón 118, entre 110 y 112, Barrio de Sta Lucía, 24020 San Francisco de Campeche, Camp.",-90.511912,19.845307
INE Instituto Nacional Electoral,"C. 10 467, Barrio de San Román, 24040 San Francisco de Campeche, Camp.",-90.547931,19.839122
Ing Fabrizio constructora y mantenimientos GUTGON,"sin direccion, Barrio de San Román, 24040 San Francisco de Campeche, Camp.",-90.541133,19.837237
Inicio,"Zona Sin Asignación de Nombre, 24030 San Francisco de Campeche, Camp.",-90.571455,19.824648
Inicio central,"Av. Central, Barrio de San José, 24040 San Francisco de Campeche, Camp.",-90.534993,19.830312
Inix Comercial Campeche ( Chiná),"QFPX+8G Inix Comercial Campeche ( Chiná), 24520 Chiná, Camp.",-90.501205,19.785673
Innovaciones CG / Chiwis Shop Camp / AB. Un poco de todo,"C. Aldama 42, Barrio de San Román, 24040 San Francisco de Campeche, Camp.",-90.545216,19.836725
Insabi campeche,"Av. Heroe de Nacozari 230, Héroe de Nacozari, 24063 San Francisco de Campeche, Camp.",-90.511984,19.832547
Inselectric,"C. Galeana 33, entre 14 y 16, Barrio de San Román, 24040 San Francisco de Campeche, Camp.",-90.542013,19.839397
Insert Coin,"C. 59 9, Zona Centro, 24000 San Francisco de Campeche, Camp.",-90.537738,19.844915
Inspiratta Concept Store,"C. 59 48, Centro Histórico, 24000 San Francisco de Campeche, Camp.",-90.536494,19.842065
INSTITUTO AGUSTÍN MELGAR,"C. 10 75, Barrio de San Francisco, 24010 San Francisco de Campeche, Camp.",-90.521894,19.850396
Instituto Campechano,"C. 10 357, Zona Centro, 24000 San Francisco de Campeche, Camp.",-90.540229,19.843774
Instituto Campechano,"Av López Portillo, Sascalum, 24095 San Francisco de Campeche, Camp.",-90.536962,19.817275
Instituto Campechano Preparatoria,"Av. Miguel Alemán S/N, Área Ah, 24028 San Francisco de Campeche, Camp.",-90.530053,19.850537
INSTITUTO COMERCIAL BANCARIO APOLINAR A.C.,"Calle 61 o de La Paz # 10 entre 10 y 12 Calle 61 num 10 C entre calles 10 y 12 colonia Centro CP 24000, Zona Centro, 24000 San Francisco de Campeche, Camp.",-90.538447,19.843868
Instituto Cosmetológico del Sureste ICS,"Venus Nº8, entre Calle Galáctica y Av. Lázaro Cárdenas, Valle del Sol, 24090 San Francisco de Campeche, Camp.",-90.526884,19.829577
Instituto De Formacion Profesional De La FGE CAMPECHE,"Av. Heroe de Nacozari 14, La Paz, 24050 San Francisco de Campeche, Camp.",-90.516594,19.841527
Instituto de la Mujer del Estado de Campeche,"C. 53, Zona Centro, 24000 San Francisco de Campeche, Camp.",-90.533738,19.842823
Instituto de Servicios de Salud,"C. Galeana 28, Barrio de San Román, 24040 San Francisco de Campeche, Camp.",-90.542518,19.839899
Instituto de Servicios de Salud.,"Av. Agustín Melgar SN, Bosques de Campeche, 24030 San Francisco de Campeche, Camp.",-90.523567,19.845655
Instituto Mendoza Ac,"Av. Álvaro Obregón 202, Barrio de Sta Lucía, 24020 San Francisco de Campeche, Camp.",-90.517928,19.84668
Instituto Mexicano de Investigación en Pesca y Acuacultura Sustentables CRIAP - Lerma,"Carr. Costera del Golfo 56, 24030 San Francisco de Campeche, Camp.",-90.576099,19.822468
INSTITUTO MORELOS,"Av Hidalgo 20-32, Aviación, 24070 San Francisco de Campeche, Camp.",-90.512926,19.841506
Instituto Nacional de Migración en Campeche,"Av. 16 de Septiembre, Zona Centro, 24000 San Francisco de Campeche, Camp.",-90.535945,19.848487
Instituto Nacional Electoral,"Plaza Ah Kim Pech, Francisco Field Jurado Mza. 1 Lote 6 y 7, Área Ah, 24443 San Francisco de Campeche, Camp.",-90.527371,19.854693
Instituto Nacional Electoral INE,"Av Aviación 86, Aviación, 24000 San Francisco de Campeche, Camp.",-90.507584,19.840538
Instituto Tecnologico De Estudios Superiores Rene Descartes,"Av Gobernadores 135, Barrio de Sta Lucía, 24020 San Francisco de Campeche, Camp.",-90.508388,19.842059
Instituto Tecnológico de Chiná,"C. 11, Cementerio, 24520 San Francisco de Campeche, Camp.",-90.501969,19.770738
Interceramic Ah Kim Pech Campeche,"Av. María Lavalle Urbina 13, Área Ah, 24040 San Francisco de Campeche, Camp.",-90.530184,19.853224
Interceramic Samula Campeche,"Av. Agustín Melgar 32-Lote 2, Bosques de Campeche, 24030 San Francisco de Campeche, Camp.",-90.553657,19.827585
InverCap Afore,"C. 10 227 A-Loc. 1 y 2, Barrio de Guadalupe, 24010 San Francisco de Campeche, Camp.",-90.530625,19.848492
Invitaciones Maggie Ramirez,"Calle 104 o Dzarbay, numero 77, entre calle 106 y 108, Barrio de Sta Lucía, 24020 San Francisco de Campeche, Camp.",-90.514218,19.843948
iShop Mixup Campeche Galerias,"Centro Comercial Plaza Galerías Campeche, Pedro Sainz de Baranda 139-Local 168 Planta Baja, Área Ah, 24014 San Francisco de Campeche, Camp.",-90.522386,19.856822
ITALIKA REFACCIONES,"C. 12 214, Bellavista (Ampliación), Granjas, 24020 San Francisco de Campeche, Camp.",-90.507114,19.853677
ITZ Oil & Gas,"Sin nombre No. 808 198, Barrio de Sta Ana, 24050 San Francisco de Campeche, Camp.",-90.525579,19.834098
Ivory Vestidos De Fiesta,"Plaza Paseo 320, Av. Justo Sierra Méndez local 3, Barrio de San Román, 24040 San Francisco de Campeche, Camp.",-90.543383,19.842723
IZZI Resguardo,"24062 San Francisco de Campeche, Camp.",-90.509628,19.811063
J.N. UNICORNIO y PRIM. JOSÉ MARTI,"C. 12 31, Barrio de San Francisco, 24010 San Francisco de Campeche, Camp.",-90.527292,19.849138
Jardin De Niños Dolores Pasos,"Lindavista CTM, 24096 San Francisco de Campeche, Camp.",-90.527334,19.817546
Jardin de Niños Francisca Basto Lara,"C. Coahuila, Barrio de Sta Ana, 24050 San Francisco de Campeche, Camp.",-90.528775,19.839019
Jardin de Niños Maria Magdalena Pacheco Blanco,"Limonar 48, Tomás Aznar, 24060 San Francisco de Campeche, Camp.",-90.521075,19.833678
Jardín Botánico Xmuch-Haltún (Baluarte de Santiago),"Zona Centro, 24000 San Francisco de Campeche, Camp.",-90.53505,19.847852
Jardín de Niños Las Flores,"Orquídea, Las Flores, 24097 San Francisco de Campeche, Camp.",-90.527407,19.820342
JC MEN'S STORE CAMPECHE,"C. 5 24090, entre 4 y 6, Samulá, 24090 San Francisco de Campeche, Camp.",-90.544462,19.822314
jefatura de servicios administrativos,"Calle entre y No. 20 Col., Ignacio Ayala & Nueva del Seguro Social, Zona Centro, Camp.",-90.536518,19.838476
JESÚS,"Mirador, Tepeyac, 24096 San Francisco de Campeche, Camp.",-90.535644,19.819682
JK Barber,"Nevada 20, Fracciorama 2000, 24090 San Francisco de Campeche, Camp.",-90.533356,19.829555
JKLN SALÓN,"Brasil 16, Barrio de Sta Ana, 24050 San Francisco de Campeche, Camp.",-90.528266,19.836315
JNR Automotríz,"Calle 22 #198, Colonia El Tinto Chiná, 24520 San Francisco de Campeche, Camp.",-90.498092,19.78175
JOCE Taller Eléctrico Y Electrónico Automotriz,"C. 20 10-20, Kanisté, 24038 San Francisco de Campeche, Camp.",-90.555419,19.81508
JOSE ALVARO ESPINOSA BLANQUET,"Carr. Antigua A Hampolol 96, Villa Mercedes, 24027 San Francisco de Campeche, Camp.",-90.504351,19.864784
JOSE ENRIQUE SÁNCHEZ DÍAZ DISEÑADOR,"24070 col, Amp Cuatro Caminos, 24070 San Francisco de Campeche, Camp.",-90.514235,19.8332
José Luis Chan Padilla Endodoncia,"C. 45, Barrio de Sta Ana, 24050 San Francisco de Campeche, Camp.",-90.526765,19.839669
José Vasconcelos,"Batallón, Polvorín (Ampliación), Leovigildo Gómez, 24060 San Francisco de Campeche, Camp.",-90.519068,19.823983
Joyería Pandora,"Colonia Sector Metropolitano del Area de, Av. Pedro Sainz de Baranda. 139, Dársena Esq-Local 152, Área Ah, 24020 San Francisco de Campeche, Camp.",-90.522386,19.856822
JP16 Construcción y Remodelaciones,"C. Sacrificio No.7, Tepeyac, 24090 San Francisco de Campeche, Camp.",-90.534783,19.821726
Juanito Abdul Sucursal Colosio,"Ciruelos y CTO Belem SN, Av Luis Donaldo Colosio Murrieta Local 9, Barrio de San José, 24050 San Francisco de Campeche, Camp.",-90.532397,19.830281
Julio´s,"C. Girasol 11, Jardines, 24060 San Francisco de Campeche, Camp.",-90.515153,19.826174
Junta Federal número 48 de la Federal de Conciliación y Arbitraje,"Av. 16 de Septiembre, Zona Centro, 24000 San Francisco de Campeche, Camp.",-90.536147,19.847964
Junta Local de Conciliación y Arbitraje del Estado de Campeche,"Pedro Sainz de Baranda 24, Área Ah, 24014 San Francisco de Campeche, Camp.",-90.528482,19.806297
Junta Local Ejecutiva del INE Campeche,"Ah Kim Pech, Área Ah, 24014 San Francisco de Campeche, Camp.",-90.536472,19.849435
Jurídico de Ayuntamiento de Campeche,"C. 12 244, Barrio de San Román, 24040 San Francisco de Campeche, Camp.",-90.544729,19.840214
K'ÁAK' TAQUERÍA,"24073, Siglo XXI, 24073 San Francisco de Campeche, Camp.",-90.490914,19.808405
Kajule Restaurant,"C. 10 414, Barrio de San Román, 24040 San Francisco de Campeche, Camp.",-90.549177,19.838595
Kalamata Mediterráneo,"C. 59 41, Zona Centro, 24000 San Francisco de Campeche, Camp.",-90.536584,19.842663
Kalma Spa,"Calle 10-B 138, Barrio de San Francisco, 24010 San Francisco de Campeche, Camp.",-90.530994,19.830559
Kap Studio,"Av. Lázaro Cárdenas, Lomas de las Flores, 24060 San Francisco de Campeche, Camp.",-90.524727,19.817315
Kbex Interflash,"24060 San Francisco de Campeche, Camp.",-90.525272,19.819059
KEKO Pastelería Creativa,"Revolución 334, Barrio de Sta Ana, 24050 San Francisco de Campeche, Camp.",-90.518783,19.839618
Kenia Salón,"Av Patricio Trueba de Regil, San Rafael, 24090 San Francisco de Campeche, Camp.",-90.53502,19.829733
KER & CLYN,"Av. Lázaro Cárdenas 3, Lomas de las Flores, 24060 San Francisco de Campeche, Camp.",-90.524217,19.816628
KFC Galerías Campeche,"Roman Piña Chan 5, Área Ah, 24014 San Francisco de Campeche, Camp.",-90.522322,19.857209
Kia Bahía,"Av. Maestros Campechanos 558, Multunchac, 24094 San Francisco de Campeche, Camp.",-90.529267,19.807671
Kibis El Chino,"C. Belem 74, Leovigildo Gómez, 24060 San Francisco de Campeche, Camp.",-90.515379,19.821069
KiosQuito Campeche,"Av. Maestros Campechanos, 24095 San Francisco de Campeche, Camp.",-90.529291,19.811369
KOEK Dental,"Av. Lázaro Cárdenas 90, 24097 San Francisco de Campeche, Camp.",-90.526799,19.823445
Kolonté Carpintería & Mueblería,"24000, INFONAVIT, Justo Sierra Méndez I y II, 24080 San Francisco de Campeche, Camp.",-90.501037,19.839763
KRAKEN POWERLIFTING GYM,"Del Sol, Barrio de Sta Ana, 24010 San Francisco de Campeche, Camp.",-90.526204,19.844165
Kureshi Sushi,"Brasil 156, Barrio de Sta Ana, 24050 San Francisco de Campeche, Camp.",-90.528259,19.835548
L,"C. Girasol 16, Tomás Aznar, 24060 San Francisco de Campeche, Camp.",-90.519894,19.833224
La Adelita,"Av. Maestros Campechanos, Multunchac, 24095 San Francisco de Campeche, Camp.",-90.527992,19.804899
La Antigua,"Av López Mateos 320, Prado, 24035 San Francisco de Campeche, Camp.",-90.5498,19.832582
La Artesana.,"C. Panamá LB, Barrio de Sta Ana, 24050 San Francisco de Campeche, Camp.",-90.521168,19.841482
La Barbacha,"C. Paraguay, Parque Residencial la Noria, Barrio de Sta Ana, 24050 San Francisco de Campeche, Camp.",-90.52648,19.834076
La Barbería Campeche,"Av. Solidaridad Nacional No.33A, Entre Calle 8 Y Calle 3 de Quintana Roo, Fidel Velázquez, 24023 San Francisco de Campeche, Camp.",-90.493004,19.870276
La Bodeguita de San Pancho,"Av. Francisco I. Madero Calle 10, Barrio de San Francisco, 24010 San Francisco de Campeche, Camp.",-90.521463,19.85055
La candela,"C. 8 entre 3 y 5, Lázaro Cárdenas, 24095 San Francisco de Campeche, Camp.",-90.534297,19.808817
La Carcacha,"Av Cto Baluartes 41, Zona Centro, 24000 San Francisco de Campeche, Camp.",-90.539234,19.84098
La casa de la 12,"C. 12 268, entre Ascencio y Corregidora, Barrio de San Román, 24040 San Francisco de Campeche, Camp.",-90.546405,19.838984
La Casa de la Ropa Campeche,"C. Girasol S/N, Jardines, 24060 San Francisco de Campeche, Camp.",-90.515003,19.828991
La Casa del Café,"Calle Costa Rica 141 Entre Nuevo León y Querétaro, 24050 San Francisco de Campeche, Camp.",-90.532522,19.837008
La Casa del Ingeniero,"C. 51 13-51, Zona Centro, 24000 San Francisco de Campeche, Camp.",-90.534665,19.846797
LA CASITA DE MIS SUEÑOS,"Av República 32, Barrio de Sta Ana, 24050 San Francisco de Campeche, Camp.",-90.52821,19.8397
La Casita del Jamón... y Huevos,"Uruguay 55, Barrio de Sta Ana, 24010 San Francisco de Campeche, Camp.",-90.521601,19.845879
La Cocina De Chepina,"Av. Miguel Alemán 47, Área Ah, 24010 San Francisco de Campeche, Camp.",-90.527482,19.851403
La Cocina de Mamá Rosita,"Av López Mateos 63, Barrio de San José, 24040 San Francisco de Campeche, Camp.",-90.539829,19.83737
La Cocina de Rosy Manzanero,"Sta. Ana 2, Santa Ana, Barrio de Sta Ana, 24050 San Francisco de Campeche, Camp.",-90.519783,19.837737
"La Creperia ""Le Peche Gourmet"" Plaza Universidad","Plaza Universidad, Av. Agustín Melgar 61, Villas Universidad, 24030 San Francisco de Campeche, Camp.",-90.553215,19.82734
LA CUERO BOUTIQUE,"C. Peru 164, entre Jalisco y Coahuila, Barrio de Sta Ana, 24050 San Francisco de Campeche, Camp.",-90.524809,19.837257
La cueva del pirata,"C. 49 Lote número 26, entre 12 y 14, Zona Centro, 24000 San Francisco de Campeche, Camp.",-90.533262,19.845841
La Diana Lavandería y Planchaduría,"Av López Portillo, Tepeyac, 24096 San Francisco de Campeche, Camp.",-90.5394,19.819719
LA FERRE Campeche 2,"Av. Álvaro Obregón 350, Esperanza, 24080 San Francisco de Campeche, Camp.",-90.50107,19.844534
La Ferre Campeche López Portillo,"Av López Portillo 344, Barrio de San José, 24500 San Francisco de Campeche, Camp.",-90.524238,19.814012
La Gas - Periférico,"Perif. Pablo García y Montilla, Lindavista CTM, 24520 San Francisco de Campeche, Camp.",-90.510977,19.795071
La Gas Malecon,"Malecon Campeche area, Área Ah, 24014 San Francisco de Campeche, Camp.",-90.530487,19.85448
La Gas | Lázaro Cárdenas,"Av. Lázaro Cárdenas s/n, entre calle peru y solidaridad, Las Flores, 24097 San Francisco de Campeche, Camp.",-90.525916,19.821282
La Iglesia de Jesucristo de los Santos de los Últimos Días,"Av. Central 120, Barrio de San José, 24040 San Francisco de Campeche, Camp.",-90.535267,19.835015
LA JUSTINA - Restaurante,"Av López Portillo 202, Ignacio Zaragoza, 24095 San Francisco de Campeche, Camp.",-90.53911,19.818563
La lavandería,"Av. Central 41, Barrio de Sta Ana, 24050 San Francisco de Campeche, Camp.",-90.535676,19.838494
La Marqueta,"Av Cto Baluartes, Zona Centro, 24050 San Francisco de Campeche, Camp.",-90.533779,19.842092
La María Cocina Peninsular,"Calle 8 173, Zona Centro, 24000 San Francisco de Campeche, Camp.",-90.536277,19.846664
La Mexicana Abarrotes - Campeche,"Mercado Pedro, C. Costa Rica 70-Loc 68, Barrio de Sta Ana, 24050 San Francisco de Campeche, Camp.",-90.532402,19.842113
La Milpa de Victor,"24000, Calle 8 209, Zona Centro, San Francisco de Campeche, Camp.",-90.535726,19.847388
La Mujer Campechana,"Dársena 256, Área Ah, 24014 San Francisco de Campeche, Camp.",-90.521514,19.858403
La Napoleona Pastelería,"Roman Piña Chan Manzana 27 Lote 4, Guadalupe, Área Ah, 24010 San Francisco de Campeche, Camp.",-90.531602,19.849986
"La Negrita .,,,Mx","C. 10 67B, entre 37 y 39, Barrio de San Francisco, 24010 San Francisco de Campeche, Camp.",-90.521289,19.850157
La Nueva España,"Av. Gobernadores Entre Av. Revolución y Hecelchacanillo, Barrio de Sta Ana, 24050 San Francisco de Campeche, Camp.",-90.519188,19.842795
La Nueva España Panadería y Pastelería,"Av. Lázaro Cárdenas 14, Valle del Sol, 24090 San Francisco de Campeche, Camp.",-90.526747,19.830028
La Nueva España Panadería y Pastelería,"C. 57 16, Zona Centro, 24000 San Francisco de Campeche, Camp.",-90.536805,19.844454
La Nueva España Panadería y Pastelería,"C. 45 37, Barrio de Sta Ana, 24050 San Francisco de Campeche, Camp.",-90.526615,19.842935
La Nueva España Panadería y Pastelería,"C. 10 164, Guadalupe, Barrio de Guadalupe, 24010 San Francisco de Campeche, Camp.",-90.528902,19.84957
La Nueva España Panadería y Pastelería,"Av. Adolfo López Mateos 296-B X Calle Montecristo y, C. Justo Sierra Col, Barrio de San Román, 24035 San Francisco de Campeche, Camp.",-90.548614,19.833015
La Nueva España Panadería y Pastelería,"C. Palenque 2, Kala I, Kalá, 24087 San Francisco de Campeche, Camp.",-90.490413,19.839592
La oficina,"C. 10 329, Zona Centro, 24000 San Francisco de Campeche, Camp.",-90.538153,19.844728
La Olla de la Pagoda,"C. 10 114B, Barrio de San Francisco, 24010 San Francisco de Campeche, Camp.",-90.526227,19.850712
La Orquidea,"C. Aldama 11B, Barrio de San Román, 24040 San Francisco de Campeche, Camp.",-90.545505,19.837144
La Palapa de Samulá,"s/n entre 21,, C. 16 19, Kanisté, 24038 San Francisco de Campeche, Camp.",-90.551996,19.818647
La Palapa del Tío Fito,"Av. Resurgimiento 127, Lazareto, 24044 San Francisco de Campeche, Camp.",-90.555803,19.833792
LA PARADILLA,"Av. Lopéz Portillo #224 Esq, C. 2-B, Samulá, 24000 San Francisco de Campeche, Camp.",-90.541895,19.821748
La Parrilla Malecón,"Av. Resurgimiento s/n, Bosques de Campeche, 24030 San Francisco de Campeche, Camp.",-90.557415,19.832728
La Parrillita,"Nueva del Seguro Soc. #35 A, Barrio de San José, 24040 San Francisco de Campeche, Camp.",-90.537043,19.838547
La Parrillita de la Bola de Queso (Av. López Portillo),"24093, Ixlolbe, 24093 San Francisco de Campeche, Camp.",-90.532618,19.814398
La Parrillita Kala,"Ramón Espínola Blanco I, II y III, Ramón Espínola Blanco I, II y III, 24085 San Francisco de Campeche, Camp.",-90.487544,19.8419
La Parroquia,"C. 55 8, Zona Centro, 24000 Amurallada, Camp.",-90.536298,19.845282
La Pasadita,"24010, Barrio de San Francisco, 24010 San Francisco de Campeche, Camp.",-90.521833,19.849116
La Pigua,"Av. Miguel Alemán 179-A, Guadalupe, Barrio de Guadalupe, 24010 San Francisco de Campeche, Camp.",-90.533153,19.847986
La placita de la 53,"C. 53 19, Zona Centro, 24000 San Francisco de Campeche, Camp.",-90.53525,19.845609
La Pokeparada,"a un costado de la Colosio, Avenida 2000, Júpiter, Valle del Sol, 24090 San Francisco de Campeche, Camp.",-90.530091,19.829839
La Quinta Café,"C. 112 10A, Barrio de Sta Lucía, 24020 San Francisco de Campeche, Camp.",-90.511884,19.844143
La Santa Mx,"Segunda privada del Duque entre Calle Prolongacion Avenida del Deque, Jardines del Pedregal, 24035 San Francisco de Campeche, Camp.",-90.544034,19.827077
La terraza Campeche,"C. 5 entre C4 y C6, El Carmelo, 24075 San Francisco de Campeche, Camp.",-90.505056,19.839177
La tia Betina,"C. Nicaragua 47 A, entre Queretaro y Nuevo leon, Barrio de Sta Ana, 24050 San Francisco de Campeche, Camp.",-90.530704,19.836367
LA TIENDA DEL AHORRO,"Av. Álvaro Obregón 293, Pablo García, 24080 San Francisco de Campeche, Camp.",-90.50203,19.844577
LA TIENDITA,"C. 55 68A, entre 16 y 18, Zona Centro, 24000 San Francisco de Campeche, Camp.",-90.53474,19.842305
La tiendita de Ame,"C. Niebla, Fracciorama 2000, 24090 San Francisco de Campeche, Camp.",-90.529232,19.828003
La Verbena,"Av Hidalgo 84, Huanal, 24070 San Francisco de Campeche, Camp.",-90.511639,19.83938
La Verbena,"Samulá, 24090 San Francisco de Campeche, Camp.",-90.548672,19.817627
La Verbena,"24023, Tlaxcala 30, Fidel Velázquez, San Francisco de Campeche, Camp.",-90.492431,19.867058
La Verbena,"Av Patricio Trueba de Regil, San Rafael, 24090 San Francisco de Campeche, Camp.",-90.534909,19.827965
La Zona,"24086 San Francisco de Campeche, Camp.",-90.497557,19.846997
La117,"C. 12 93, Barrio de Guadalupe, 24010 San Francisco de Campeche, Camp.",-90.531046,19.84737
LABORATORIO BIOMÉDICA DEL SUR,"C. 55 58, Zona Centro, 24000 San Francisco de Campeche, Camp.",-90.534963,19.842527
LABORATORIO BROWN GANTUS,"Calle 12 148-1, Zona Centro, 24000 San Francisco de Campeche, Camp.",-90.536611,19.844767
Laboratorio Clínico,"C. 12 100, Guadalupe, Barrio de Guadalupe, 24010 San Francisco de Campeche, Camp.",-90.532244,19.847072
LABORATORIO CLÍNICO DEL MAR,"Av. Francisco I. Madero 198, Barrio de San Francisco, 24010 San Francisco de Campeche, Camp.",-90.519558,19.846509
Laboratorio Clínico Larmed,"Av Gobernadores 17, Esperanza, 24080 San Francisco de Campeche, Camp.",-90.503295,19.84325
Laboratorio Clínico YREI - Laboratorios de análisis en Campeche,"C. Pedro Moreno 448, entre calle 4 y calle 6, San Rafael, 24090 San Francisco de Campeche, Camp.",-90.534239,19.823895
Laboratorio de Analisis Clinicos VAZCO,"C. 16 de Septiembre, Bellavista (Ampliación), Amp Bellavista, 24020 San Francisco de Campeche, Camp.",-90.505339,19.855683
Laboratorio De Análisis clinicos Y Priebas Especiales,"24040, C. 10 310, Barrio de San Román, San Francisco de Campeche, Camp.",-90.54302,19.84267
"Laboratorio de Análisis Clínicos ""Evalab"" Q.F.B. Lourdes Y. Solís Morales","Av. Gobernadores, C. Nicaragua 575, entre C. 49, Barrio de Sta Ana, 24050 San Francisco de Campeche, Camp.",-90.53132,19.843056
Laboratorio de Análisis Clínicos BIOCAB,"Av 2000 1, Fracciorama 2000, 24090 San Francisco de Campeche, Camp.",-90.534589,19.828763
Laboratorio de Análisis Clínicos FAMILIA,"Av. Central, Barrio de Sta Ana, 24050 San Francisco de Campeche, Camp.",-90.53566,19.838573
Laboratorio de Análisis Clínicos Guadalupe,"Calle 16 Esquina Con 49, 260, C, 24000 San Francisco de Campeche, Camp.",-90.519453,19.846146
Laboratorio de Análisis Clínicos y Pruebas Especiales de Campeche,"Av Patricio Trueba de Regil 16, Fracciorama 2000, 24090 San Francisco de Campeche, Camp.",-90.534529,19.828148
Laboratorio de Análisis Clínicos Yam,"Venus Manzana 7, Valle del Sol, 24090 San Francisco de Campeche, Camp.",-90.528164,19.829898
Laboratorio Diesel Riviera Campeche,"Av. Maestros Campechanos 359, 24095 San Francisco de Campeche, Camp.",-90.529104,19.808017
Laboratorio Dr. Gen,"Av López Mateos, Barrio de San José, 24040 San Francisco de Campeche, Camp.",-90.541612,19.836435
Laboratorio Estatal de Salud Pública,"Francisco Field, Área Ah, 24443 San Francisco de Campeche, Camp.",-90.528372,19.854399
Laboratorio Frana,"Av Gobernadores 310, Barrio de Sta Ana, 24050 San Francisco de Campeche, Camp.",-90.531322,19.843065
LABORATORIO GAVA,"Av. Central 52, Barrio de San José, 24040 San Francisco de Campeche, Camp.",-90.535765,19.837731
LABORATORIO GAVA,"Av. Concordia, Invasión Esperanza, 24080 San Francisco de Campeche, Camp.",-90.498126,19.832699
Laboratorio Guadalupe,"C. 55 48, entre calle 14 y calle 16, Zona Centro, 24020 San Francisco de Campeche, Camp.",-90.507503,19.846071
Laboratorio Marin,"C. Costa Rica 110, Barrio de Sta Ana, 24050 San Francisco de Campeche, Camp.",-90.532674,19.837027
Laboratorio Médico del Chopo Plaza Martel,"Joaquín Clausell 32, Área Ah, 24014 San Francisco de Campeche, Camp.",-90.530416,19.851937
Laboratorio Médico del Chopo San Francisco Campeche,"Av. López Mateos, C. Pedro Moreno D 27, 24040 San Francisco del Rincón, Camp.",-90.538828,19.838596
Laboratorio Médico del Chopo Ximbal,"Av. Lázaro Cárdenas S/N, Las Flores, 24060 San Francisco de Campeche, Camp.",-90.526239,19.832438
LABORATORIO NAYIBE SANSORES,"C. 10 310, Barrio de San Román, 24040 San Francisco de Campeche, Camp.",-90.543051,19.842721
Laboratorio Orcilab,"Av. Álvaro Obregón 303, Barrio de Sta Lucía, 24020 San Francisco de Campeche, Camp.",-90.50036,19.845454
Laboratorio para Aguas y Alimentos de Campeche SC,"Acción Nacional 11, Amp Polvorín II, 24060 San Francisco de Campeche, Camp.",-90.525788,19.824819
Laboratorio Premier,"Av. Concordia, Kala I, Cd Concordia, 24085 San Francisco de Campeche, Camp.",-90.490416,19.839509
LABORATORIO Q.F.B Guadalupe Arroyo Maa,"C. 14 104, Zona Centro, 24000 San Francisco de Campeche, Camp.",-90.534132,19.844366
Laboratorio QFB. Nidia Cardenas Barrera,"Av. Central 27, Barrio de Sta Ana, 24050 San Francisco de Campeche, Camp.",-90.536133,19.83921
Laboratorio S.C. (Sergio Cambranis),"Plaza Universidad, 24030, Av. Agustín Melgar 45-int. 55, entre avenida Universidad y calle 20, 24030 San Francisco de Campeche, Camp.",-90.553723,19.827262
Laboratorio San Miguel Campeche,"Gustavo Díaz Ordaz 63-Local 3, Área Ah, 24028 San Francisco de Campeche, Camp.",-90.517523,19.858576
Laboratorio San Román,"CONTRA ESQUINA DE LA CRUZ ROJA, AVENIDA LAS PALMAS 137, Camino Real, 24020 San Francisco de Campeche, Camp.",-90.51651,19.858898
Laboratorio TU SALUD,"Kala I, Cd Concordia, 24085 San Francisco de Campeche, Camp.",-90.490398,19.839507
LABORATORIOS DE ANALISIS CLINICOS LOURDES Y. SOLIS M,"Av Gobernadores #575, Barrio de Sta Ana, 24050 San Francisco de Campeche, Camp.",-90.531203,19.843182
LABORATORIOS RED CAMPECHE,"C. 10, Barrio de la Ermita, 24020 San Francisco de Campeche, Camp.",-90.518498,19.854142
Laboreza,"Av Gobernadores 535, Barrio de Sta Ana, 24050 San Francisco de Campeche, Camp.",-90.529452,19.843151
LabSur,"Av Luis Donaldo Colosio Murrieta 142, Barrio de San José, 24040 San Francisco de Campeche, Camp.",-90.541376,19.832079
LaCasitaVerde,"Loto entre Tulipan y Gardenia, Las Flores, 24097 San Francisco de Campeche, Camp.",-90.52832,19.820918
LACPE LABORATORIOS,"Av Patricio Trueba de Regil 16-Int: L, Fracciorama 2000, 24090 San Francisco de Campeche, Camp.",-90.534529,19.828148
LACPECAM,"Av Patricio Trueba de Regil Manzana L Lote 16, Fracciorama 2000, 24090 San Francisco de Campeche, Camp.",-90.53453,19.828144
Lalo's,"Av Aviación 41, Barrio de Sta Lucía, 24020 San Francisco de Campeche, Camp.",-90.506757,19.842684
Lancer Laboratorios Campeche,"C. Peru 211, Polvorín, 24060 San Francisco de Campeche, Camp.",-90.525247,19.826604
Las Cazuelas Campeche,"Av 2000 41, Fracciorama 2000, 24090 San Francisco de Campeche, Camp.",-90.534599,19.828764
Las Lupitas Hotel Boutique,"esquina con, calle 10B, C. 45-B, Barrio de Guadalupe, 24010 San Francisco de Campeche, Camp.",-90.530501,19.848973
Las Negritas,"Jesús García Corona 22, Héroe de Nacozari, 24070 San Francisco de Campeche, Camp.",-90.508051,19.830977
Lava Max,"C. 22 96C, Barrio de San José, 24040 San Francisco de Campeche, Camp.",-90.542485,19.833909
Lavanderia A Lavar Suc Ex Hda Kala,"Av. Exhacienda Kala 11, 24085 San Francisco de Campeche, Camp.",-90.481133,19.839028
Lavanderia Acostamar,"Av López Portillo 212-Loc 2, Sascalum, 24098 San Francisco de Campeche, Camp.",-90.538366,19.817931
LAVANDERIA BELEN,"Barrio de Sta Ana, 24050 San Francisco de Campeche, Camp.",-90.532376,19.836018
LAVANDERIA BURBU CLEAN COLONIAL,"Xcaret, Amp Kalá I, 24087 San Francisco de Campeche, Camp.",-90.491104,19.84825
Lavanderia Jabon & Espuma,"C. Ecuador 10, Barrio de Sta Ana, 24050 San Francisco de Campeche, Camp.",-90.522233,19.842428
LAVANDERIA LA FLOR DE TABASCO,"Plaza Xel-Ha, C. 10-B, Barrio de la Ermita, 24020 San Francisco de Campeche, Camp.",-90.519461,19.856564
LAVANDERIA LA GLORIETA,"Campeche 2, Amp Polvorín II, 24060 San Francisco de Campeche, Camp.",-90.526554,19.824517
Lavanderia La Lavada,"Av. Central 150, Barrio de San José, 24040 San Francisco de Campeche, Camp.",-90.534838,19.833163
Lavanderia la ria,"Av. Gobernadores 314, Barrio de San Francisco ,24010 San Francisco de Campeche,Camp., México, Barrio de San Francisco, 24010 San Francisco de Campeche, Camp.",-90.519434,19.843026
Lavanderia PalmaReal Campeche,"Nueva Plan Chac, Viveros, 24089 San Francisco de Campeche, Camp.",-90.496658,19.85028
LAVANDERIA SATELITE,"Fernando Montes de Oca A 12, Héroes de Chapultepec, 24030 San Francisco de Campeche, Camp.",-90.562169,19.828278
Lavanderia Vicaria,"Vicaría 16, Amp Jardines, 24060 San Francisco de Campeche, Camp.",-90.515706,19.826522
Lavandería A LAVAR,"Antigua Carretera Campeche - Mérida, Plaza comercial La PLAZITA, # 567 Int. 1 a 100 mts de Bodega Aurrera Kalá, Eduardo J. Lavalle Urbina, 24087 San Francisco de Campeche, Camp.",-90.491732,19.850459
Lavandería batallón,"Batallón entre de Sinaí y c tulipán, Leovigildo Gómez, 24060 San Francisco de Campeche, Camp.",-90.514655,19.823536
Lavandería burbujas,"240060, Jardines, 24060 San Francisco de Campeche, Camp.",-90.514785,19.82755
Lavandería burbujitas,"C. 16 342-c, Zona Centro, 24000 San Francisco de Campeche, Camp.",-90.535816,19.842517
Lavandería Capital,"Av. Francisco I. Madero 118, Barrio de San Francisco, 24010 San Francisco de Campeche, Camp.",-90.52042,19.849606
Lavandería de la 43,"Calle Mariano Escobedo N43, Barrio de San Francisco, 24010 San Francisco de Campeche, Camp.",-90.525461,19.848306
Lavandería del Bosque,"Avenida Universidad 2, Bosques de Campeche, 24030 San Francisco de Campeche, Camp.",-90.553557,19.832187
Lavandería Estela,"C. 12 343, Barrio de San Román, 24040 San Francisco de Campeche, Camp.",-90.547828,19.837777
Lavandería Express,"C. 22, Centro, 24520 Chiná, Camp.",-90.496151,19.772002
Lavandería La Diana y Planchaduría Sucursal,"Av. Prol. Benito Juárez, 24560 San Francisco de Campeche, Camp.",-90.486846,19.873111
Lavandería LavaClean,"Av López Portillo 9, Vicente Guerrero, 24035 San Francisco de Campeche, Camp.",-90.550836,19.826622
Lavandería limpia clean,"C. Candelaria 2, Cuatro Caminos (Ampliación), Amp Cuatro Caminos, 24070 San Francisco de Campeche, Camp.",-90.515333,19.832845
Lavandería Mako Clean,"Pacífico de México 46, entre Carretera Antigua A Hampolol, Solidaridad Nacional, 24025 San Francisco de Campeche, Camp.",-90.498127,19.869384
Lavandería Marklin,"villacabra y cuatro 7, C. 108 Local2, entre las calles, Bellavista, 24020 San Francisco de Campeche, Camp.",-90.51238,19.851744
Lavandería SPLasH,"Plaza Revolución, Lázaro Cárdenas Local 0X, Presidentes de México, 24088 San Francisco de Campeche, Camp.",-90.490209,19.863025
Lavandería WASHÉ,"De Prol. Pedro Moreno, San Rafael, 24090 San Francisco de Campeche, Camp.",-90.535548,19.829574
Lavandería y Planchaduria Piscis,"Av Luis Donaldo Colosio Murrieta, Barrio de San José, 24040 San Francisco de Campeche, Camp.",-90.539479,19.831019
Lavandería y Planchaduría El Tendedero,"Avenida Concordia 5, Kala ll, 24085 San Francisco de Campeche, Camp.",-90.525463,19.851878
"Lavandería y Tintorería ""LA TINTO""","C. 57 49, entre 16 y 18, Zona Centro, 24000 San Francisco de Campeche, Camp.",-90.535605,19.842422
le Ballet,"Calle 12 146, Zona Centro, 24000 San Francisco de Campeche, Camp.",-90.536484,19.844924
Lens Outlet,"Barrio de Sta Ana, 24050 San Francisco de Campeche, Camp.",-90.535678,19.838537
LEO Zapatería,"C. 57 6, Zona Centro, 24000 San Francisco de Campeche, Camp.",-90.537005,19.844896
Lerma,24500 Camp.,-90.59289,19.811395
Lerma,"C. 20 1733, Pesquera, 24500 Lerma, Camp.",-90.59314,19.811583
LERMA,"C. 19, Lerma Centro, 24500 Lerma, Camp.",-90.600737,19.806182
Lerma Centro,"San Francisco de Campeche, Camp.",-90.60088,19.805043
Lerma3DLab,"carretera, Supermanzana km 10, Las Brisas, 24500 San Francisco de Campeche, Camp.",-90.60357,19.801772
Letras Campeche,"Carr. Costera del Golfo, Zona Centro, 24000 San Francisco de Campeche, Camp.",-90.539294,19.84818
Letras Lerma,"C. 20 368, Lerma Centro, 24500 Lerma, Camp.",-90.608377,19.801534
LF Comercializadora,"Los Laureles 7, entre calle Tulipanes y Av. López Portillo, Los Laureles, 24096 San Francisco de Campeche, Camp.",-90.5271,19.81559
Libertad Financiera,"C. 59 2-Loc 3, Col. Centro, 24000 San Francisco de Campeche, Camp.",-90.538425,19.845639
LIC. ABELARDO MALDONADO GUERRERO,"Av Adolfo Ruiz Cortinez 3-Int: -A, GUADALUPE, 24010 San Francisco de Campeche, Camp.",-90.532966,19.848909
Lic. Isabel del C. Ruíz Guillermo,"C. 61 31, Zona Centro, 24000 San Francisco de Campeche, Camp.",-90.538014,19.843353
Limpieza Integral Isabel Especialistas en Telas y Superficies,"C. 104 22, Bellavista, 24020 San Francisco de Campeche, Camp.",-90.515537,19.848661
Lineä Finä Campeche,"Av. Lázaro Cárdenas 3, Lomas de las Flores, 24060 San Francisco de Campeche, Camp.",-90.524271,19.816703
Little Caesars Pizza Colosio,"Av Luis Donaldo Colosio Murrieta 28, Barrio de Sta Ana, 24050 San Francisco de Campeche, Camp.",-90.532843,19.830322
Little Caesars Pizza Fundadores,"Calle Mariano Escobedo 4, Área Ah, 24014 San Francisco de Campeche, Camp.",-90.526158,19.854049
Little Caesars Pizza Universidad,"Esq Agustin Melgar, Av. Agustín Melgar 7, Bosques de Campeche, 24030 San Francisco de Campeche, Camp.",-90.555729,19.829225
Liverboutique 3,"24040, Barrio de San José, 24040 San Francisco de Campeche, Camp.",-90.534858,19.831667
Liverpool,"Centro Comercial Galerías, Pedro Sainz de Baranda 1401, Barrio de la Ermita, 24000 San Francisco de Campeche, Camp.",-90.521545,19.857444
LLANTAMAR,"C. 14 1C, Barrio de Sta Lucía, 24020 San Francisco de Campeche, Camp.",-90.511742,19.847704
Llantas De Campeche,"Av López Mateos 125, Barrio de San José, 24040 San Francisco de Campeche, Camp.",-90.5425,19.83584
LLANTAS DEL SURESTE,"Av Gobernadores 353, Barrio de Sta Ana, 24050 San Francisco de Campeche, Camp.",-90.520632,19.842806
Llantas Mayab Suc. Campeche,"Av Gobernadores 4, Barrio de Sta Ana, 24050 San Francisco de Campeche, Camp.",-90.520951,19.842881
Llantas Pulido Suc. Gobernadores,"Av. Gobernadores, Vía de ferrocarril 232-X, Dzarbay, 24020 San Francisco de Campeche, Camp.",-90.514726,19.842872
"Llantera ""El Chaparrito""","Av López Mateos 40, Barrio de San Román, 24040 San Francisco de Campeche, Camp.",-90.539359,19.838216
Llantera el lagarto,"24084 San Francisco de Campeche, Camp.",-90.476318,19.843121
Llantera Llantamaya Ahkimpech,"Sector Fundadores Esquina con, Lorenzo Alfaro Alomia, Av Ricardo Castillo Oliver 23, Área Ah, 24014 San Francisco de Campeche, Camp.",-90.52592,19.853292
Llantera Llantamaya Jaina - Pirelli,"Sector Justicia social, Av. Jaina Manzana Colonia Lote #1, entre Av. Kala Y calle Jaina, 24088 San Francisco de Campeche, Camp.",-90.49447,19.851262
Llantera Llantamaya Maestros Campechanos,"Av, Av. Maestros Campechanos No. 363, Multunchac, 24090 San Francisco de Campeche, Camp.",-90.529253,19.809437
LLANTERA MONSOF - Bridgestone,"Av. Álvaro Obregón 240-B, Esperanza, 24080 San Francisco de Campeche, Camp.",-90.500897,19.844865
Llantera Servimax Campeche,"Av Patricio Trueba de Regil 239, Zona Sin Asignación de Nombre, 24090 San Francisco de Campeche, Camp.",-90.532134,19.822813
Llantera y Mecánico Eléctrico Magaña,"Solidaridad 14-3, Bellavista (Ampliación), Amp Bellavista, 24020 San Francisco de Campeche, Camp.",-90.508745,19.858217
LLYASA Llantas y Taller,"Av Gobernadores 45, Barrio de Sta Lucía, 24020 San Francisco de Campeche, Camp.",-90.514831,19.842872
LoAN Sport,"Av López Mateos 185, Barrio de San José, 24040 San Francisco de Campeche, Camp.",-90.544931,19.834499
LOB FOOTWEAR CAMPECHE,"Pedro Sainz de Baranda 139-239, Área Ah, 24014 San Francisco de Campeche, Camp.",-90.523189,19.856622
Lobby Café,"Av Luis Donaldo Colosio Murrieta, Barrio de San José, 24040 San Francisco de Campeche, Camp.",-90.539431,19.831021
"Local De Fiestas ""LOS ABUELOS""","C. 15 36, Samulá, 24090 San Francisco de Campeche, Camp.",-90.546561,19.818198
LOCOS X EL ASADO CARNES A LA LEÑA,"Av. Álvaro Obregón 163, Barrio de Sta Lucía, 24020 San Francisco de Campeche, Camp.",-90.514911,19.845998
Logex Envios,"Tamaulipas 318, entre Calle Panama y Av. Revolucion, Barrio de Sta Ana, 24050 San Francisco de Campeche, Camp.",-90.519793,19.842033
LOLY'S Papelería y Novedades,"C. 5 15, entre 101 y Villacabra, Bellavista, 24020 San Francisco de Campeche, Camp.",-90.510515,19.851271
Lomelis,"24010, C. 14 36, Barrio de San Francisco, 24010 San Francisco de Campeche, Camp.",-90.525653,19.847905
Lomur Boutique (Boga boutique),"Avenida José López Portillo Num. 28 Local 1 Plaza, Kanisté, 24038 San Francisco de Campeche, Camp.",-90.551809,19.826292
Lonchería Fey Ricas Comidas,"calle 18 entre 55 y 57, Zona Centro, 24000 San Francisco de Campeche, Camp.",-90.53496,19.842069
Lonchería Y Cocina Económica Monsanty,"C. Venezuela, Barrio de Sta Ana, 24010 San Francisco de Campeche, Camp.",-90.524028,19.845877
Los 5 Reyes,"24023, Av. Solidaridad Nacional 1, Fidel Velázquez, San Francisco de Campeche, Camp.",-90.493852,19.870641
Los Abuelitos,"C. 21 33, Samulá, 24090 San Francisco de Campeche, Camp.",-90.545269,19.814065
Los Abuelos Campeche,"C. Bravo 8, Barrio de San Román, 24040 San Francisco de Campeche, Camp.",-90.544998,19.841045
Los Autenticos al Estilo Brontosaurio's,"Calle Novena, Manzana 97, Lote 177, San francisco de campeche77, Siglo XXI, 24085 Mexico, Camp.",-90.491349,19.80203
Los Calditos,"C. 10-B 100, Barrio de San Francisco, 24010 San Francisco de Campeche, Camp.",-90.524237,19.852027
Los Cedros,"Carr. Antigua A Hampolol 92, Villa Mercedes, 24027 San Francisco de Campeche, Camp.",-90.503469,19.865476
Los Delfines,"Pedro Sainz de Baranda s/n-Local 9, Área Ah, 24028 San Francisco de Campeche, Camp.",-90.511833,19.864523
LOS DORADOS CHILAQUILES,"Ciriaco Vázquez 102, KIOSCO #2, 24000 San Francisco de Campeche, Camp.",-90.532205,19.843742
Los molcajetes taqueria,"Av. Lázaro Cárdenas 90, Zona Sin Asignación de Nombre, 24090 San Francisco de Campeche, Camp.",-90.526762,19.823452
Los Murmullos Casa Boutique,"C. 10-B 167, Guadalupe, 24010 San Francisco de Campeche, Camp.",-90.529648,19.849518
Los Nea sazón colombomexa,"Prolongacion Av Lazaro Cardena Sn Calle Peru Y Av Luis Donaldo C, Barrio de Sta Ana, 24050 San Francisco de Campeche, Camp.",-90.526585,19.833042
LOS PEQUES,"Tepeyac, 24096 San Francisco de Campeche, Camp.",-90.53613,19.819672
"LOS SECA""S""","C. 110, Barrio de Sta Lucía, 24020 San Francisco de Campeche, Camp.",-90.512366,19.843454
Los Taquitos de la López,"Av López Mateos 118, Barrio de San José, 24040 San Francisco de Campeche, Camp.",-90.542039,19.836414
Los Trompos | Campeche,"Pedro Sainz de Baranda 139, Área Ah, 24014 San Francisco de Campeche, Camp.",-90.522288,19.857204
los Weros de Campeche,"Av Patricio Trueba de Regil 322, Sascalum, 24095 San Francisco de Campeche, Camp.",-90.529767,19.818132
Luan,"C. 59 35, Zona Centro, 24000 San Francisco de Campeche, Camp.",-90.536824,19.843151
LUBRILLANTAS DE CAMPECHE,"Av Patricio Trueba de Regil 230, Sascalum, 24095 San Francisco de Campeche, Camp.",-90.529696,19.815406
Lucio Rodriguez Nos,"C. 12 100, Barrio de Guadalupe, 24010 Acapulco de Juárez, Camp.",-90.532244,19.847072
LUCIO Taller Mecánico,"Vicente Guerrero, 24035 San Francisco de Campeche, Camp.",-90.546988,19.828746
Lumía Café,"C.Granizo, Av Tormenta, Fracciorama 2000, 24097 San Francisco de Campeche, Camp.",-90.530977,19.826406
Lupita,"Segunda 87, Siglo XXI, 24073 San Francisco de Campeche, Camp.",-90.492327,19.815231
"LUUS YAILO, Centro de Medicina Fisica Integral","Av República 121, entre Nicaragua Y Costa Rica, Colonia Santa Ana, Barrio de Sta Ana, 24010 San Francisco de Campeche, Camp.",-90.532145,19.840346
Láser Laboratorio y Servicios,"C. Flor de Limón 4, Tomás Aznar, 24069 San Francisco de Campeche, Camp.",-90.524473,19.83339
Lásercraft Campeche,"Junto a la Supauac Local Negro, 4ta privada de la 18, Av López Portillo 70, Vicente Guerrero, 24035 San Francisco de Campeche, Camp.",-90.548065,19.827137
Ma'alo'ob K'iin,"And. Rosa Flores, Las Flores, 24097 San Francisco de Campeche, Camp.",-90.529203,19.822303
MAC CHUCHO,"C. 11, Centro, 24520 Chiná, Camp.",-90.495627,19.770143
Maco Creativos,"calle 49c entre 8 y 10, Samulá, centro, 24000 San Francisco de Campeche, Camp.",-90.546497,19.823809
"Madame Chantal, ""Centro de Distribución""n","Tamaulipas 96A, Barrio de Sta Ana, 24050 San Francisco de Campeche, Camp.",-90.530065,19.84176
MADEL,"dentro Mega Soriana, Av. Central 91-Local MADEL, Barrio de Sta Ana, 24050 San Francisco de Campeche, Camp.",-90.534841,19.837462
Maderas Bernés,"C. Veracruz 6-B, Barrio de Sta Ana, 24050 San Francisco de Campeche, Camp.",-90.52616,19.840423
MADISA Campeche,"Av. Heroe de Nacozari Km 13, Col, Héroe de Nacozari, 24070 San Francisco de Campeche, Camp.",-90.503378,19.795355
MAESTRO DE AMÉRICA Secundaria - Preparatoria,"Av Gobernadores N°172, Barrio de Sta Lucía, 24020 San Francisco de Campeche, Camp.",-90.511275,19.842625
Maestros Campechanos,"Palmas ÌII Interior A, Palmas III, 24027 San Francisco de Campeche, Camp.",-90.503231,19.86748
Magic Style,"C. 14 num 17-Local 2, entre Calle 5 y Calle 104, Barrio de Sta Lucía, 24020 San Francisco de Campeche, Camp.",-90.516199,19.848246
MAJA Galerías Campeche,"Sector Metropolitano del área, Plaza Galerías, Pedro Sainz de Baranda 139-Local 168, Área Ah, 24014 San Francisco de Campeche, Camp.",-90.522379,19.856912
Majan naj,"C. 12 12, Lázaro Cárdenas, 24095 San Francisco de Campeche, Camp.",-90.535227,19.809995
Majo Castillo Repostería Fina,"Calle Prolongación Bravo No.49, Tepeyac, 24096 San Francisco de Campeche, Camp.",-90.536365,19.821542
MAJO NOVEDADES,"Av. Miguel Alemán 257, Barrio de la Ermita, 24020 San Francisco de Campeche, Camp.",-90.520757,19.855831
Makech,"C. Pedro Moreno 93, Barrio de San José, 24040 San Francisco de Campeche, Camp.",-90.536406,19.83288
MakerThings3D,"24060 San Francisco de Campeche, Camp.",-90.52471,19.818923
Malcriado Creativos,"C. And. Los Aguacates 33, Quinta Belem I y II, 24050 San Francisco de Campeche, Camp.",-90.530205,19.831619
Malecón de Campeche,"Golfo de México, Solidaridad Nacional, 24014 San Francisco de Campeche, Camp.",-90.53977,19.847891
Manila Estilistas,"Av. Central 62, Barrio de San José, 24040 San Francisco de Campeche, Camp.",-90.535523,19.8373
MANINE,"CALLE QUERETARO 135-D entre Peru y, Ecuador, C. Querétaro, 24050 San Francisco de Campeche, Camp.",-90.524411,19.835273
Mansión Carvajal,"C. 10 230, Zona Centro, 24000 San Francisco de Campeche, Camp.",-90.535038,19.846458
Manuel Delgado Campeche,"Av Luis Donaldo Colosio Murrieta 8-12, Barrio de Sta Ana, 24050 San Francisco de Campeche, Camp.",-90.532287,19.830333
Manufactura Y Comercializacion Herhoff,"Av López Portillo Manzana 4 Lote 19, 24093 San Francisco de Campeche, Camp.",-90.532903,19.814418
Manz-Ana,"24050, Barrio de Sta Ana, 24050 San Francisco de Campeche, Camp.",-90.531703,19.838759
Maquila Serigrafía Campeche,"C. Monte de los Olivos 13, Leovigildo Gómez, 24060 San Francisco de Campeche, Camp.",-90.514559,19.822646
MARAÑON,"C. 26, Marañón, 24500 Lerma, Camp.",-90.597072,19.80646
MARFITNESS,"C. 14 Manzana y 36, Montecristo, 24044 San Francisco de Campeche, Camp.",-90.551502,19.834995
Marganzo Restaurante,"Calle 8 267, Zona Centro, 24000 San Francisco de Campeche, Camp.",-90.53818,19.845799
Mariana Beauty Salón,"Av María Lavalle Urbina, Fundadores 15-Local 11, planta alta, Guadalupe, Área Ah, 24010 San Francisco de Campeche, Camp.",-90.53004,19.853268
Mariscos Aracely's,"Pedro Sainz de Baranda 137, Área Ah, 24010 San Francisco de Campeche, Camp.",-90.520677,19.858452
Mariscos El Kraken,"Plaza Attimo, Av Luis Donaldo Colosio Murrieta, Barrio de Sta Ana, 24050 San Francisco de Campeche, Camp.",-90.529413,19.831122
Marisquería Baruch,"Av Casa de Justicia 6, 24097 San Francisco de Campeche, Camp.",-90.527666,19.824329
Marisquería Vilma,"C. Lazareto 20 A, Prado, 24035 San Francisco de Campeche, Camp.",-90.553218,19.832084
Marisquería Yemaya,"220 Carr. Campeche-Lerma Km 202 Campeche - Lerma, 24030 San Francisco de Campeche, Camp.",-90.575121,19.82281
Marivale Café,"24090, Samulá, 24090 San Francisco de Campeche, Camp.",-90.548495,19.822212
Marketing de Gobierno,"Sta. Ana 16, Villas Santa Ana, Barrio de Sta Ana, 24050 San Francisco de Campeche, Camp.",-90.519868,19.838264
MartMay Bienes Raices,"Ciruela 6, entre PARAGUAY Y CIRICOTE, La Huerta, Barrio de Sta Ana, 24050 San Francisco de Campeche, Camp.",-90.527614,19.836399
MaryKay - unidad de colores,"C. 51 19, Zona Centro, 24000 San Francisco de Campeche, Camp.",-90.534386,19.846293
Maseca Gruma Bodega Campeche,"Av. Heroe de Nacozari, 24062 San Francisco de Campeche, Camp.",-90.502194,19.794118
MATERBARRO,"Frente a la cancha principal de usos múltiples Los, C. 22 992, Pirulines, 24520 Chiná, Camp.",-90.497114,19.776408
Materiales 23 de Abril,"C. 5 entre 18 y 20, Lázaro Cárdenas, 24095 San Francisco de Campeche, Camp.",-90.537951,19.809203
Materiales Alavez,"De la 20, Chonhuás, 24520 Chiná, Camp.",-90.491346,19.770332
Materiales Belén,"C. Costa Rica, Barrio de Sta Ana, 24050 San Francisco de Campeche, Camp.",-90.534122,19.833649
Materiales Centurión sucursal Campeche,"Av López Portillo 42, Zona Sin Asignación de Nombre, 24062 San Francisco de Campeche, Camp.",-90.507997,19.813727
Materiales CONSTRUMASS,"Av. Concordia 35, El Carmelo, 24075 San Francisco de Campeche, Camp.",-90.504669,19.836536
Materiales De Construccion Ligera,"Av. Heroe de Nacozari 212, Lomas Delicias, 24060 San Francisco de Campeche, Camp.",-90.514375,19.837505
Materiales de construccion los negros,"Acción Nacional 10, Polvorín (Ampliación), Polvorín, 24060 San Francisco de Campeche, Camp.",-90.522794,19.825038
Materiales De Construcción Moguel,"Leovigildo Gómez Mza 4 Lte 15, Esquina Con, De Sinaí, 24060 San Francisco de Campeche, Camp.",-90.514319,19.823244
Materiales de La 21,"C. 21, Samulá, 24090 San Francisco de Campeche, Camp.",-90.550416,19.816175
Materiales dos hermanos,"24520, Centro, 24520 México, Camp.",-90.495786,19.766119
Materiales El Fuerte,"C. 10-A, Bellavista, 24020 San Francisco de Campeche, Camp.",-90.512723,19.857207
Materiales el Gato,"Av. Jaina 20, Unidad y Trabajo, 24088 San Francisco de Campeche, Camp.",-90.493289,19.854544
Materiales el güero,"1er. Priv. Prol. Pedro Moreno 134, San Rafael, 24090 San Francisco de Campeche, Camp.",-90.535342,19.828272
MATERIALES EL GÜERO,"Cto. Pablo García Oeste 3, Cd Concordia, 24085 SAN FRANCISCO, Camp.",-90.494352,19.833426
Materiales El Rey,"Emiliano Zapata, 20 de Noviembre, 24085 San Francisco de Campeche, Camp.",-90.484106,19.833541
Materiales Eliezer,"Av República 175, Barrio de Sta Ana, 24050 San Francisco de Campeche, Camp.",-90.535199,19.84083
Materiales HEXA,"C. Montecristo 26, Prado, 24040 San Francisco de Campeche, Camp.",-90.549985,19.83539
Materiales la Guadalupana,"Calle 16, Barrio de Sta Ana, 24010 San Francisco de Campeche, Camp.",-90.526384,19.845788
MATERIALES LAS TORRES,"Centro, 24520 Chiná, Camp.",-90.493426,19.764784
Materiales Martha Elena,"C. 102 43, Dzarbay, 24020 San Francisco de Campeche, Camp.",-90.515632,19.845019
MATERIALES MELISSA,"Av López Portillo 1, entre calle 12 y 2, Samulá, 24090 San Francisco de Campeche, Camp.",-90.552494,19.826152
Materiales Oreza,"C. 12 56, Samulá, 24090 San Francisco de Campeche, Camp.",-90.549253,19.82254
MATERIALES ORTEGON,"C. Reyes Heroles 65, Morelos, 24026 San Francisco de Campeche, Camp.",-90.499096,19.859203
Materiales para Construccion Miguel Hidalgo,"Av López Portillo Col, Miguel Hidalgo, 24094 San Francisco de Campeche, Camp.",-90.537456,19.816769
Materiales para construcción M&K,"C. Josefa Ortiz de Domínguez 87, Granjas, 24080 San Francisco de Campeche, Camp.",-90.505093,19.848076
Materiales Para Construcción y Ferretería el Flaco,"Av. Concordia Manzana 14, Justo Sierra Méndez I y II, 24026 San Francisco de Campeche, Camp.",-90.503829,19.836049
Materiales rojas,"C. 12 entre 15 y 17, Samulá, 24090 San Francisco de Campeche, Camp.",-90.549571,19.81893
Materiales Rojas sucursal Colosio,"Av Luis Donaldo Colosio Murrieta 449, Prado, 24040 San Francisco, Camp.",-90.548128,19.832722
Materiales Samuel,"C. 7 Lote 8, 24095 San Francisco de Campeche, Camp.",-90.537659,19.807916
materiales san felipin,"Av. Cto. Constitución 35, Peña, 24089 San Francisco de Campeche, Camp.",-90.497394,19.849148
MATERIALES SAN FELIPIN,"24026 LAS, Granjas, 24026 San Francisco de Campeche, Camp.",-90.505591,19.854325
MATERIALES SAN FELIPIN,"ANT, C. Kalá 24, Vivah, 24088 San Francisco de Campeche, Camp.",-90.482353,19.852835
Materiales Siglo XXI,"Siglo XXI, Vivah 1 Etapa, Siglo XXI, 24073 San Francisco de Campeche, Camp.",-90.488959,19.800999
MATERIALES SU CASA,"C. Pedro Moreno Lote 32, Sascalum, 24095 San Francisco de Campeche, Camp.",-90.531998,19.815998
Materiales TAURO,"Av. Cto. Constitución, Peña, 24085 San Francisco de Campeche, Camp.",-90.498027,19.846868
Materiales Tres de Mayo,"Av. Lázaro Cárdenas, Zona Sin Asignación de Nombre, 24096 San Francisco de Campeche, Camp.",-90.525717,19.820142
Materiales xool,"C. 21 49, Samulá, 24090 San Francisco de Campeche, Camp.",-90.546599,19.814582
"Materiales, obras y servicios de Campeche","Calle 4, numero 7, interior 2 entre calle 5 y 7, Samulá, 24090 San Francisco de Campeche, Camp.",-90.542946,19.822362
Matt's Mundo de fantasía ✨,"Vigésima Sexta Lote 3, Vivah 1 Etapa, Siglo XXI, 24073 San Francisco de Campeche, Camp.",-90.491463,19.800121
Max,"Pedro Sainz de Baranda Mza. G Lte. X, Área Ah, 24014 San Francisco de Campeche, Camp.",-90.530553,19.854581
Max El Color De Los Expertos,"Av Luis Donaldo Colosio Murrieta 62, Barrio de San José, 24040 San Francisco de Campeche, Camp.",-90.545061,19.832896
Maxicampeche,"Av Luis Donaldo Colosio Murrieta 12, Barrio de Sta Ana, 24050 San Francisco de Campeche, Camp.",-90.531942,19.830271
Maxicarne,"Av Luis Donaldo Colosio Murrieta 14, Barrio de Sta Ana, 24050 San Francisco de Campeche, Camp.",-90.518757,19.838283
Maxicarne Gobernadores 1,"Av Gobernadores 11-B, Esperanza, 24080 San Francisco de Campeche, Camp.",-90.502883,19.843581
Maya Campeche Hotel,"C. 57 40, Zona Centro, 24000 San Francisco de Campeche, Camp.",-90.536121,19.843081
Mazda Campeche,"Avenida María Lavalle Urbina Mz E 1 Lt 6,7,17,18 Area, Área Ah, 24014 San Francisco de Campeche, Camp.",-90.531673,19.852513
Mc Dog Presidentes,"24088, Gral. Mariano Arista 41, Presidentes de México, San Francisco de Campeche, Camp.",-90.488451,19.861818
MC Taller Automotriz,"Av Álvaro Obregón y Calle 16 116, Calle, 24020 San Francisco de Campeche, Camp.",-90.517963,19.848375
Mc'Soriano Burger,"Gral bautista ceballos, Lázaro Cárdenas con, 24023 San Francisco de Campeche, Camp.",-90.49033,19.862774
Mc. Nuel's Hamburguesas,"C. Paraguay 171, Barrio de Sta Ana, 24050 San Francisco de Campeche, Camp.",-90.526794,19.835799
McDogs foodtruck Hamburguesas y Hotdogs,"Av. Francisco I. Madero 69-17, Barrio de la Ermita, 24020 San Francisco de Campeche, Camp.",-90.521851,19.852288
McDonald's,"Roman Piña Chan 5, Área Ah, 24014 San Francisco de Campeche, Camp.",-90.532776,19.852562
MCR Contabilidad y Consultoría Integral,"C. 103 9, Barrio de Sta Lucía, 24020 San Francisco de Campeche, Camp.",-90.509232,19.843268
MECAMP MENSAJERIA Y PAQUETERIA DE CAMPECHE,"C. 45-B 23, Barrio de Guadalupe, 24010 San Francisco de Campeche, Camp.",-90.529179,19.846737
MECÁNICA EN GENERAL HÉCTOR CAN,"Jerusalén Manzana 22 Lote 39, Leovigildo Gómez, 24060 San Francisco de Campeche, Camp.",-90.515438,19.821502
Mecánico Berzunza,"2 de La C. 18 11, San Arturo, Vicente Guerrero, 24035 San Francisco de Campeche, Camp.",-90.546624,19.828854
Mecánico El Flaco,"Calle 105-D entre C. Niza Col, Cuatro Caminos, 24070 San Francisco de Campeche, Camp.",-90.512187,19.83835
Medicine Depot Campeche,"Av López Portillo 231, Sascalum, 24095 San Francisco de Campeche, Camp.",-90.532835,19.814847
Mediterranean House Campeche,"C. 63, Zona Centro, 24000 San Francisco de Campeche, Camp.",-90.538617,19.842517
Medsur,"Av. Agustín Melgar 35, Bosques de Campeche, 24030 San Francisco de Campeche, Camp.",-90.554749,19.828298
Mega Fix Ferreterías Campeche Avenida Central,"Av. Central Ext 161, Barrio de Sta Ana, 24050 San Francisco de Campeche, Camp.",-90.534739,19.830989
"Megabytes DGI, Diseño Gráfico e Informática","Calle 104 o Dzarbay, entre 106 y 108, Numero 77, Barrio de Sta Lucía, 24020 San Francisco de Campeche, Camp.",-90.514192,19.843912
MEGACABLE CAMPECHE,"Av. Maestros Campechanos, 24095 San Francisco de Campeche, Camp.",-90.52859,19.806866
MEGATOMEX,"Av. Lázaro Cárdenas 171, Las Flores, 24097 San Francisco de Campeche, Camp.",-90.525389,19.819159
Melba Molina Rico,"Anador Fernando Rivas Hernández, Bicentenario I y II, 24049 San Francisco de Campeche, Camp.",-90.537985,19.83152
MELISA HOSTAL,"C. 65 entre 12 y 14, Zona Centro, 24000 San Francisco de Campeche, Camp.",-90.539783,19.842445
MELTY,"Av. Justo Sierra Méndez 381-Loc 2, Barrio de San Román, 24040 San Francisco de Campeche, Camp.",-90.543047,19.842783
Mensajeria De La Peninsula,"Calle 8 279, Zona Centro, 24000 San Francisco de Campeche, Camp.",-90.538689,19.845401
Menta Deli Rest,"C. 59 9, Zona Centro, 24000 San Francisco de Campeche, Camp.",-90.537784,19.844916
Meraki Great Food,"C. 12 94B, Barrio de Guadalupe, 24010 De Guadalupe, Camp.",-90.531721,19.847198
Mercadito San Arturo,"24040, Calle Prol. Allende 114, Barrio de San José, 24040 San Francisco de Campeche, Camp.",-90.540226,19.831454
Mercado,"Leovigildo Gómez, 24060 San Francisco de Campeche, Camp.",-90.513813,19.8203
Mercado Campeche,"Barrio de Sta Ana, 24050 San Francisco de Campeche, Camp.",-90.53328,19.841929
Mercado de artesanías,"Zona Centro, 24000 San Francisco de Campeche, Camp.",-90.536539,19.846787
Mercado de Samula,"C. 19 41-45, Samulá, 24090 San Francisco de Campeche, Camp.",-90.547802,19.816298
Mercado De San Francisco,"C. 10 68, Barrio de San Francisco, 24010 San Francisco de Campeche, Camp.",-90.52215,19.850718
Mercado de San Román,"De La 14, Barrio de San Román, 24040 San Francisco de Campeche, Camp.",-90.544731,19.838306
MERCADO MUNICIPAL CD. CONCORDIA CAMPECHE,"Eduardo Mena 77, Cd Concordia, 24085 San Francisco de Campeche, Camp.",-90.492292,19.835657
Mercado Pago,"And. José del Carmen cámara maz 1, lt 21, 24049 San Francisco de Campeche, Camp.",-90.536744,19.830484
"Mercado Principal ""Pedro Sainz de Baranda""","Av Cto Baluartes, Barrio de Sta Ana, 24050 San Francisco de Campeche, Camp.",-90.533112,19.841511
MERCADO SOLIDARIDAD,"Carr. Antigua A Hampolol, Solidaridad Nacional, 24025 San Francisco de Campeche, Camp.",-90.493242,19.872428
Mercado Verde,"C. 10 231-192, Barrio de Guadalupe, 24010 San Francisco de Campeche, Camp.",-90.536853,19.845469
MeriDental Campeche,"Av. Justo Sierra Méndez 419, Barrio de San Román, 24040 San Francisco de Campeche, Camp.",-90.544737,19.84202
Mexico Refaccionaria,"Av Patricio Trueba de Regil 270, San Rafael, 24090 San Francisco de Campeche, Camp.",-90.534942,19.827708
Mexico Refaccionaria,"Av Gobernadores 240, Dzarbay, 24020 San Francisco de Campeche, Camp.",-90.515252,19.842898
Mi Farmacita,"Chihuahua 7, Barrio de Sta Ana, 24050 San Francisco de Campeche, Camp.",-90.532494,19.841548
Mi Ferreterita,"calle 14 mza 25 lote 1 Justo Sierra Mendez, El Carmelo, 24070 San Francisco de Campeche, Camp.",-90.501902,19.837436
Midelorama El Carmelo,"C. 14 7-8, Justo Sierra Méndez I y II, 24070 San Francisco de Campeche, Camp.",-90.501373,19.839576
Miguel Hidalgo,"24094, C. Lomas 12, Miguel Hidalgo, San Francisco de Campeche, Camp.",-90.53884,19.813603
Miis-Peek,"C. 108 76, Barrio de Sta Lucía, 24020 San Francisco de Campeche, Camp.",-90.512969,19.848065
Milano Campeche 1,"C. 53 38, Zona Centro, 24000 San Francisco de Campeche, Camp.",-90.534832,19.844572
Millennium Medical Center,"Av. Maestros Campechanos 582, Sector, Multunchac, 24095 San Francisco de Campeche, Camp.",-90.526759,19.8038
Mimikal World,"Av Luis Donaldo Colosio Murrieta 138 F, San Arturo, 24035 San Francisco de Campeche, Camp.",-90.544023,19.832638
Mini Super El Marino,"24090, C. 17 36A, Samulá, San Francisco de Campeche, Camp.",-90.547141,19.817315
Mini Super Jessica,"Batallón 30, Amp Polvorín, 24060 San Francisco de Campeche, Camp.",-90.516494,19.823757
Mini Super MIREY,"C. 10 16-18-A, Barrio de la Ermita, 24020 San Francisco de Campeche, Camp.",-90.518935,19.853399
MINI SUPER SAN GABRIEL,"San José 170, Barrio de la Ermita, 24020 San Francisco de Campeche, Camp.",-90.519341,19.85011
MINI SUPER SAN JORGE,"C. Flamboyán, Las Flores, 24097 Las Flores I, Camp.",-90.529317,19.822447
MINI SÚPER LOCAL 21,"EN UNA ESQUINA, calle novena por decima, C. Décima 39, Siglo XXI, 24073 San Francisco de Campeche, Camp.",-90.493344,19.809835
Mini Súper Taz,"Av López Mateos 145, entre calle aldama y allende, Barrio de San José, 24040 San Francisco de Campeche, Camp.",-90.543327,19.835406
MINI-SUPER EL CAPITÁN,"C. 107, Barrio de Sta Lucía, 24020 San Francisco de Campeche, Camp.",-90.514212,19.849294
Minimal Casa & Decoración,"C. Nicaragua 9-155, Candelaria, Barrio de Sta Ana, 24050 San Francisco de Campeche, Camp.",-90.530598,19.836097
Miniso Galerías Campeche Cute Store,"Pedro Sainz de Baranda No. 139, Sector Metropolitano del Área de AH, 24020 San Francisco de Campeche, Camp.",-90.522386,19.856822
"Minisuper ""Palicam""","24084 San Francisco de Campeche, Camp.",-90.479166,19.842291
Minisuper Amanecer,"Nohyaxché local E, Solidaridad Urbana, 24060 San Francisco de Campeche, Camp.",-90.52262,19.819204
Minisuper Del Centro.,"C. 8 75, Samulá, 24090 San Francisco de Campeche, Camp.",-90.548057,19.8152
MINISUPER LOS ARCOS SAN JOAQUIN,"24020, C. 114 46, San Joaquín, San Francisco de Campeche, Camp.",-90.508799,19.848226
Minisuper Santa María,"Calle circuito colonias, entre 114 y, C. 15 Col, San Joaquín, 24020 San Francisco de Campeche, Camp.",-90.506183,19.852752
Minisúper Ximbal,"Esquina con, Av. Lázaro Cárdenas, C. Mercurio 86, Valle del Sol, 24090 San Francisco de Campeche, Camp.",-90.52678,19.829824
Mira café,"Av. María Lavalle Urbina Manzana g Lote 14, Área Ah, 24010 San Francisco de Campeche, Camp.",-90.530023,19.853161
Mirador de Campeche,"Unnamed Road, Bellavista, 24020 San Francisco de Campeche, Camp.",-90.515886,19.85589
MIRADOR DE LOS BIKERS,"Espíritu Santo 1230, San Antonio, 24500 Lerma, Camp.",-90.600247,19.801685
Mirsa Refaccionaria Eléctrico Automotriz,"Av Luis Donaldo Colosio Murrieta, Invasión San Arturo, 24035 San Francisco de Campeche, Camp.",-90.542193,19.832187
Mis Llantas Y Mucho Más Mgh,"Av López Mateos 104, Barrio de San Román, 24040 San Francisco de Campeche, Camp.",-90.541493,19.836805
miscelanea lilian,"C. 12 227 A, entre lic verdad y 67 c, Barrio de San Román, 24040 San Francisco de Campeche, Camp.",-90.542064,19.841597
Miscelánea Y Abarrotes ''Don Gato'',"C. 106 20, Barrio de Sta Lucía, 24020 San Francisco de Campeche, Camp.",-90.514093,19.845222
Moch Cohuo,"Av Adolfo Ruiz Cortinez 108A, Barrio de San Román, 24040 San Francisco de Campeche, Camp.",-90.541204,19.845708
Mocitos restaurante,"C. 15 343, Pablo García, 24080 San Francisco de Campeche, Camp.",-90.504691,19.851345
Moda campeche,"Camino antiguo a kala 83, Unidad y Trabajo, 24088 San Francisco de Campeche, Camp.",-90.494729,19.850478
MODAS JEFFERSON,"Av. Central 160, Barrio de San José, 24040 San Francisco de Campeche, Camp.",-90.534948,19.832689
Modatelas Campeche II,"Calle 10 2 Por Calle 50, Zona Centro, 24000 San Francisco de Campeche, Camp.",-90.536561,19.845626
Modelorama,"Ciruela 2, La Huerta, Barrio de Sta Ana, 24050 San Francisco de Campeche, Camp.",-90.52739,19.836399
Modelorama,"Av Gobernadores 564, Barrio de Guadalupe, 24010 San Francisco de Campeche, Camp.",-90.532027,19.843303
Modelorama,"C. Ciricote 4, Flor de Limón, 24069 San Francisco de Campeche, Camp.",-90.524214,19.831713
Modelorama,"C. 20 24 Por 22, Barrio de San José, 24500 San Francisco de Campeche, Camp.",-90.540714,19.836533
Modelorama,"C. Cuba 349, Barrio de Sta Ana, 24050 San Francisco de Campeche, Camp.",-90.521039,19.842887
Modelorama,"Av López Mateos 85-177, Barrio de San Román, 24040 San Francisco de Campeche, Camp.",-90.544834,19.834767
Modelorama,"C. 49 6, Zona Centro, 24000 San Francisco de Campeche, Camp.",-90.534651,19.848186
Modelorama,"C. Jalisco 3, Barrio de Sta Ana, 24060 San Francisco de Campeche, Camp.",-90.526267,19.837327
Modelorama,"Av. Álvaro Obregón 201B, Barrio de Sta Lucía, 24020 San Francisco de Campeche, Camp.",-90.516736,19.847217
Modelorama,"8, X 11 Y 13, 24090 San Francisco de Campeche, Camp.",-90.546798,19.819697
Modelorama,"Av. Justo Sierra Méndez 459, Barrio de San Román, 24040 San Francisco de Campeche, Camp.",-90.546045,19.841233
Modelorama,"Av Luis Donaldo Colosio Murrieta 60, Barrio de San José, 24040 San Francisco de Campeche, Camp.",-90.544783,19.83294
Modelorama,"Av López Portillo 16, El Pedregal, 24036 San Francisco de Campeche, Camp.",-90.546422,19.826368
Modelorama,"Av Aviación 188, Cuatro Caminos, 24070 San Francisco de Campeche, Camp.",-90.51122,19.834528
Modelorama,"Av. Francisco I. Madero 80, Barrio de la Ermita, 24010 San Francisco de Campeche, Camp.",-90.521398,19.851006
Modelorama Cuxo,"Av Gobernadores 229, Barrio de Sta Lucía, 24020 San Francisco de Campeche, Camp.",-90.513388,19.842537
Modelorama de la 16,"Calle 16 207, Barrio de Guadalupe, 24010 San Francisco de Campeche, Camp.",-90.530051,19.84488
Modelorama Justo Sierra,"C. 10 499, Barrio de San Román, 24040 San Francisco de Campeche, Camp.",-90.550269,19.837407
Modelorama Np Circuito Belen,"Av Luis Donaldo Colosio Murrieta 12, Barrio de Sta Ana, 24050 San Francisco de Campeche, Camp.",-90.529388,19.831004
Modelorama Np Colonial,"C. 26 33, Barrio de San José, 24087 San Francisco de Campeche, Camp.",-90.535715,19.83429
Modelorama Np El Amigo Pinelo,"Calle 16 210, Barrio de San Francisco, 24010 San Francisco de Campeche, Camp.",-90.52552,19.845899
Modelorama Np Mod Colosio 2,"Av Luis Donaldo Colosio Murrieta 309-C, San Rafael, 24090 San Francisco de Campeche, Camp.",-90.538018,19.830688
Modelorama Np Mod Nicaragua,"C. Nicaragua 122, Barrio de Sta Ana, 24050 San Francisco de Campeche, Camp.",-90.530902,19.838237
Modelorama Np Plus Landys,"De La Av. Álvaro Obregón, Barrio de Sta Lucía, 24020 San Francisco de Campeche, Camp.",-90.507996,19.844985
Modelorama NP San Juan,"Belén Oeste 19, Lotificación San Juan I y II, 24050 San Francisco de Campeche, Camp.",-90.532819,19.830607
Modelorama Np- Colosio,"Av Luis Donaldo Colosio Murrieta 4, Barrio de San José, 24040 San Francisco de Campeche, Camp.",-90.535374,19.830216
Modelorama Np- Plus Machito,"C. Ecuador 76, Barrio de Sta Ana, 24050 San Francisco de Campeche, Camp.",-90.523432,19.834414
Modelorama Np- San Roman,"C. 16 357, Barrio de San Román, 24500 San Francisco de Campeche, Camp.",-90.538624,19.839975
Modelorama Np-Punto Mod Santa Barbara,"Los Zapotes 73, Foviste Belén, Quinta Belem I y II, 24070 San Francisco de Campeche, Camp.",-90.530729,19.832173
Modelorama Np-Punto Modelo La Terminal,"C. 20 90A, Zona Centro, 24040 San Francisco de Campeche, Camp.",-90.538998,19.837684
Modelorama Santa Lucia,"Nevada 26, Fracciorama 2000, 24085 San Francisco de Campeche, Camp.",-90.533032,19.82958
Modulo de Ventas Izzi Bodega Aurrera Campeche,"Av Gobernadores 201, entre 105 y Calle 105-A, Aviación, 24020 San Francisco de Campeche, Camp.",-90.511495,19.842302
Modulo de Ventas Izzi Walmart Wsc Campeche,"Av. María Lavalle Urbina 35, Área Ah, 24014 San Francisco de Campeche, Camp.",-90.528865,19.852351
Moisés May Laboratorio,"Av Luis Donaldo Colosio Murrieta 553-Loc 4, Barrio de Sta Ana, 24050 San Francisco de Campeche, Camp.",-90.522376,19.835776
Molino bakal,"Minas, Flor de Limón, 24069 San Francisco de Campeche, Camp.",-90.523737,19.829705
Molino Y Tortillería Belén,"C. Nicaragua 137, Barrio de Sta Ana, 24050 San Francisco de Campeche, Camp.",-90.530979,19.835875
MoneyGram,"Av. Central 91 Soriana, Barrio de Sta Ana, 24050 San Francisco de Campeche, Camp.",-90.534796,19.837493
MoneyGram,"Inside MI BODEGA, Mensura 27, Amp Miguel Hidalgo, 24094 San Francisco de Campeche, Camp.",-90.54164,19.811777
MoneyGram,"Siglo XXI 132, Vivah 1 Etapa, Siglo XXI, 24073 San Francisco de Campeche, Camp.",-90.489529,19.802473
MoneyGram,"Av. Heroe de Nacozari 336, FRACCION 1, 24070 San Francisco de Campeche, Camp.",-90.50678,19.81313
MoneyGram,"Inside Elektra, Av López Portillo 523, Samulá, 24090 San Francisco de Campeche, Camp.",-90.542605,19.822657
MoneyGram,"OXXO, Av Patricio Trueba de Regil 234, San Rafael, 24090 San Francisco de Campeche, Camp.",-90.535015,19.829679
MoneyGram,"Calle Del Tanque 18 Inside Bodega Aurrera Express, ol Jardines Calle Del Tanque V18 Col, Jardines, 24060 San Francisco de Campeche, Camp.",-90.516791,19.834176
MoneyGram,"Inside Telecomm, C. Veracruz, Lomas Delicias, 24050 San Francisco de Campeche, Camp.",-90.515436,19.837551
MONTE DE LOS OLIVOS,"Av. Álvaro Obregón, Pablo García, 24080 San Francisco de Campeche, Camp.",-90.502494,19.844978
Monte Sión Campeche,"C. 105 2, Barrio de Sta Lucía, 24020 San Francisco de Campeche, Camp.",-90.511966,19.844614
Montessori del Prado,"Barrio de San José, 24035 San Francisco de Campeche, Camp.",-90.548512,19.832049
Monumento a la Madre,"24040, C. 10-B 381, Barrio de San Román, San Francisco de Campeche, Camp.",-90.542629,19.842504
Monumento Pedro Sainz de Baranda,"Av Adolfo Ruiz Cortinez, Zona Centro, 24000 San Francisco de Campeche, Camp.",-90.538574,19.848563
MootoMas Refaccionaria de Motos,"Av Aviación 27, Barrio de Sta Lucía, 24020 San Francisco de Campeche, Camp.",-90.506715,19.842968
Moto Refaccionaria Alfaro,"Av. Concordia 2678, Hacienda Santa María, 24500 San Francisco de Campeche, Camp.",-90.50087,19.834571
Moto refacciones mafer,"Calle 12 & Calle 13 15, Samulá, 24090 San Francisco de Campeche, Camp.",-90.549313,19.81985
"Motorefaccionaria ""el fish""","Av. C.T.M. 148, Cumbres I y II, 24026 San Francisco de Campeche, Camp.",-90.492748,19.857971
Motorefacciones Campeche,"Av Gobernadores 384, Pablo García y Montilla, Barrio de Sta Ana, 24010 San Francisco de Campeche, Camp.",-90.522953,19.843247
Motoro Sport Boutique,"Av. Lázaro Cárdenas #42, Lomas de las Flores II, 24090 San Francisco de Campeche, Camp.",-90.52193,19.811642
MOVISTAR CAMPECHE.,"COLOSIO, PROLONG AV LAZARO CARDENAS BARRIO DE SANTA ANA CENTRO COMERCIAL LUÍS DONALDO COLOSIO ENTRE CALLE PERÚ, Av Luis Donaldo Colosio Murrieta Y, 24050 San Francisco de Campeche, Camp.",-90.525866,19.833967
MOVISTAR GALERIAS CAMPECHE.,"DENTRO DEL LA PLAZA, Pedro Sainz de Baranda 139-245, Área Ah, 24014 San Francisco de Campeche, Camp.",-90.522386,19.856822
Mr pastor Suc. Gobernadores,"Av Gobernadores 130, Barrio de Sta Lucía, 24020 San Francisco de Campeche, Camp.",-90.509004,19.842558
Mr. & Mrs. Tienda de ropa y más,"C. 20 141b, entre victoria y Abasolo, Barrio de San José, 24040 San Francisco de Campeche, Camp.",-90.545721,19.83317
MS Servicios Profesionales del Sureste,"Calle Grosella, Esperanza, 24026 San Francisco de Campeche, Camp.",-90.493399,19.844247
MUEBLERÍA DE LA 16,"C. Pedro Moreno 18, Barrio de San Román, 24040 San Francisco de Campeche, Camp.",-90.53971,19.839113
Mueblería el Hogar,"Av Hidalgo 74, Huanal, 24070 San Francisco de Campeche, Camp.",-90.511839,19.839722
Mueblerías El Hogar,"C. 49, Zona Centro, 24000 San Francisco de Campeche, Camp.",-90.533086,19.844686
Mueblerías El Hogar,"Samulá, 24090 San Francisco de Campeche, Camp.",-90.549297,19.822719
Mueblerías El Hogar,"C. 16 de Septiembre 18, Bellavista (Ampliación), Granjas, 24026 San Francisco de Campeche, Camp.",-90.505631,19.855747
Mueblerías el Hogar Sucursal Constitución,"Constitución 118A, Amp Josefa Ortiz de Domínguez, 24026 San Francisco de Campeche, Camp.",-90.499107,19.852242
Mueblerías el hogar sucursal López Portillo,"Av López Portillo 140-Loc 3, Samulá, 24090 San Francisco de Campeche, Camp.",-90.543211,19.823187
Muebles Hermanos Flores,"24050, Av. Heroe de Nacozari 39, La Paz, 24050 San Francisco de Campeche, Camp.",-90.516595,19.840839
Muebles Rústicos La Perla del Sur,"Av. Francisco I. Madero 245, Villa del Río, Barrio de Sta Ana, 24010 San Francisco de Campeche, Camp.",-90.518886,19.844955
Muelle Acuático malecón Bosques de Campeche.,"Puerto de Arribo, Lazareto, 24030 San Francisco de Campeche, Camp.",-90.55608,19.833796
MULTI MATERIALES,"Av Patricio Trueba de Regil, Fraccionaria 2000, 24090 San Francisco de Campeche, Camp.",-90.534073,19.825688
Multiservicio Automotriz canul,"Calle Prol. Allende 149, Burócratas Federales, 24035 San Francisco de Campeche, Camp.",-90.541239,19.828254
Multiservicio Automotriz Quijano,"C. Panamá 96B, entre tamaulipas y Calle Veracruz, Barrio de Sta Ana, 24050 San Francisco de Campeche, Camp.",-90.520712,19.840743
"Multiservicios ""Del principe"".","Calle del Príncipe Negro, Aviación, 24070 San Francisco de Campeche, Camp.",-90.510307,19.838349
MULTISERVICIOS GOMEZ,"C. 4, Lázaro Cárdenas, 24095 San Francisco de Campeche, Camp.",-90.532268,19.807379
Multiservicios H&L,"C. 10-A 7, entre Calle.23 Y Calle.25, Pablo García, 24080 San Francisco de Campeche, Camp.",-90.503952,19.848351
MULTISERVICIOS SALMIR,"Av. Álvaro Obregón 178-186, Barrio de Sta Lucía, 24020 San Francisco de Campeche, Camp.",-90.511707,19.845231
Mundo Natural,"24050, Av Gobernadores 498, San Francisco de Campeche, Camp.",-90.528586,19.843438
Mundo Terra,"C. 49 x 8-Loc 2, Zona Centro, 24000 San Francisco de Campeche, Camp.",-90.533954,19.847953
Mundo 🌎 deportivo ✨ DASH ✨,"Calle Salvador Local 79, Barrio de Sta Ana, 24050 San Francisco de Campeche, Camp.",-90.534311,19.840557
Municipio de Campeche,"C. 18 195, Barrio de San Román, 24040 San Francisco de Campeche, Camp.",-90.539758,19.838662
MUR MURA Boutique Guesthouse,"C. 65 entre calle 12 y calle 14, Centro Histórico, 24000 San Francisco de Campeche, Camp.",-90.5396,19.842127
Museo de Arqueología Subacuática Fuerte de San José,"Av Francisco Morazán, Bellavista, 24020 San Francisco de Campeche, Camp.",-90.510402,19.860503
Museo de Arquitectura Maya,"Calle 8, Zona Centro, 24000 San Francisco de Campeche, Camp.",-90.537887,19.846406
Museo de Arte Contemporáneo de Campeche,"Biblioteca Campeche, Calle 8 257, Zona Centro, 24000 San Francisco de Campeche, Camp.",-90.537184,19.846312
Museo de Arte Sacro (Capilla de Jesús de Nazareno),"Calle 8 231, Zona Centro, 24000 San Francisco de Campeche, Camp.",-90.53652,19.846163
Museo de Catedral,"24000, Calle 8 231, Zona Centro, San Francisco de Campeche, Camp.",-90.53652,19.846163
Museo de la Ciudad (Baluarte de San Carlos),"Av. 16 de Septiembre, Zona Centro, 24000 San Francisco de Campeche, Camp.",-90.540481,19.844482
Museo de Navegación,"Zona Centro, 24000 San Francisco de Campeche, Camp.",-90.537024,19.846525
Museo de sitio en Baluarte.,"Puerta de Tierra, Cd Concordia, 24000 San Francisco de Campeche, Camp.",-90.536026,19.841112
Museo Universitario de la Vida,"Avenida Lázaro Cárdenas 65, 24097 San Francisco de Campeche, Camp.",-90.526155,19.828734
Mussas NailsBar & HairSalon Suc. Campeche,"24000, Calle 8 195, Zona Centro, 24000 San Francisco de Campeche, Camp.",-90.5354,19.847266
"MV FASHION STORE SUCURSAL LÓPEZ PORTILLO, VESTIDOS Y ACCESORIOS","Plaza Calesa, Av López Portillo Loc n° 7, San Antonio (Ampliación), Amp San Antonio, 24099 San Francisco de Campeche, Camp.",-90.542685,19.823289
"MV FASHION STORE SUCURSAL SANTA LUCIA, VESTIDOS Y ACCESORIOS","Frente al súper aki de la ria, Calle 16 entre AV FRANCISCO I MADERO Y AV ALVARO OBREGON, Barrio de la Ermita, 24020 San Francisco de Campeche, Camp.",-90.518764,19.846359
Más Farmacias,"C. 49 58, Zona Centro, 24000 San Francisco de Campeche, Camp.",-90.533153,19.844845
Más Visión,"Av López Portillo 136, Samulá, Electricistas, 24098 San Francisco de Campeche, Camp.",-90.545725,19.824753
Mécanica En General Servicio Express,"Av Patricio Trueba de Regil, Zona Sin Asignación de Nombre, 24096 San Francisco de Campeche, Camp.",-90.532196,19.822302
Médica del Ángel Campeche,"Av. Concordia 2, Col México, 24070 San Francisco de Campeche, Camp.",-90.499803,19.833748
Médica Ixchel,"C. 18 241, Barrio de San Román, 24040 San Francisco de Campeche, Camp.",-90.541189,19.837676
Médica San Román,"24040, Barrio de San Román, 24040 San Francisco de Campeche, Camp.",-90.543419,19.840925
Médica y Dental San Francisco,"Av. Francisco I. Madero 254, Barrio de Sta Ana, 24010 San Francisco de Campeche, Camp.",-90.519222,19.843789
Módulo Comprobante domiciliario Catastral,"Av. 16 de Septiembre 128, Zona Centro, 24000 San Francisco de Campeche, Camp.",-90.539924,19.845255
"Módulo de placas, licencias y Repuve","Av López Portillo, Los Laureles, 24096 San Francisco de Campeche, Camp.",-90.521534,19.811832
"Na Ach K'inil (Monumento ""Al Infinito"")","Av Patricio Trueba de Regil, Sascalum, 24500 San Francisco de Campeche, Camp.",-90.529409,19.814572
Natural Life - Venta de Hongos Comestibles,"24050, Sin nombre No. 901 51, Barrio de Sta Ana, San Francisco de Campeche, Camp.",-90.51885,19.839035
Neart gym,"Mango, Flor de Limón, 24069 San Francisco de Campeche, Camp.",-90.52371,19.830293
Nefrólogo en Campeche - Dr. Luis Alfonso Ku,"Hospital María Constanza, Av. Lázaro Cárdenas 86, 24097 San Francisco de Campeche, Camp.",-90.526901,19.82403
Negocio,"Av. Patricio Trueba Y Prolongacion Pedro Moreno 305, San Rafael, 24090 San Francisco de Campeche, Camp.",-90.534489,19.825489
Nissan Campeche,"Av. Maestros Campechanos 586, Multunchac, 24095 San Francisco de Campeche, Camp.",-90.527702,19.806575
NO LAVE MAS,"Pablo García Norte 2, Invasión Esperanza, 24085 San Francisco de Campeche, Camp.",-90.493718,19.836202
Noceda Vargas Vicente,"C. 55 26, Zona Centro, 24000 San Francisco de Campeche, Camp.",-90.53593,19.844613
Nohoch Pec Hot Dogs Y Hamburguesas,"Barrio de Sta Ana, 24050 San Francisco de Campeche, Camp.",-90.534694,19.8363
Nonna Mia Hotel & Restaurante,"Av Adolfo Ruiz Cortinez 5, Zona Centro, 24000 San Francisco de Campeche, Camp.",-90.533766,19.848756
Norma Ruelas Taquería Lechón y Relleno,"Fidel Velázquez, 24023 San Francisco de Campeche, Camp.",-90.490512,19.871298
Normita Ruelas,"Av. Maestros Campechanos 341, Las Flores, 24097 San Francisco de Campeche, Camp.",-90.529749,19.813455
Notaria 17,"C. 18 57, Barrio de Sta Ana, 24050 San Francisco de Campeche, Camp.",-90.529674,19.843826
Notaria 34,"Juárez 14, Barrio de Guadalupe, 24010 San Francisco de Campeche, Camp.",-90.533261,19.848495
Notaria 37,"C. 16 291-x 59, centro histórico, 24000 San Francisco de Campeche, Camp.",-90.536217,19.842245
Notaria 4,"C. 57 1, Zona Centro, 24000 San Francisco de Campeche, Camp.",-90.536989,19.845211
NOTARIA 44,"Temporal 1, Fracciorama 2000, 24090 San Francisco de Campeche, Camp.",-90.534593,19.829256
Notaria 52,"C. Costa Rica 86, Barrio de Sta Ana, 24050 San Francisco de Campeche, Camp.",-90.532495,19.841027
Notaria No. 12,"Jardines del Pedregal, 24035 San Francisco de Campeche, Camp.",-90.545508,19.826135
Notaria Publica 27,"C. 12 53, Barrio de Guadalupe, 24010 San Francisco de Campeche, Camp.",-90.528581,19.848548
NOTARIA PUBLICA 41 SAN FRANCISCO DE CAMPECHE,"12 NO. 118 INTERIOR 101, Calle 12 118, CENTRO HISTORICO, Zona Centro, 24000 San Francisco de Campeche, Camp.",-90.53491,19.845599
Notaria Publica No 13,"C. 10-B 383, Barrio de San Román, 24040 San Francisco de Campeche, Camp.",-90.54263,19.842245
Notaria Publica No 24,"Copal 11, Bosques de Campeche, 24030 San Francisco de Campeche, Camp.",-90.557008,19.830851
NOTARIA PUBLICA No. 10,"C. 10 86, Barrio de San Francisco, 24010 San Francisco de Campeche, Camp.",-90.523558,19.850751
Notaria Pública #49,"Calle 16 191, Barrio de Guadalupe, 24010 San Francisco de Campeche, Camp.",-90.528798,19.845356
Notaria Pública 43,"C. 55 35-Interior 1, Zona Centro, 24000 San Francisco de Campeche, Camp.",-90.535433,19.843877
Notaria Pública N 1,"C. 61 27, Zona Centro, 24000 San Francisco de Campeche, Camp.",-90.537955,19.843434
Notaria26Camp,"C. Montecristo 25, Barrio de San Román, 24035 San Francisco de Campeche, Camp.",-90.549448,19.833891
NOTARIAS PUBLICAS 29 y 53,"C. 10-B 381, Barrio de San Román, 24040 San Francisco de Campeche, Camp.",-90.54253,19.842227
Notario Publico No. 19,"C. 63 22-Int 2, Zona Centro, 24000 San Francisco de Campeche, Camp.",-90.538795,19.842439
Notaría 39,"Edificio A, Av. Resurgimiento 87-Edificio A, Lazareto, 24044 San Francisco de Campeche, Camp.",-90.554702,19.834075
Notaría 42,"Av 2000 2, Fracciorama 2000, 24090 San Francisco de Campeche, Camp.",-90.534515,19.828763
Notaría Numero 20,"Av República 148, Barrio de Sta Ana, 24050 San Francisco de Campeche, Camp.",-90.53311,19.84072
Notaría Publica No. 31,"C. 51 31, Zona Centro, 24000 San Francisco de Campeche, Camp.",-90.534271,19.846242
Notaría Publica Número 17,"C. 59 1, Zona Centro, 24000 San Francisco de Campeche, Camp.",-90.53826,19.845678
Notaría Pública 23,"C. 57 32, Zona Centro, 24000 San Francisco de Campeche, Camp.",-90.536275,19.843558
Notaría Pública 25,"Av. Luis Alvarez Barret 4, Área Ah, 24000 San Francisco de Campeche, Camp.",-90.535838,19.850728
Notaría Pública 26,"Plaza Ah Kim Pech Local 402, Zona Centro, 24000 San Francisco de Campeche, Camp.",-90.53169,19.852143
Notaría Pública N 40,"C. 61 entre 10 y 12, Zona Centro, 24000 San Francisco de Campeche, Camp.",-90.538578,19.844425
Notaría Pública No. 46,"C. 61 33, Zona Centro, 24000 San Francisco de Campeche, Camp.",-90.537979,19.843298
NOTARÍA PÚBLICA No. 7 JORGE LUIS ORTEGA GONZÁLEZ ABOGADO,"Juan Escutia, Miramar, 24030 San Francisco de Campeche, Camp.",-90.559952,19.828709
Notaría Pública número 28,"C. 47 13, Barrio de Guadalupe, 24010 San Francisco de Campeche, Camp.",-90.530604,19.847155
Notaría Pública número 3 Campeche,"Calle 16 n°211, entre 47 y 49, Barrio de Guadalupe, 24010 San Francisco de Campeche, Camp.",-90.530213,19.844847
Notaría Pública Número 30,"Lorenzo Alfaro Alomia 6, Área Ah, 24014 San Francisco de Campeche, Camp.",-90.52637,19.853369
Notarías 35 y 16,"Av Adolfo Ruiz Cortinez 3A, Barrio de Guadalupe, 24010 De Guadalupe, Camp.",-90.533526,19.848871
NOVADENT/DENTISTA. Suc. Plaza Central,"Av. Central 51, Barrio de Sta Ana, 24050 San Francisco de Campeche, Camp.",-90.535761,19.838399
Novamedic consultorio medico,"C. Prolongacion Abasolo 47, colonia pensiones, 24035 San Francisco de Campeche, Camp.",-90.546946,19.834876
Novapeel Farmacia Dermatológica,"Esquina, Av. Patricio Trueba De Regil, Nevada S/N, Fracciorama 2000, 24090 San Francisco de Campeche, Camp.",-90.53465,19.829652
NovarDent®: Consultorio Dental,"Patricio Trueba Urbina 168, entre Tepeyac y Santa Rosa, Sascalum, 24095 San Francisco de Campeche, Camp.",-90.533482,19.818589
Novedades Y Regalos Los Hermanos,"C. Bravo 71, Barrio de San José, 24040 San Francisco de Campeche, Camp.",-90.541634,19.833502
Novia del Mar,"Área Ah, 24014 San Francisco de Campeche, Camp.",-90.534556,19.853006
Nuestra cafe,"Av. Álvaro Obregón 280, Barrio de Sta Lucía, 24090 San Francisco de Campeche, Camp.",-90.513026,19.845674
NUESTRA MADRE SANTISIMA DE LA LUZ,"Eduardo Mena, Cd Concordia, 24085 San Francisco de Campeche, Camp.",-90.492646,19.834477
NUESTRA SEÑORA DEL TEPEYAC,"C. Cerro de. Tepeyac, Tepeyac, 24500 San Francisco de Campeche, Camp.",-90.534439,19.8211
Nuna Coffee,"Av López Mateos 428, Bosques de Campeche, 24030 San Francisco de Campeche, Camp.",-90.555862,19.832715
OA Refacciones y Servicios,"Av López Mateos 188, Barrio de San Román, 24040 San Francisco de Campeche, Camp.",-90.54458,19.835013
Oasis,"Paso de Las Águilas 43, Polvorín, 24060 San Francisco de Campeche, Camp.",-90.52265,19.829638
Oasis,"Vigésima Cuarta, Vivah 1 Etapa, Siglo XXI, 24073 San Francisco de Campeche, Camp.",-90.49256,19.800975
Oasis Campeche,"Final de La Allende 2, San Arturo, 24035 San Francisco de Campeche, Camp.",-90.543086,19.827134
Obelisco a los Marinos,"Pedro Sainz de Baranda, Zona Centro, 24000 San Francisco de Campeche, Camp.",-90.536896,19.85057
Odentica Campeche,"Av Luis Donaldo Colosio Murrieta 236, Barrio de San José, 24040 San Francisco de Campeche, Camp.",-90.538494,19.830808
ODESI Odontología Especializada en Implantes,"Av Luis Donaldo Colosio Murrieta 1, Lotificación San Juan I y II, 24050 San Francisco de Campeche, Camp.",-90.533854,19.830275
Odontologia consulta dental,"C. Concordia 6, Morelos, 24026 San Francisco de Campeche, Camp.",-90.502844,19.857105
Odontologia especializada e implantologia,"Fraccionamiento 24050, Av Luis Donaldo Colosio Murrieta 46, Lotificación San Juan I y II, San Francisco de Campeche, Camp.",-90.545536,19.832911
Office Depot,"Av. María Lavalle Urbina Manzana E Lote 19, Área, Área Ah, 24028 San Francisco de Campeche, Camp.",-90.531482,19.853149
Oficentro de Campeche S.A. de C.V.,"C. 59 45, Zona Centro, 24000 San Francisco de Campeche, Camp.",-90.53668,19.842474
Oficina av. Central,"Av. Central 51, Barrio de Sta Ana, 24050 San Francisco de Campeche, Camp.",-90.53559,19.838381
Oficina Calco,"Av Gobernadores 232, Dzarbay, 24020 San Francisco de Campeche, Camp.",-90.514528,19.84296
Oficina campeche,"C. Llovizna 213-12, Fracciorama 2000, 24090 San Francisco de Campeche, Camp.",-90.531365,19.826984
Oficina de Cobranza Banco Azteca,"Lorenzo Alfaro Alomia 2, Área Ah, 24443 San Francisco de Campeche, Camp.",-90.52597,19.853495
Oficina de Isai,"C. Costa Rica 120B, Barrio de Sta Ana, 24050 San Francisco de Campeche, Camp.",-90.532746,19.837219
Oficina del bienestar,"AV PEDRO, CAMPECHE, CAMPECHE, COLONIA: EXT: 219, REFERENCIA: A LADO DEL FORO AH KIM PECH, Pedro Sainz de Baranda Supermanzana CALLE:, Área Ah, CP: 24014 Camp.",-90.533944,19.852115
Oficina Distrito Campeche,"24035, Av López Mateos 350, Prado, San Francisco de Campeche, Camp.",-90.551262,19.832526
Oficina jóvenes construyendo el futuro,"C. 53, Zona Centro, 24000 San Francisco de Campeche, Camp.",-90.535167,19.845459
Oficina Mary Kay Bellisima,"C. 107 5, Mártires de Río Blanco, 24024 San Francisco de Campeche, Camp.",-90.514925,19.849238
Oficina obras publicas,"C. Llovizna 47, Fracciorama 2000, 24090 San Francisco de Campeche, Camp.",-90.529363,19.826943
OFICINA OP. AGUILA,"entre lluvia y agua, C. Chubasco no. 6, Fracciorama 2000, 24090 San Francisco de Campeche, Camp.",-90.532343,19.827386
OFICINA PROVIAT,"24010, C. 45 12, Barrio de San Francisco, San Francisco de Campeche, Camp.",-90.528857,19.84793
OFICINAS,"C. 10 195, Barrio de Guadalupe, 24010 San Francisco de Campeche, Camp.",-90.52884,19.849324
Oficinas administrativas del ISSSTE,"Avenida Ricardo Castillo Oliver, Área, Área Ah, San Francisco de Campeche, Camp.",-90.528098,19.853519
"Oficinas Administrativas, Gas Z, Campeche","24062 San Francisco de Campeche, Camp.",-90.506957,19.801712
Oficinas Atencion a Jubilados FNML,"Av. Heroe de Nacozari, Lomas Delicias, 24060 San Francisco de Campeche, Camp.",-90.512881,19.835337
Oficinas casita comercial y asociados,"Gral. Arteaga 7B, Guadalupe, Barrio de Guadalupe, 24010 San Francisco de Campeche, Camp.",-90.530416,19.845333
OFICINAS CONAFOR,"C. Republica del Salvador 87, Barrio de Sta Ana, 24050 San Francisco de Campeche, Camp.",-90.533822,19.837173
OFICINAS CORES,"C. 16, Centro Histórico, 24000 San Francisco de Campeche, Camp.",-90.538937,19.841113
OFICINAS CORPORATIVA,"Petén 3, Unidad y Trabajo, 24088 San Francisco de Campeche, Camp.",-90.49213,19.855814
oficinas de cobranza coppel campeche,"C. Veracruz, Barrio de Sta Ana, 24050 San Francisco de Campeche, Camp.",-90.522498,19.839966
Oficinas De SEP Campeche,"Av López Portillo 42, Samulá, 24090 San Francisco de Campeche, Camp.",-90.548974,19.826579
Oficinas del Banco de México,"Av Adolfo Ruiz Cortinez 112, Barrio de San Román, 24040 San Francisco de Campeche, Camp.",-90.543018,19.844032
Oficinas del panteon siglo XXI,"Calle entrada al panteon jardines del angel, San Francisco de Campeche, Camp.",-90.510311,19.810421
Oficinas fundación Pablo garcia,"Pablo García, 24080 San Francisco de Campeche, Camp.",-90.505368,19.84812
Oficinas hidrocorp,"Justicia Soc, Col México, 24070 San Francisco de Campeche, Camp.",-90.499716,19.832885
Oficinas Huracán,"Huracán 24, Fracciorama 2000, 24090 San Francisco de Campeche, Camp.",-90.527462,19.825854
OFICINAS MICHOACÁN,"24040, Quintana Roo 22, Barrio de San José, San Francisco de Campeche, Camp.",-90.537364,19.835003
Oficinas Pronto App,"plaza central, Av. Central 32-Loc 10, Plaza central, 24050 San Francisco de Campeche, Camp.",-90.535717,19.838448
OFICINAS TREN LIGERO CENTRO DE CONTROL Y MANTENIMIENTO,"C. 105-A, Aviación, 24070 San Francisco de Campeche, Camp.",-90.51256,19.835575
Oficinas y locales comerciales Av. Revolución,"Av. Revolución #340 Colonia Santa Ana C.P 24050 entre Veracruz y, Calle Prol. Coahuila, Barrio de Sta Ana, 24050 San Francisco de Campeche, Camp.",-90.518836,19.839039
Oishidesu,"Lorenzo Alfaro Alomia 23, Área Ah, 24014 San Francisco de Campeche, Camp.",-90.525764,19.853244
ONCOS Laboratorio de Patología,"Av López Portillo 344, San José, 24500 San Francisco de Campeche, Camp.",-90.5236,19.813793
OPD IMSS Bienestar | Coordinación Estatal Campeche,"Ex Hospital Álvaro Vidal Vera, Av. Central, Barrio de Sta Ana, 24050 San Francisco de Campeche, Camp.",-90.536125,19.839959
OPTI ILLUSION,"Gral. Arteaga 11, Barrio de Guadalupe, 24010 San Francisco de Campeche, Camp.",-90.530413,19.845454
OPTICA AXEL,"Av Gobernadores 518, Barrio de Sta Ana, 24050 San Francisco de Campeche, Camp.",-90.529632,19.843463
Optica Campeche,"Av Gobernadores 369, Barrio de Sta Ana, 24050 San Francisco de Campeche, Camp.",-90.521492,19.842918
Optica Carrillo,"Av. Concordia, Cd Concordia, 24080 San Francisco de Campeche, Camp.",-90.495901,19.832107
Optica Colonial,"Calle 14 # 255 A Entre Galena y, Lic. Verdad, Barrio de San Román, 24040 San Francisco de Campeche, Camp.",-90.542086,19.840218
Optica Gallegos,"C. 10 222, entre 49 y 51, Zona Centro, 24000 San Francisco de Campeche, Camp.",-90.534192,19.846773
OPTICA INDUSTRIAL VISIÓN,"Super Aki de Villa del Rio Avenida Francisco I. Madero por, Calle 16 S/N, Villa del Río, 24020 San Francisco de Campeche, Camp.",-90.51885,19.846139
Optica Studio,"Av Gobernadores 567-Loc 4, Barrio de Sta Ana, 24050 San Francisco de Campeche, Camp.",-90.530938,19.843112
Opticas NV Campeche,"C. 49 50, Zona Centro, 24000 San Francisco de Campeche, Camp.",-90.533154,19.845216
Opticas Vision,"C. 10 262, Zona Centro, 24000 San Francisco de Campeche, Camp.",-90.538695,19.844685
Optima-Campeche II,"C. 53 40, Zona Centro, 24000 San Francisco de Campeche, Camp.",-90.534706,19.844233
ORDOCLINIC,"Mza. 13 lote 2 Andador F infonavit, Lindavista CTM, 24096 San Francisco de Campeche, Camp.",-90.527143,19.817849
Origen Specialty Coffee,"CENTRO HISTORICO, Calle 12 181, Zona Centro, 24000 San Francisco de Campeche, Camp.",-90.538199,19.843856
ORTHO DENT,"C. 67 4-Int. 2, Centro, Zona Centro, 24000 San Francisco de Campeche, Camp.",-90.540488,19.843076
Orthoways Dentista,"C. Octava 13, Siglo XXI, 24073 San Francisco de Campeche, Camp.",-90.494759,19.810762
Ortocampeche,"C. 18 314, Barrio de San Román, 24040 San Francisco de Campeche, Camp.",-90.540753,19.838039
Ortodoncia Dr Martin Magaña Yan,"C. 18 314, entre Pedro Moreno y Galeana, Barrio de San Román, 24040 San Francisco de Campeche, Camp.",-90.54079,19.83802
Ortodoncia y Cirugía Clínica Dental,"Temporal 49, entre Av Tormenta & Lluvia, Fracciorama 2000, 24090 San Francisco de Campeche, Camp.",-90.531037,19.829215
ORTOPEDIA BIOMECANICA,"C. Nicaragua 124 F, Barrio de Sta Ana, 24050 San Francisco de Campeche, Camp.",-90.530965,19.837444
ORTOPEDIA R E M,"Av. Central 44, Barrio de San José, 24040 San Francisco de Campeche, Camp.",-90.535633,19.837577
Otra Mano bazar,"Calle prolongación Pedro Moreno entre Santa Rosa y flamboyanes, Sascalum, 24090 San Francisco de Campeche, Camp.",-90.530936,19.818836
Overhauling Refacciones,"Av. Francisco I. Madero 176-Loc 3, Barrio de San Francisco, 24010 San Francisco de Campeche, Camp.",-90.519062,19.845712
Oxxo 3 poderes,"24050, Av Luis Donaldo Colosio Murrieta 62A, Barrio de Sta Ana, San Francisco de Campeche, Camp.",-90.522245,19.835796
OXXO Alameda MID,"Guatemala Y Salvador S/N, Av República, Barrio de Sta Ana, 24050 San Francisco de Campeche, Camp.",-90.534264,19.840807
Oxxo Allende,"24040, Calle Prol. Allende 114, Barrio de San José, San Francisco de Campeche, Camp.",-90.540277,19.831503
OXXO BALUARTES,"Chihuhua Y Nicaragua 89, Av Gobernadores loc ayb, Barrio de Sta Ana, 24050 San Francisco de Campeche, Camp.",-90.532013,19.842876
OXXO Calle 10 MID,"C. 10 250F, Zona Centro, 24000 San Francisco de Campeche, Camp.",-90.537826,19.845164
OXXO Calle 53,"C. 53 21, Zona Centro, 24000 San Francisco de Campeche, Camp.",-90.535099,19.84535
Oxxo Casa de Justicia,"Lazaro Cardenas Y Av. Casa De Justicia S/N, Av Casa de Justicia, Ciudad Amurallada Centro, 24000 San Francisco de Campeche, Camp.",-90.526957,19.82444
Oxxo Catastro,"Prolongacion Calle 51, Av Adolfo Ruiz Cortinez 1, Ciudad Amurallada, Zona Centro, 24000 San Francisco de Campeche, Camp.",-90.535876,19.848904
Oxxo central,"Av. Central 2 Nueva Imss E, Ignacio Ayala, Barrio de San José, 24040 San Francisco de Campeche, Camp.",-90.536358,19.83917
OXXO Concordia MID,"16 De Septiembre 1 MANZANA, Av. Concordia A, México, 24070 San Francisco de Campeche, Camp.",-90.500975,19.834325
Oxxo Conquistador,"Av. Gobernadores, C. 45 39, Barrio de Sta Ana, 24010 San Francisco de Campeche, Camp.",-90.526675,19.843164
Oxxo El regalo,"Av. AviaciÛn, Av. Alvaro ObregÛn 224, Barrio de Sta Lucía, 24020 San Francisco de Campeche, Camp.",-90.506317,19.844254
Oxxo Especialidades,"Antiguo, Avenida Jose Lopez Portillo, China 279, Las Flores, 24097 San Francisco de Campeche, Camp.",-90.52598,19.814554
Oxxo Fiscal,"Av Casa de Justicia 237, Zona Sin Asignación de Nombre, 24090 San Francisco de Campeche, Camp.",-90.531743,19.824235
Oxxo Fracciorama,"Av. Patricio Trueba, Av 2000 1, entre Av, Fracciorama 2000, 24090 San Francisco de Campeche, Camp.",-90.534603,19.828501
Oxxo Galeana,"Av López Mateos 46-68, Barrio de San Román, 24040 San Francisco de Campeche, Camp.",-90.540665,19.83729
Oxxo Gobernadores,"Av Gobernadores 10-105 Y, Aviación, 24070 San Francisco de Campeche, Camp.",-90.509065,19.84224
OXXO Guadalupe,"Av. Miguel Alem·n 1-49 A Y 49 B, Guadalupe, Barrio de Guadalupe, 24010 San Francisco de Campeche, Camp.",-90.533424,19.847876
OXXO Independencia MID,"55 3 Lote Por 8 Y 10, Ciudad Amurallada, Zona Centro, 24000 San Francisco de Campeche, Camp.",-90.53663,19.846263
OXXO Inst. Campechano MID,"Av Cto Baluartes 10-365 D-A PB, Ciudad Amurallada, Zona Centro, 24000 San Francisco de Campeche, Camp.",-90.540464,19.84364
Oxxo Justo Sierra,"10 499 Montecristo Y PÌpila, Barrio de San Román, 24040 San Francisco de Campeche, Camp.",-90.550542,19.837173
Oxxo Kaniste MID,"C. 12 553, Samulá, 24090 San Francisco de Campeche, Camp.",-90.551086,19.826304
OXXO Las Flores MID,"Av. L·zaro C·redenas Y Calle Kikab 45, Av. Municipio De Campeche, Las Flores, 24097 San Francisco de Campeche, Camp.",-90.522947,19.819262
OXXO Las Vias MID,"Niza Y Florencia S/N, Av. Circuito Niza Manzana E, Bello Horizonte, 24070 San Francisco de Campeche, Camp.",-90.509107,19.836939
Oxxo Lopez Portillo,"Av. LÛpez Portillo, Flamboyanes s/n, San Jose, 24040 San Francisco de Campeche, Camp.",-90.5377,19.817793
Oxxo MAESTROS CAMPECHANOS MID,"Av. Patricio Trueba De Regil, C. 11 SN, 24094 San Francisco de Campeche, Camp.",-90.527911,19.805444
Oxxo Mendoza,"Av. Francisco I. Madero 185, Barrio de la Ermita, 24020 San Francisco de Campeche, Camp.",-90.519532,19.847695
Oxxo Morelos,"12, C. Reyes Heroles SN-fracc A, Morelos I, 24026 San Francisco de Campeche, Camp.",-90.504901,19.851954
OXXO Padua MID,"De La 10 71-15 Y 17, Samulá, 24090 San Francisco de Campeche, Camp.",-90.548475,19.818576
OXXO Patricio Trueba MID,"Av. Patricio Trueba De Regil 1024 Fracc 1, Bugambilias, Las Flores, 24097 San Francisco de Campeche, Camp.",-90.530759,19.820583
Oxxo Pedro Sainz,"C. Costa Rica 80, Barrio de Sta Ana, 24050 San Francisco de Campeche, Camp.",-90.532496,19.841533
Oxxo pescadores,"Av. Miguel Aleman, Av. Francisco I. Madero 311, Barrio de San Francisco, 24010 San Francisco de Campeche, Camp.",-90.523166,19.853878
OXXO Pitahaya MID,"Andador Ciruelos Y Av. Luis Donaldo Colosio S/N, Av Luis Donaldo Colosio Murrieta LOT 12, Barrio de Sta Ana, 24050 San Francisco de Campeche, Camp.",-90.531291,19.830374
Oxxo Prolongacion 59,"C. 59 3A, Zona Centro, 24000 San Francisco de Campeche, Camp.",-90.538694,19.846472
Oxxo San Agustin,"Veracruz Fracc. Tecnologico 22 y 23 Sn, Barrio de Sta Ana, 24050 San Francisco de Campeche, Camp.",-90.518733,19.839272
OXXO SAN CARLOS,"Av. Adolfo LÛpez Mateos 4, Prado, 24035 San Francisco de Campeche, Camp.",-90.549392,19.832438
Oxxo Siglo XXI,"DÈsimo Sexta, Siglo XXI 132, Siglo XXI, 24085 San Francisco de Campeche, Camp.",-90.490802,19.806192
Oxxo Solidaridad,"5 109 5, El Carmelo, 24075 San Francisco de Campeche, Camp.",-90.502315,19.837616
Oxxo Universidad,"Av. Universidad Y Copal 3, Copal, Bosques de Campeche, 24030 San Francisco de Campeche, Camp.",-90.555431,19.829659
Oxxo Villa del Río,"Av. Gobernadores, Av. Cuauhtémoc 276, entre Avenida Gobernadores, Barrio de Sta Lucía, 24020 San Francisco de Campeche, Camp.",-90.517262,19.843052
Oxxo Vizcaya,"Calle Prol. Allende 1, San Arturo, 24090 San Francisco de Campeche, Camp.",-90.542363,19.826451
Pablo Mecánico,"C. Pedro Moreno 19, Sascalum, 24095 San Francisco de Campeche, Camp.",-90.530386,19.818288
Padeli Campeche,"donde era Tribuna, Tamaulipas 28, entre Nicaragua y Zacatecas, Barrio de Sta Ana, 24050 San Francisco de Campeche, Camp.",-90.531468,19.841555
PAGADURIA Campeche EDUCACIÓN,"C. 14, Guadalupe, 24010 San Francisco de Campeche, Camp.",-90.531731,19.845373
Palacio de Gobierno del Estado de Campeche,"Calle 8, Zona Centro, 24000 San Francisco de Campeche, Camp.",-90.539688,19.845325
Palacio Federal,"Av. 16 de Septiembre, sin número, Centro, 24000 San Francisco de Campeche, Camp.",-90.536087,19.847908
Paladzu,"Av López Mateos 432, Bosques de Campeche, 24030 San Francisco de Campeche, Camp.",-90.556452,19.832719
"Palapa El Langostino Pescados, Cocteles y Mariscos","Av. Costera Locales 15 y 16, Barrio de la Ermita, 24020 San Francisco de Campeche, Camp.",-90.512627,19.864011
Palazzodipizza suc.fidel velazquez,"Av. Solidaridad nacional mnza, Av. Fidel Velázquez 68-32 LT, 24023 San Francisco de Campeche, Camp.",-90.491166,19.86886
Palmare,"Av. Justo Sierra Méndez 19, De San Román, 24040 San Francisco de Campeche, Camp.",-90.548526,19.839039
Panaderia flor de limón,"24000, Av Cto Baluartes 3, Zona Centro, 24050 San Francisco de Campeche, Camp.",-90.533387,19.842875
Panaderia LA MURALLA,"C. 18 497, Vicente Guerrero, 24035 San Francisco de Campeche, Camp.",-90.549788,19.829076
Panadería,"Lomas de San Rafael, 24099 San Francisco de Campeche, Camp.",-90.537157,19.824742
"Panadería ""Corazón de pan""","C. 14 275C, Barrio de San Román, 24040 San Francisco de Campeche, Camp.",-90.545188,19.83816
"Panadería ""El cuernito""","24096, Lezmar 280, Tepeyac, 24090 San Francisco de Campeche, Camp.",-90.540057,19.820417
"PANADERÍA ""LA CASITA DEL PAN""","De La 108 97, Bellavista, 24020 San Francisco de Campeche, Camp.",-90.51207,19.85277
"Panadería ""Los 7 Hermanos Chávez""","Calle 9 por 6 #50, Samulá, 24090 San Francisco de Campeche, Camp.",-90.545142,19.820519
Panadería Ana Karla,"Primera Priv. de Querétaro 7, Barrio de Sta Ana, 24050 San Francisco de Campeche, Camp.",-90.530315,19.834967
PANADERÍA CONCORDIA,"Tomas Aznar Cano, Esperanza, 24080 San Francisco de Campeche, Camp.",-90.495481,19.840346
Panadería Don Goyito,"24010, Calle 12 entre Mariano Escobedo, Arista y, Barrio de San Francisco, San Francisco de Campeche, Camp.",-90.525409,19.850011
Panadería Dzibito,"C. 45 46 B, Barrio de Guadalupe, 24010 San Francisco de Campeche, Camp.",-90.527638,19.846632
Panadería Flor de Limón,"Guayaba 6, Flor de Limón, 24069 San Francisco de Campeche, Camp.",-90.523643,19.83008
PANADERÍA JUAN DE DIOS,"C. 101 3, Mártires de Río Blanco, 24024 San Francisco de Campeche, Camp.",-90.513248,19.847993
Panadería Juan de Dios Malecón,"Av. Justo Sierra Méndez 453, Barrio de San Román, 24040 San Francisco de Campeche, Camp.",-90.545744,19.841333
Panadería Manolo,"Brasil 136-A, Barrio de Sta Ana, 24050 San Francisco de Campeche, Camp.",-90.528306,19.837373
Panadería Pacheco,"C. Querétaro 135, Barrio de Sta Ana, 24050 San Francisco de Campeche, Camp.",-90.524598,19.835363
Panadería Pérez,"Juan de La Barrera Manzana 9 Lote 1, entre calle Vicente Guerrero y calle Francisco Marquez, Miguel Hidalgo (Ampliación), Amp Miguel Hidalgo, 24094 San Francisco de Campeche, Camp.",-90.537918,19.812413
PANADERÍA ROGELIO E HIJOS,"C. 5 37, Bellavista, 24020 San Francisco de Campeche, Camp.",-90.516132,19.852119
Panadería y Repostería Osiel,"24070, Jardines, 24070 San Francisco de Campeche, Camp.",-90.516248,19.833955
Panas Fast,"C. Querétaro 18 C, Barrio de Sta Ana, 24050 San Francisco de Campeche, Camp.",-90.530827,19.835621
"Panificadora ""Minas""","24026, C. Halita 19, Minas, San Francisco de Campeche, Camp.",-90.497923,19.861913
PANIFICADORA CHELMENA,"Priv. de la Calle 10, Barrio de la Ermita, 24020 San Francisco de Campeche, Camp.",-90.520371,19.851465
PANIFICADORA LÓPEZ MENA,"C. 5 53, El Carmelo, 24075 San Francisco de Campeche, Camp.",-90.503537,19.838232
Panne’s,"8 y Calle, C. 49 10, Zona Centro, 24000 San Francisco de Campeche, Camp.",-90.534345,19.84708
"Papeleria ""Barquitos""","C. San Antonio, Miguel Hidalgo, 24094 San Francisco de Campeche, Camp.",-90.536831,19.814603
Papeleria Bambini,"Estacionamiento, El Mango Lote Bloque 8, Fovissste, Pablo García, 24010 San Francisco de Campeche, Camp.",-90.522995,19.84496
Papeleria Clara,"C. 9 entre 2 y 2A, Samulá, 24090 San Francisco de Campeche, Camp.",-90.542652,19.819718
PAPELERIA DEL AHORRO - SUC. CAMPECHE,"24050, Barrio de Sta Ana, 24050 San Francisco de Campeche, Camp.",-90.527626,19.843082
Papeleria Eiffel,"Av. Álvaro Obregón 209, Barrio de Sta Lucía, 24020 San Francisco de Campeche, Camp.",-90.509537,19.845
Papeleria El Marques,"24050, C. Argentina 78A, Barrio de Sta Ana, San Francisco de Campeche, Camp.",-90.52563,19.845837
PAPELERIA GaLu,"Calle Prol. Allende, San Antonio (Ampliación), Amp San Antonio, 24099 San Francisco de Campeche, Camp.",-90.542684,19.823318
Papeleria Jose Maria,"C. Altillo 88A, Barrio de San José, 24040 San Francisco de Campeche, Camp.",-90.53725,19.832609
Papeleria La Escolar,"Av Luis Donaldo Colosio Murrieta, Barrio de Sta Ana, 24050 San Francisco de Campeche, Camp.",-90.53107,19.830549
PAPELERIA MADI,"Calle 12 225, Zona Centro, 24000 San Francisco de Campeche, Camp.",-90.541854,19.841813
Papeleria Print,"Calle 14 Frente al parque, Barrio de Sta Lucía, 24020 San Francisco de Campeche, Camp.",-90.515308,19.848221
Papeleria Roaldili,"C. Paraguay, Barrio de Sta Ana, 24050 San Francisco de Campeche, Camp.",-90.526775,19.836088
PAPELERIA SERVITODO CAMPECHE,"Calle Participación Ciudadana Entre Reforma e Independencia Col. Morelos 2, 24026 San Francisco de Campeche, Camp.",-90.504106,19.857545
Papeleria Stylos,"C. Bravo 97, Barrio de San José, 24040 San Francisco de Campeche, Camp.",-90.539772,19.833435
PAPELERIA Y ALGO MÁS...,"Estrella de Mar, Eduardo J. Lavalle Urbina, 24087 San Francisco de Campeche, Camp.",-90.49304,19.850619
Papeleria Y Jugueteria El Aguila Bicefala,"CALLE 18 N°99 DEPOT10 Col. CENTRO, 24050 San Francisco de Campeche, Camp.",-90.533986,19.841649
Papeleria y Novedades,"C. 22 46 B, Villa Cerro, 24520 Chiná, Camp.",-90.496235,19.774084
Papeleria Y Novedades Lorely,"C. 108 78, Barrio de Sta Lucía, 24020 San Francisco de Campeche, Camp.",-90.512964,19.84825
Papeleria y Novedades LORELY Centro,"C. 65 entre 10 y 12, Zona Centro, 24000 San Francisco de Campeche, Camp.",-90.540254,19.843436
Papeleria Y Regalos El Quijote,"Revolución 302, Barrio de Sta Ana, 24050 San Francisco de Campeche, Camp.",-90.518925,19.841539
"Papelería ""Ángele""","Ignacio Ayala 42, entre Mariano Rodriguez y Quintana Roo, Barrio de San José, 24040 San Francisco de Campeche, Camp.",-90.535857,19.835747
PAPELERÍA ABC,"C. 5 Local 3, El Carmelo, 24075 San Francisco de Campeche, Camp.",-90.503623,19.837918
Papelería Copias e Impresiones Papelandia Campeche 🌈,"Av. Central 101A, Barrio de Sta Ana, 24050 San Francisco de Campeche, Camp.",-90.534848,19.836018
Papelería Copycam Centro,"C. 65 SN, Zona Centro, 24000 San Francisco de Campeche, Camp.",-90.540323,19.843623
Papelería El ABC,"C. Montecristo, Barrio de San Román, 24040 San Francisco de Campeche, Camp.",-90.550048,19.835776
Papelería El Águila Bicéfala,"Chihuahua 7, Barrio de Sta Ana, 24050 San Francisco de Campeche, Camp.",-90.532494,19.841548
PAPELERÍA La Capilla,"C. Costa Rica 72, Barrio de Sta Ana, 24050 San Francisco de Campeche, Camp.",-90.532477,19.841452
Papelería La Escolar,"Av. Miguel Alemán No.9, Barrio de San Francisco, 24010 San Francisco de Campeche, Camp.",-90.525991,19.852208
Papelería Libretin,"24073, C. Décima, Siglo XXI, 24073 San Francisco de Campeche, Camp.",-90.494358,19.809597
Papelería Roberts,"24000, C. 10 224, Zona Centro, 24000 San Francisco de Campeche, Camp.",-90.534561,19.846689
Papelería San Martín,"C. 10 283, Zona Centro, 24000 San Francisco de Campeche, Camp.",-90.534748,19.84649
Papelería Shekina,"C. 5 6, Bellavista, 24020 San Francisco de Campeche, Camp.",-90.516254,19.849534
"Papelería y Abarrotes ""El Lapiz""","C. 114 121, San Joaquín, 24020 San Francisco de Campeche, Camp.",-90.507436,19.850969
PAPELERÍA y ABARROTES ARCOIRIS,"Av Aviación 63, Aviación, 24070 San Francisco de Campeche, Camp.",-90.507074,19.841592
"Papelería y Miscelánea ""BIGOTES""","Calle Espíritu Santo Junto a calle 23 frente a, C. Flamboyán, 24500 San Francisco de Campeche, Camp.",-90.52157,19.816435
"Papelería y Novedades ""LA MARIPOSA""","24096, Tepeyac, 24096 San Francisco de Campeche, Camp.",-90.5347,19.821745
PAPELERÍAS SANTA MARIA,"CALLE HDA. UAYAMON, MANZ A, LOTE 27, Hacienda Santa María, 24070 San Francisco de Campeche, Camp.",-90.499427,19.836019
Paper Go,"{""borough"":"""",""street"":"""",""city"":"""",""postal_code"":"""",""state"":"""",""country"":""""}",-90.530192,19.834422
Paquetería J&T express,"C. 3 5, Miramar, 24030 San Francisco de Campeche, Camp.",-90.561357,19.829686
Paquetería Tresguerras Av Héroe nacozari (Nueva),"Av. Heroe de Nacozari, Zona Sin Asignación de Nombre, 24070 San Francisco de Campeche, Camp.",-90.510684,19.828726
Paquetería Tresguerras Campeche,"RFHQ+FJW, 24060 San Francisco de Campeche, Camp.",-90.510975,19.828684
Paquetexpress,"Av López Mateos 27, Barrio de San Román, 24040 San Francisco de Campeche, Camp.",-90.538873,19.838495
Paquetexpress,"Av. Heroe de Nacozari 26-Bodega 1, Col. Las Flores, 24097 San Francisco de Campeche, Camp.",-90.51127,19.826734
PARISINA CAMPECHE MEXICANA,"C. 53 66-68, Zona Centro, 24000 San Francisco de Campeche, Camp.",-90.533949,19.842867
Parque 7 de Agosto,"Av. Francisco I. Madero 7, Barrio de la Ermita, 24020 San Francisco de Campeche, Camp.",-90.522595,19.854155
Parque Acuático Campeche,"Av. Resurgimiento s/n, Bosques de Campeche, 24030 San Francisco de Campeche, Camp.",-90.558411,19.832818
Parque Alameda,"Terranova, 24088 San Francisco de Campeche, Camp.",-90.485402,19.854194
Parque Alameda Francisco de Paula Toro,"Av República, Barrio de Sta Ana, 24050 San Francisco de Campeche, Camp.",-90.534385,19.841067
Parque Bicentenario,"Rafael Velazco, Bicentenario I y II, 24049 San Francisco de Campeche, Camp.",-90.538127,19.832744
Parque Bicentenario,"Av. Resurgimiento, Prado, 24030 San Francisco de Campeche, Camp.",-90.552539,19.835799
Parque Campeche,"Pedro Sainz de Baranda, Área Ah, 24010 San Francisco de Campeche, Camp.",-90.52612,19.85577
Parque Campeche,"Fundadores 4, Área Ah, 24028 Área Ah-Kim-Pech, Camp.",-90.526062,19.85516
parque campeche,"Lotificación San Juan I y II, 24090 San Francisco de Campeche, Camp.",-90.534909,19.830125
PARQUE CAMPECHE,"casino de, Área Ah, 24010 San Francisco de Campeche, Camp.",-90.523739,19.854167
Parque Col. Vicente Guerrero,"2 de La C. 18 11, Vicente Guerrero, 24035 San Francisco de Campeche, Camp.",-90.546758,19.828749
Parque Concordia,"Eduardo Mena, Cd Concordia, 24085 San Francisco de Campeche, Camp.",-90.491518,19.834912
Parque de Belem,"Los Zapotes, Quinta Belem I y II, 24050 San Francisco de Campeche, Camp.",-90.532917,19.832574
Parque De Las Luciernagas,"Carr. Escénica 395 Miramar 24030, Miramar, 24030 San Francisco de Campeche, Camp.",-90.569447,19.82405
Parque de Lindavista,"Sin nombre No. 158 26, Lindavista CTM, 24096 San Francisco de Campeche, Camp.",-90.526491,19.818119
Parque de los pansus,"C. 20-A, Kila, 24500 Lerma, Camp.",-90.606477,19.797421
Parque De Morelos,"C. 19 94, Revolución (Ampliación), Amp Revolución, 24080 San Francisco de Campeche, Camp.",-90.502666,19.851197
Parque de Samulá Miguel Hidalgo,"19, C. 10, Samulá, 24090 San Francisco de Campeche, Camp.",-90.548615,19.816483
Parque de San Francisco,"C. 10, Barrio de San Francisco, 24010 San Francisco de Campeche, Camp.",-90.525044,19.851605
Parque de Santa Ana,"C. 45 Chile, Barrio de Sta Ana, 24050 San Francisco de Campeche, Camp.",-90.526779,19.83924
Parque del Adulto Mayor,"Av Luis Donaldo Colosio Murrieta 5, Barrio de Sta Ana, 24050 San Francisco de Campeche, Camp.",-90.530417,19.830181
Parque del Joloch,"24026, Malagón 2, Granjas, San Francisco de Campeche, Camp.",-90.503924,19.854836
Parque Felipe Carrillo Puerto,"Curva del Diablo, Barrio de la Ermita, 24020 San Francisco de Campeche, Camp.",-90.518298,19.85488
Parque Fidel Velazquez Sanchez,"Sonora 3-5, Fidel Velázquez, 24023 San Francisco de Campeche, Camp.",-90.491913,19.868293
Parque Industrial Bicentenario,"24062 San Francisco de Campeche, Camp.",-90.509001,19.812277
Parque Infantil,"Xcaret, Amp Kalá I, 24085 San Francisco de Campeche, Camp.",-90.491608,19.848415
Parque Infantil Jardines,"Margarita 79, Jardines, 24060 San Francisco de Campeche, Camp.",-90.516333,19.832015
Parque IV Centenario,"C. 49, Zona Centro, 24000 San Francisco de Campeche, Camp.",-90.533315,19.846743
Parque Justo Sierra Mendez,"C. 14, Justo Sierra Méndez I y II, 24070 San Francisco de Campeche, Camp.",-90.502173,19.837464
Parque Kala,"Ramón Espínola Blanco I, II y III, 24085 San Francisco de Campeche, Camp.",-90.4829,19.843148
Parque Kin,"24095 San Francisco de Campeche, Camp.",-90.540134,19.804669
Parque Komchén,"C. Yakatel, Vista Hermosa, 24087 San Francisco de Campeche, Camp.",-90.487365,19.849918
Parque Las Banderas,"Av. 16 de Septiembre, Zona Centro, 24000 San Francisco de Campeche, Camp.",-90.536941,19.846983
Parque Lazareto,"C. Lazareto 46, Lazareto, 24044 San Francisco de Campeche, Camp.",-90.554466,19.83402
Parque Los Álamos,"Calle Pradera entre calle Encinos y calle, Los Girasoles, Fraccionamiento Los Álamos, C. P, 24088 San Francisco de Campeche, Camp.",-90.476264,19.856803
Parque Paseos de Campeche,"P.º Almena, Paseo de Campeche, 24088 San Francisco de Campeche, Camp.",-90.486039,19.857223
Parque Popular,"Edzna, Amp Miguel Hidalgo, 24094 San Francisco de Campeche, Camp.",-90.533303,19.813719
Parque Popular,"C. 20 de Noviembre, Justicia Soc, Col México, 24070 San Francisco de Campeche, Camp.",-90.499598,19.831399
Parque Principal Lerma,"C. 19, Lerma Centro, 24500 Lerma, Camp.",-90.600995,19.805915
Parque San Francisco (Plaza Pablo García),"43 o Mariano Escobedo, Barrio de San Francisco, 24010 San Francisco de Campeche, Camp.",-90.525053,19.851584
Parque San Román,"C. Bravo 5, Barrio de San Román, 24090 San Francisco de Campeche, Camp.",-90.544326,19.840905
Parque Santa Lucía,"C. 14 15, Barrio de Sta Lucía, 24020 San Francisco de Campeche, Camp.",-90.515002,19.847913
Parque Siglo XXI,"Primera 166, Vivah 2 Etapa, Siglo XXI, 24085 San Francisco de Campeche, Camp.",-90.492714,19.806555
Parque Solidaridad Nacional,"República Mexicana, Solidaridad Nacional, 24025 San Francisco de Campeche, Camp.",-90.497761,19.870277
Parque Tabasco (Fidel Velázquez),"Av. Fidel Velázquez 113, Fidel Velázquez, 24023 San Francisco de Campeche, Camp.",-90.488652,19.867393
Parque y Campo las Lomas,"C. Veracruz, Residencial Delicias, Lomas Delicias, 24500 San Francisco de Campeche, Camp.",-90.515813,19.837736
Parquesito Kala,"Kala I, Kalá, 24085 San Francisco de Campeche, Camp.",-90.488746,19.842984
Parroquia de la Inmaculada Concepción,"C. 24, China, Centro, 24500 San Francisco de Campeche, Camp.",-90.495964,19.769821
"Parroquia de Nuestra Señora de la Inmaculada Concepción, Santa Iglesia Catedral.","C. 55, Zona Centro, 24000 San Francisco de Campeche, Camp.",-90.536522,19.846042
Parroquia de Santa Ana,"Argentina Antes 43, Barrio de Sta Ana, 24050 San Francisco de Campeche, Camp.",-90.52612,19.839244
Parroquia de Santa Bárbara,"Av. Lic. Benito Juárez 2, Presidentes de México, 24088 San Francisco de Campeche, Camp.",-90.488685,19.85824
Parroquia De Santa Cecilia,"Av Casa de Justicia 14, 24097 San Francisco de Campeche, Camp.",-90.530416,19.824078
Parroquia de Santa Lucía Iglesia Católica,"Av. Cuauhtémoc 131, Barrio de Sta Lucía, 24020 San Francisco de Campeche, Camp.",-90.514563,19.847587
Parroquia del Sagrado Corazon de Jesus,"C. Jalisco 60, Tomás Aznar, 24060 San Francisco de Campeche, Camp.",-90.519342,19.834166
Parroquia Guadalupe Tepeyac. Vista Hermosa,"Tulum, Vista Hermosa, 24087 San Francisco de Campeche, Camp.",-90.485388,19.848081
Parroquia Nuestra Señora de la Encarnación,"Calle Oaxaca s/n, Fidel Velázquez, 24028 San Francisco de Campeche, Camp.",-90.491551,19.868405
Parroquia San Antonio de Padua Samula,"C. 19, Samulá, 24090 San Francisco de Campeche, Camp.",-90.548435,19.816164
Parroquia San Francisco de Asís,"Av. Miguel Alemán 329, Barrio de San Francisco, 24010 San Francisco de Campeche, Camp.",-90.524591,19.852794
Parroquia San Jose Ma. de Yermo y Parres,"Kabah, Kala I, Amp Kalá I, 24087 San Francisco de Campeche, Camp.",-90.490325,19.843135
Parroquia San Rafael,"C. Pedro Moreno 138, San Rafael, 24090 San Francisco de Campeche, Camp.",-90.535544,19.829806
Parroquia Sn Jose Obrero,"C. 105-A, Aviación, 24070 San Francisco de Campeche, Camp.",-90.508307,19.840702
Partido de la Revolución Democrática PRD,"Av. Francisco I. Madero 130, Barrio de San Francisco, 24010 San Francisco de Campeche, Camp.",-90.520245,19.849134
PASA Del Golfo,"Av Patricio Trueba de Regil 316-A, San Rafael, 24090 San Francisco de Campeche, Camp.",-90.531794,19.821539
PASAJE 7,"Ciriaco Vázquez 102-L 7, Barrio de Guadalupe, 24000 San Francisco de Campeche, Camp.",-90.532263,19.843932
Pasaje Fidel Velazquez,"Av. Solidaridad Nacional, Fidel Velázquez, 24023 San Francisco de Campeche, Camp.",-90.493507,19.871458
Pasaje San Román,"Avenida Justo Sierra sin numero, Barrio de San Román, 24040 San Francisco de Campeche, Camp.",-90.54374,19.842477
Paseo de los Héroes,"24040, C. 10-B 401, Barrio de San Román, San Francisco de Campeche, Camp.",-90.543771,19.841945
PASTELERÍA LA FRANCIA,"Av. Central 138, Barrio de San José, 24040 San Francisco de Campeche, Camp.",-90.535032,19.833831
Pastelería Panne’s,"Enfrente de la gasolinera Amigas Despachadoras, Av. Concordia, Invasión Esperanza, 24085 San Francisco de Campeche, Camp.",-90.497897,19.832289
PASTELERÍA SAN FRANCISCO,"Av Gobernadores 316, Barrio de Sta Ana, 24010 San Francisco de Campeche, Camp.",-90.519489,19.84309
Pastelería San Francisco Sucursal Campeche,"Av. Concordia, Invasión Esperanza, 24070 San Francisco de Campeche, Camp.",-90.497723,19.831923
Pastelería y Panadería Mi Bonita,"24085, Cd Concordia, 24085 San Francisco de Campeche, Camp.",-90.496117,19.837921
Patio De Maniobras De Seduopi,"24062 San Francisco de Campeche, Camp.",-90.505958,19.8018
Patrimonio Hoy,"24024, C. 103 30, Mártires de Río Blanco, San Francisco de Campeche, Camp.",-90.514415,19.848371
Patroni's Bar,"C. 59, Zona Centro, 24000 San Francisco de Campeche, Camp.",-90.538056,19.845278
Peluquería Aguilar,"24080, C. 21 56, Revolución, 24080 San Francisco de Campeche, Camp.",-90.50279,19.849857
Peluquería Cruz,"entre, Avenida Aviación, Calle 116, Av. Álvaro Obregón y, Barrio de Sta Lucía, 24020 San Francisco de Campeche, Camp.",-90.506698,19.844303
PELUQUERÍA UNISEX D'Fanny,"C. Nicaragua entre Tamaulipas y chihuahua, Barrio de Sta Ana, 24060 San Francisco de Campeche, Camp.",-90.531889,19.841651
Pemex,"Av Patricio Trueba de Regil, Sascalum, 24095 San Francisco de Campeche, Camp.",-90.533161,19.823257
Pemex,"Av Gobernadores Num 534, Barrio de Sta Ana, 24010 San Francisco de Campeche, Camp.",-90.530506,19.843423
Pemex,"Av Luis Donaldo Colosio Murrieta # 28, Barrio de Sta Ana, 24050 San Francisco de Campeche, Camp.",-90.519231,19.837973
Pemex,"Av López Portillo 508, Sascalum, 24095 San Francisco de Campeche, Camp.",-90.52985,19.814013
PEMEX,"Av Gobernadores 343, Barrio de Sta Ana, 24050 San Francisco de Campeche, Camp.",-90.520061,19.842698
PEMEX,"La Quinta, Lotificación la Quinta, 24040 San Francisco de Campeche, Camp.",-90.53879,19.830904
Pemex,"Baluarte Sn Juan y Calle 16, 24000 San Francisco de Campeche, Camp.",-90.538603,19.840304
Pemex,"Av López Mateos # 191, Barrio de San José, 24040 San Francisco de Campeche, Camp.",-90.545658,19.834055
Pemex,"24098, Av López Portillo 173, Ignacio Zaragoza, San Francisco de Campeche, Camp.",-90.538162,19.818246
Pemex,"Av Aviación 138, Huanal, 24070 San Francisco de Campeche, Camp.",-90.510516,19.835124
PEMEX,"Av. Concordia 1989, Col México, 24070 San Francisco de Campeche, Camp.",-90.498155,19.832193
Pemex,"Calle 18 Carrt. a Merida S/N, 24020 Camp.",-90.49851,19.846127
Península Gourmet,"Barrio de Sta Ana, 24050 San Francisco de Campeche, Camp.",-90.529334,19.831113
Perfect Compu,"avenida aviación 160, entre calle 105 y avenida aviación, Aviación, 24070 San Francisco de Campeche, Camp.",-90.508577,19.837754
Pescadería El Ángel,"Av. Central 27, Barrio de Sta Ana, 24050 San Francisco de Campeche, Camp.",-90.53464,19.833735
"Pescadería “El Delfín""","C. Paraguay 134, Barrio de Sta Ana, 24050 San Francisco de Campeche, Camp.",-90.526518,19.838021
Pezcaito Express,"Avenida Patricio Trueba y Regil s/n, Tepeyac, 24096 San Francisco de Campeche, Camp.",-90.530861,19.820228
Pharma Skin,"C. 55 N 14, Zona Centro, 24000 San Francisco de Campeche, Camp.",-90.536003,19.844692
PIBIPOLLO CAMPECHE,"C. 108 82, entre 14 y niños héroes, Santa Lucia, Barrio de Sta Lucía, 24000 San Francisco de Campeche, Camp.",-90.512962,19.848398
Picoteo,"Cda. 18 de Marzo 785, 24095 San Francisco de Campeche, Camp.",-90.527705,19.800853
PIMPON NUTRITION & GYM,"Av López Portillo 19, Vicente Guerrero, 24035 San Francisco de Campeche, Camp.",-90.550036,19.826759
Pinche Pollo Campeche,"Av López Mateos 426 Col, Bosques de Campeche, 24030 San Francisco de Campeche, Camp.",-90.55614,19.832728
Pinche Pollo Plan Chac,"andador Sayil y andador Labná, Av. Jaina, 24088 San Francisco de Campeche, Camp.",-90.493024,19.854616
Pininos Mi Primer Colegio,"C. 16 258 A, Barrio de San Román, 24040 San Francisco de Campeche, Camp.",-90.545593,19.836458
Pintumex Campeche CEDIS Barrio de Santa Ana (Punto de venta oficial),"Av República 9, Barrio de Sta Ana, 24050 San Francisco de Campeche, Camp.",-90.527281,19.83927
Pinturas Berel Calesa,"Av López Portillo Local 4, Plaza Calesa, San Antonio (Ampliación), San Antonio, 24099 San Francisco de Campeche, Camp.",-90.542687,19.82335
Pinturas Berel La Peña,"Av. Cto. Constitución 19b, Peña, 24089 San Francisco de Campeche, Camp.",-90.498247,19.846828
Pinturas Berel Santa Ana,"Av República 13, Barrio de Sta Ana, 24050 San Francisco de Campeche, Camp.",-90.527401,19.83935
Pinturas Berel Suc. Av. López Mateos,"Av López Mateos 72, Barrio de San Román, 24040 San Francisco de Campeche, Camp.",-90.540211,19.837528
Pinturas Berel Trueba,"Av Patricio Trueba de Regil 95, San Rafael, 24090 San Francisco de Campeche, Camp.",-90.534931,19.827266
Pinturas Comex,"Calle 12 125, Zona Centro, 24000 San Francisco de Campeche, Camp.",-90.533584,19.846104
Pinturas Osel Colosio Campeche,"Av Luis Donaldo Colosio Murrieta Local 1, Barrio de Sta Ana, 24050 San Francisco de Campeche, Camp.",-90.529255,19.831156
Pirelli,"Av López Mateos 27, Barrio de San José, 24040 San Francisco de Campeche, Camp.",-90.53867,19.83868
Pizza Hut Kanisté,"Av López Portillo Local 2, Samulá, Kanisté, 24090 San Francisco de Campeche, Camp.",-90.552358,19.826382
Planta Marganzo Seafood,"Letra ""A"" Poligono 2, Parque Industrial Bicentenario, 53489 Camp.",-90.509197,19.810195
Plastiqueria La Feria,"Av Luis Donaldo Colosio Murrieta 124, Barrio de San José, 24040 San Francisco de Campeche, Camp.",-90.542378,19.832227
Playa Bonita,"040020001140, 24500 Lerma, Camp.",-90.621749,19.793624
Plaza 2022,"Av Luis Donaldo Colosio Murrieta 1362, De San José, 24040 San Francisco de Campeche, Camp.",-90.542384,19.832545
Plaza 21,"Siglo XXI, 24073 San Francisco de Campeche, Camp.",-90.492964,19.813186
Plaza 4 de Octubre,"Plaza de las tres culturas, Pedro Sainz de Baranda, Área Ah, 24014 San Francisco de Campeche, Camp.",-90.527142,19.856265
Plaza Alcalá,"Av. 16 de Septiembre 120, Zona Centro, 24000 San Francisco de Campeche, Camp.",-90.538184,19.84708
Plaza Balance,"Av Tormenta, Las Flores, 24097 San Francisco de Campeche, Camp.",-90.530846,19.823833
Plaza BBG tienda mayorista,"C. 53 66-68, Zona Centro, 24000 San Francisco de Campeche, Camp.",-90.533841,19.842914
Plaza Calesa,"Av López Portillo 107, San Antonio (Ampliación), Amp San Antonio, 24099 San Francisco de Campeche, Camp.",-90.54266,19.823207
Plaza Capitán Francisco de Montejo,"C. 10 88, Barrio de San Francisco, 24010 San Francisco de Campeche, Camp.",-90.523847,19.850864
Plaza Central,"Av. Central 41, Barrio de Sta Ana, 24050 San Francisco de Campeche, Camp.",-90.535717,19.83845
Plaza Colosio,"Av Luis Donaldo Colosio Murrieta 70, Barrio de Sta Ana, 24050 San Francisco de Campeche, Camp.",-90.522575,19.83589
Plaza Condesa,"Ave, Av. Maestros Campechanos, San Francisco de Campeche, Camp.",-90.529292,19.811372
Plaza de la Independencia,"Centro Histórico, 24000 San Francisco de Campeche, Camp.",-90.537011,19.845919
Plaza del Mar,"Av Adolfo Ruiz Cortinez 24, Área Ah, 24014 San Francisco de Campeche, Camp.",-90.537447,19.849017
Plaza del Mar,"Av Adolfo Ruiz Cortinez 17a, Zona Centro, 24000 San Francisco de Campeche, Camp.",-90.537167,19.849199
Plaza del Patrimonio Mundial,"Calle 8, Zona Centro, 24000 San Francisco de Campeche, Camp.",-90.53621,19.847024
Plaza Galerías,"Pedro Sainz de Baranda 142, Área Ah, 24014 San Francisco de Campeche, Camp.",-90.52332,19.856621
Plaza Girasol,"Lorenzo Alfaro Alomia 1, Barrio de San Francisco, 24010 San Francisco de Campeche, Camp.",-90.525784,19.853237
Plaza Juan Carbo,"Zona Centro, 24000 San Francisco de Campeche, Camp.",-90.536552,19.846737
Plaza Kaniste,"Av López Portillo 28, Samulá, Kanisté, 24038 San Francisco de Campeche, Camp.",-90.551809,19.826292
Plaza Libertad Expresion,"C. 49 B, Barrio de Guadalupe, 24010 San Francisco de Campeche, Camp.",-90.53278,19.844727
Plaza Martel,"Joaquín Clausell 32, Área Ah, 24014 San Francisco de Campeche, Camp.",-90.530416,19.851933
Plaza Mártires Del Río Blanco,"C. 107, Mártires de Río Blanco, 24020 San Francisco de Campeche, Camp.",-90.513747,19.849312
Plaza Paseo 320,"Av. Justo Sierra Méndez 381, Barrio de San Román, 24040 San Francisco de Campeche, Camp.",-90.543117,19.84274
Plaza Quinta Real,"Av Patricio Trueba de Regil 189 A, Fracciorama 2000, 24090 San Francisco de Campeche, Camp.",-90.534543,19.827259
Plaza San Arturo,"Prolongación Allende 85, Barrio de San José, 24040 San Francisco de Campeche, Camp.",-90.540115,19.830961
PLAZA SAN JUAN CAMPECHE,"Plaza San Juan, Ave. Gobernadores 587 int L entre Chihuahua Calle Nicaragua y, Av Gobernadores 587-Loc J, entre C. chihuahua y C. Nicaragua, Barrio de Sta Ana, 24050 San Francisco de Campeche, Camp.",-90.531599,19.842944
Plaza San Pedro,"Calle 49 B Ciriaco Vazquez Guadalupe, 24010 San Francisco de Campeche, Camp.",-90.532175,19.843923
Plaza Universidad,"Villas Universidad, San Francisco de Campeche, Camp.",-90.553114,19.826963
Plaza Universidad Campeche,"24030, De Bosque, 24030 San Francisco de Campeche, Camp.",-90.553613,19.827238
PLAZA X-CARET lavandería lava express,"Av Adolfo Ruiz Cortinez 1, Guadalupe, 24010 San Francisco de Campeche, Camp.",-90.53288,19.848868
"Plaza Xxl ,local 1","Siglo XXI 23, Vivah 1 Etapa, Siglo XXI, 24073 San Francisco de Campeche, Camp.",-90.489055,19.801576
Plazuela San Francisco,"C. 10, Barrio de San Francisco, 24010 San Francisco de Campeche, Camp.",-90.524069,19.850999
Poder Ejecutivo del Estado de Campeche,"Calle 8, Zona Centro, 24000 San Francisco de Campeche, Camp.",-90.539688,19.845339
Poder Judicial del Estado de Campeche,"Av Patricio Trueba de Regil 236, San Rafael, 24090 San Francisco de Campeche, Camp.",-90.532638,19.824242
Pollería Hermanos España,"C. Coahuila 24, Barrio de Sta Ana, 24050 San Francisco de Campeche, Camp.",-90.532227,19.838515
Polvorín,"24060 San Francisco de Campeche, Camp.",-90.522571,19.826757
Polvorín (Ampliación),"Amp Polvorín, 24060 San Francisco de Campeche, Camp.",-90.51958,19.824272
Portales de San Francisco,"Gómez Farias, Barrio de San Francisco, 24010 San Francisco de Campeche, Camp.",-90.523933,19.850914
Portillos,"24095, Sascalum, 24095 San Francisco de Campeche, Camp.",-90.530709,19.814423
Porto Blanco Campeche,"C. 10 248, Zona Centro, 24000 San Francisco de Campeche, Camp.",-90.537553,19.84528
Pozol - La Crema del Maíz,"C. Girasol 15, Amp Polvorín, 24060 San Francisco de Campeche, Camp.",-90.515204,19.825053
Praga Estética y Bienestar,"Calle 49-B Plaza san Pedro, segunda planta, el último local # 7, Guadalupe, Barrio de Guadalupe, 24010 San Francisco de Campeche, Camp.",-90.532126,19.84399
Pralnia Lavendera,"C. 57, Zona Centro, 24000 San Francisco de Campeche, Camp.",-90.535519,19.842449
"PREFABRICADOS ALESA, S.A. DE C.V.","CARRETERA CHINÁ-POCYAXUM KM 2.6, 24520 San Francisco de Campeche, Camp.",-90.482219,19.769756
Preparatoria Abierta Campeche,"C. 10-B 397, Barrio de San Román, 24040 San Francisco de Campeche, Camp.",-90.543504,19.841719
Preparatoria Antonio Canto,"C. Coahuila 16, entre Brazil y Nicaragua A lado del kinder, Barrio de Sta Ana, 24050 San Francisco de Campeche, Camp.",-90.529066,19.838921
Preparatoria Ermilo Sandoval Campos,"Avenida Universidad, Buenavista, 24039 San Francisco de Campeche, Camp.",-90.556091,19.828148
Preparatoria Fernando Angli Lara,"Priv. Patricio Trueba S/N, Fracciorama 2000, 24090 San Francisco de Campeche, Camp.",-90.531545,19.82556
Preparatoria Profr. Septimio Pérez Palacios,"C. Prol. Av. del Deque 23, San Arturo, Vicente Guerrero, 24035 San Francisco de Campeche, Camp.",-90.542235,19.829158
Preparatoria Profr. Septimio Pérez Palacios,"C. 67 31, Zona Centro, 24000 San Francisco de Campeche, Camp.",-90.539886,19.841262
PREPARATORIA SALVADOR VELEZ LOPEZ,"Av. Álvaro Obregón S/N, Barrio de Sta Lucía, 24020 San Francisco de Campeche, Camp.",-90.517693,19.848154
Prestadora de Servicios Ges,"Av Adolfo Ruiz Cortinez 112, Barrio de San Román, 24040 San Francisco de Campeche, Camp.",-90.543018,19.844032
Prestadora de servicios profesionales TIXBULUL,"Jimbal LB, Polvorín, 24060 San Francisco de Campeche, Camp.",-90.523927,19.828969
Prevo,"Av Juan de la Barrera, Héroes de Chapultepec, 24030 San Francisco de Campeche, Camp.",-90.560163,19.827572
"Primaria ""Año Internacional del Niño""","Tulipanes 12, Jardines, 24060 San Francisco de Campeche, Camp.",-90.517641,19.831844
Primaria Ana Maria Rios,"Heroico Colegio Militar 2, Campeche I, Barrio de Sta Ana, 24050 San Francisco de Campeche, Camp.",-90.533244,19.839602
Primaria Conquista Obrera,"Orquídea 16, Las Flores, 24097 San Francisco de Campeche, Camp.",-90.52761,19.820762
Primaria Eulogio Perera,"C. 19, Samulá, 24090 San Francisco de Campeche, Camp.",-90.548459,19.817024
Primaria Héroe de Nacozari,"Unnamed Road, Héroe de Nacozari, 24070 San Francisco de Campeche, Camp.",-90.510218,19.833987
Primaria Ignacio Zaragoza,"C. 12, Barrio de San Román, 24040 San Francisco de Campeche, Camp.",-90.550085,19.836553
Primaria Lic.Manuel Gual Vidal,"20 de Noviembre 40, Esperanza, 24080 San Francisco de Campeche, Camp.",-90.501172,19.842888
Primaria Margarita de Gortari de Salinas,"Belem Nte. 1992, Barrio de Sta Ana, 24050 San Francisco de Campeche, Camp.",-90.532331,19.833807
PRIMARIA PLAN DE AYUTLA,"24060, C. Ecuador 179, Polvorín, San Francisco de Campeche, Camp.",-90.52333,19.82904
PRIMARIA SEPTIMO PEREZ PALACIOS,"Nopal, Invasión Esperanza, 24080 San Francisco de Campeche, Camp.",-90.496727,19.834122
PRINT SERVICE,"C. 12 2, entre 9 y 11b, Edzná, Samulá, 24090 San Francisco de Campeche, Camp.",-90.548694,19.821577
Procuraduría Federal del Consumidor Profeco,"Av. 16 de Septiembre SN, Zona Centro, 24000 San Francisco de Campeche, Camp.",-90.536205,19.848035
Procuraduría General de la República P.G.R. de Campeche,"Av Patricio Trueba de Regil SN, San Rafael, 24090 San Francisco de Campeche, Camp.",-90.532457,19.822409
PRODECON Campeche,"edificio Palacio Federal, Av. 16 de Septiembre Piso 3, Zona Centro, 24000 San Francisco de Campeche, Camp.",-90.535961,19.848222
Productos de Limpieza Consorcio Justo a Tiempo,"C. Montecristo 9, entre 12 y 14, Barrio de San Román, 24040 San Francisco de Campeche, Camp.",-90.550048,19.835684
PRODUCTOS PARA VERSE Y SENTIRSE BIEN MH MEGAHEALTH,"And. Las Palmas 67, Foviste Belén, Quinta Belem I y II, 24050 San Francisco de Campeche, Camp.",-90.530998,19.831808
Profuturo Campeche,"Av. María Lavalle Urbina 13-Loc 201, Área Ah, 24014 San Francisco de Campeche, Camp.",-90.527262,19.853664
"PROMAC Campeche: distribuidora ECOM, MOTUL, NST","Calle Ingeniería No 7, Samulá, 24090 San Francisco de Campeche, Camp.",-90.548866,19.826061
Promedent's,"Burócratas Pensiones, 24035 San Francisco de Campeche, Camp.",-90.546935,19.835342
Promotoría Campeche AB-MetLife,"Guayacan Lt. 1, Bosques de Campeche, 24030 San Francisco de Campeche, Camp.",-90.556392,19.830825
Proveedor de Bienes y Servicios,"C. 55 14, Zona Centro, 24000 San Francisco de Campeche, Camp.",-90.536067,19.844572
Provident,"C. 10 326, Barrio de San Román, 24040 San Francisco de Campeche, Camp.",-90.543823,19.842316
Proyecto Ficciones 2019,"C. 3, Zona Sin Asignación de Nombre, 24095 San Francisco de Campeche, Camp.",-90.535756,19.809746
Proyectos Campeche,"Fracciorama 2000, 24090 San Francisco de Campeche, Camp.",-90.531884,19.82653
Prueba,"Lotificación San Juan I y II, 24520 San Francisco de Campeche, Camp.",-90.534909,19.830125
Préstamos Avance,"Av Gobernadores 443, Barrio de Sta Ana, 24050 San Francisco de Campeche, Camp.",-90.525192,19.842992
Puente de los Perros,"Av República 24000, Barrio de Sta Ana, 24050 San Francisco de Campeche, Camp.",-90.533541,19.840892
Puerta de Mar,"Calle 8, Zona Centro, 24000 San Francisco de Campeche, Camp.",-90.538456,19.845805
Puerta de Tierra,"Av Cto Baluartes, Zona Centro, 24000 San Francisco de Campeche, Camp.",-90.536036,19.841393
Puerto Kabana Restaurante de Mariscos,"C. 51 511, Área Ah, 24000 San Francisco de Campeche, Camp.",-90.536204,19.849755
Puerto Peñasco Restaurante,"C. 10 67, Barrio de San Francisco, 24010 San Francisco de Campeche, Camp.",-90.521317,19.850269
Punta Del Cielo,"Calle 10, Malecón de Campeche 420-A, Barrio de San Román, 24040 San Francisco de Campeche, Camp.",-90.549404,19.838282
PUNTO 99 MINUTOS,"Jerusalén, Leovigildo Gómez, 24060 San Francisco de Campeche, Camp.",-90.515203,19.821427
Punto de Oro Café,"Av. Lázaro Cárdenas 1, Lomas de las Flores, 24060 San Francisco de Campeche, Camp.",-90.523102,19.814941
PUNTO EMPRENDEDORAS,"C. 53, Zona Centro, 24000 San Francisco de Campeche, Camp.",-90.535789,19.846571
Punto Verde,"Av López Portillo 228, Miguel Hidalgo, 24094 San Francisco de Campeche, Camp.",-90.537291,19.816496
Punto Verde Campeche,"C. 16 303, entre Calle 59, Zona Centro, 24000 San Francisco de Campeche, Camp.",-90.537033,19.841818
Punto Yastás,"C. Décima MZ41 LT39, Siglo XXI, 24073 San Francisco de Campeche, Camp.",-90.493293,19.809649
Punto Yastás en Abarrotes El Milagro,"Guatemala 32 6, Los Laureles, 24096 San Francisco de Campeche, Camp.",-90.53203,19.812765
Punto óptico,"Av. Luis Donaldo Colosio Plaza Attimo, 24050 San Francisco de Campeche, Camp.",-90.529364,19.831115
PuroSecondHand STORE,"C. 16 353, Zona Centro, 24000 San Francisco de Campeche, Camp.",-90.538839,19.841043
Qatar Hospedaje,"C. Peru 153, entre Av. Colosio y Avenida Lázaro Cárdenas, Barrio de Sta Ana, 24050 San Francisco de Campeche, Camp.",-90.525398,19.833902
Quadra,"Calle Tercera 104 14, Mártires de Río Blanco, 24024 San Francisco de Campeche, Camp.",-90.514666,19.850248
Quality Post Campeche,"I y II, Pablo García 31-Local 1, Sta Bárbara I y II, 24070 San Francisco de Campeche, Camp.",-90.504368,19.840989
Quarta Marchia Servicio Automotriz,"Av Ruiz Cortinez #1, Área, Área Ah, 24000 San Francisco de Campeche, Camp.",-90.534793,19.849364
QUICKWASH LAVANDERIA,"Av Luis Donaldo Colosio Murrieta, Barrio de San José, 24040 San Francisco de Campeche, Camp.",-90.547156,19.832958
QUINTA REAL PLAZA,"Av Patricio Trueba de Regil 189, Fracciorama 2000, 24090 San Francisco de Campeche, Camp.",-90.534501,19.827286
Quinta Santa Teresita,"Av. Fidel Velázquez 190, Fidel Velázquez, 24023 San Francisco de Campeche, Camp.",-90.489036,19.865431
RADIAL LLANTAS Campeche,"Av. Cto. Baluartes 5, Zona Centro, 24040 San Francisco de Campeche, Camp.",-90.53892,19.840563
RB/ABOGADOS SUCURSAL CAMPECHE,"Calle Bahamas 26 Manzana I, Lote 13, Fraccionamiento la riviera, 24095 San Francisco de Campeche, Camp.",-90.535125,19.802816
Rebel Gym,"24010, Guadalupe, 24010 San Francisco de Campeche, Camp.",-90.533561,19.848135
Recaudamovil Municipal,"Barrio de Sta Ana, 24050 San Francisco de Campeche, Camp.",-90.534893,19.836888
Redes Spectrum,"Av López Portillo No. 294-Loc F, Sascalum, 24090 San Francisco de Campeche, Camp.",-90.530343,19.814363
Redpack,"C. Talamantes 7, Barrio de San Román, 24040 San Francisco de Campeche, Camp.",-90.540593,19.841007
Refaccionaria /Taller PC MOTORS.,"Avenida Agustín Melgar 51, Cruzamiento de la calle 12, Samulá, 24090 San Francisco de Campeche, Camp.",-90.550816,19.825469
Refaccionaria Ancona Autopartes Av. Trueba - Campeche,"Av Patricio Trueba de Regil 297, Las Flores, 24090 San Francisco de Campeche, Camp.",-90.529983,19.819431
Refaccionaria Ancona Autopartes Gobernadores - Campeche,"Av Gobernadores 29, Esperanza, 24080 San Francisco de Campeche, Camp.",-90.503832,19.842729
REFACCIONARIA APYMSA,"Av Gobernadores 181, Aviación, 24070 San Francisco de Campeche, Camp.",-90.510706,19.842049
refaccionaria automotriz ANAHI,"Av Luis Donaldo Colosio Murrieta 2, entre Peru y, Segunda Priv. de Ecuador, Santa Ana, Barrio de Sta Ana, 24050 San Francisco de Campeche, Camp.",-90.519907,19.837477
REFACCIONARIA AUTOMOTRIZ LALOS,"Miguel Hidalgo 51, Aviación, 24070 San Francisco de Campeche, Camp.",-90.512244,19.840735
REFACCIONARIA AUTOMOTRIZ LEON,"Av López Portillo S/N, Miguel Hidalgo (Ampliación), Miguel Hidalgo, 24094 San Francisco de Campeche, Camp.",-90.534696,19.814635
"REFACCIONARIA AUTOMOTRIZ LEON ""AV. COLOSIO""","Av Luis Donaldo Colosio Murrieta 154 B, Barrio de San José, 24040 San Francisco de Campeche, Camp.",-90.543295,19.832769
REFACCIONARIA AUTOMOTRIZ LOS MOO`S,"Vigésima Primera entre VIGESIMA Y VIGESIMA CUARTA, Vivah 1 Etapa, Siglo XXI, 24085 San Francisco de Campeche, Camp.",-90.491013,19.802994
Refaccionaria AutoZone,"Av Patricio Trueba de Regil 310-A, Amp San Rafael, 24096 San Francisco de Campeche, Camp.",-90.533692,19.82434
Refaccionaria AutoZone,"Av Gobernadores 296, Villa del Río, Barrio de Sta Ana, 24020 San Francisco de Campeche, Camp.",-90.51814,19.843169
Refaccionaria barrientos,"C. Ciricote 4, Flor de Limón, 24069 San Francisco de Campeche, Camp.",-90.524215,19.831708
Refaccionaria Campeche,"24010, Av. Francisco I. Madero 258A, Barrio de San Francisco, 24010 San Francisco de Campeche, Camp.",-90.519137,19.843689
REFACCIONARIA CLUTCH FRENOS DZUL,"C. 20 37-B, Barrio de San José, 24040 San Francisco de Campeche, Camp.",-90.538404,19.83817
REFACCIONARIA DIESEL EL INGENIERO,"Av Patricio Trueba de Regil, San Rafael, 24090 San Francisco de Campeche, Camp.",-90.531901,19.821663
REFACCIONARIA DREASUR,"C. Veracruz 109a, entre panama y ecuador, Barrio de Sta Ana, 24050 San Francisco de Campeche, Camp.",-90.52174,19.839976
Refaccionaria Durán,"24040, Samulá, 24090 San Francisco de Campeche, Camp.",-90.549751,19.826446
Refaccionaria El Yuca,"Punta Maxtun, Solidaridad Urbana, 24096 San Francisco de Campeche, Camp.",-90.521594,19.823383
REFACCIONARIA ESTRADA,"Av. Jaina 17, Unidad y Trabajo, 24088 San Francisco de Campeche, Camp.",-90.494127,19.852188
Refaccionaria Italika Campeche,"Av. Álvaro Obregón 242, Esperanza, 24080 San Francisco de Campeche, Camp.",-90.500592,19.845074
Refaccionaria La Avenida suc. Campeche 04,"Av López Mateos 211, entre Prol Abasolo y Victoria, Barrio de San José, 24040 San Francisco de Campeche, Camp.",-90.546287,19.83366
Refaccionaria Mirsa 2,"Av Luis Donaldo Colosio Murrieta Numero 18-interior 2, Barrio de Sta Ana, 24050 San Francisco de Campeche, Camp.",-90.519095,19.838049
Refaccionaria motohaus,"Av. Antigua Kalá 95 col, Unidad y Trabajo, 24088 San Francisco de Campeche, Camp.",-90.494624,19.850844
Refaccionaria MUNDO,"Av. Álvaro Obregón 293, Pablo García, 24080 San Francisco de Campeche, Camp.",-90.501959,19.844455
REFACCIONARIA PARTESYMAX,"Adolfo, Av López Mateos 144, Barrio de San Román, 24040 San Francisco de Campeche, Camp.",-90.542826,19.83604
REFACCIONARIA SAN PEDRO,"Brasil 75, Barrio de Sta Ana, 24050 San Francisco de Campeche, Camp.",-90.527943,19.842656
Refaccionaria San Roman Sa de Cv,"24040, C. Talamantes 1, Barrio de San Román, San Francisco de Campeche, Camp.",-90.539157,19.840532
REFACCIONARIA SANTIAGO,"Av Gobernadores 306 D, Barrio de San Francisco, 24010 San Francisco de Campeche, Camp.",-90.519072,19.843233
Refaccionaria Vargas (DMR),"Guadalupe Victoria 6, Amp Miguel Hidalgo, 24094 San Francisco de Campeche, Camp.",-90.534032,19.814559
Refaccionaria Vela,"C. Coahuila 178, Barrio de Sta Ana, 24050 San Francisco de Campeche, Camp.",-90.520503,19.838176
Refaccionaria Xuffi,"Carr. Campeche-Lerma s/n, 24500 San Francisco de Campeche, Camp.",-90.57653,19.821981
"REFACCIONARIA Y TALLER DE MOTOS Y BICIS ""LEON""","Av Gobernadores, Barrio de Sta Lucía, 24020 San Francisco de Campeche, Camp.",-90.513965,19.842569
REFACCIONARIA Y TALLER DE SERVICIO PEPE'S,"Avenida Cuauhtémoc 23, Av. Álvaro Obregón 128, Barrio de Sta Lucía, 24020 San Francisco de Campeche, Camp.",-90.515466,19.845429
REFACCIONARIA Y TALLER ELECTROMECÁNICO AUTOMOTRIZ GUTIÉRREZ,"Av Luis Donaldo Colosio Murrieta, Barrio de San José, 24049 San Francisco de Campeche, Camp.",-90.536786,19.830524
Refaccionaria yasha,"Av Luis Donaldo Colosio Murrieta 4, San Rafael, 24040 San Francisco de Campeche, Camp.",-90.535331,19.830226
Refaccionarias Monterrey Campeche,"Av Gobernadores, Barrio de Sta Lucía, 24020 San Francisco de Campeche, Camp.",-90.50341,19.843172
Refaccionarias Monterrey Campeche Tepeyac,"Av Patricio Trueba de Regil 408, Tepeyac, 24096 San Francisco de Campeche, Camp.",-90.531222,19.820635
REFACCIONARÍA BAHIA DE CAMPECHE,"Av Hidalgo 126, Huanal, 24070 San Francisco de Campeche, Camp.",-90.510369,19.83829
Refaccionaría Barbosa,"C. 12 s/n, entre C-25 y C-27, Samulá, 24090 San Francisco de Campeche, Camp.",-90.550844,19.813851
Refaccionaría ciclosur campeche,"Av Gobernadores, Barrio de Sta Ana, 24050 San Francisco de Campeche, Camp.",-90.526529,19.843118
Refaccionaría El Pedal,"Tamaulipas 40A, Barrio de Sta Ana, 24050 San Francisco de Campeche, Camp.",-90.530447,19.841736
Refaccionaría y Servicio Automotriz Herrera,"Av López Mateos 227, Barrio de San José, 24040 San Francisco de Campeche, Camp.",-90.546537,19.833612
Refaccionaría y taller de motos cucho,"C. 8, Bellavista (Ampliación), Vivah, 24026 San Francisco de Campeche, Camp.",-90.50923,19.858159
REFACCIONES AUTOMOTRICES LUGO,"Av López Mateos 183, Barrio de San Román, 24040 San Francisco de Campeche, Camp.",-90.544887,19.834531
REFACCIONES Y SERVICIOS POLANCO,"Av López Mateos 64, Barrio de San Román, 24040 San Francisco de Campeche, Camp.",-90.54023,19.837539
REFAHOGAR GOBERNADORES,"24050, Av Gobernadores 373, entre calle Uruguay y Calle Ecuador, Barrio de Sta Ana, 24010 San Francisco de Campeche, Camp.",-90.521677,19.842856
"REFRESQUERIA ""EL FAROLITO""","Av Luis Donaldo Colosio Murrieta, Barrio de Sta Ana, 24050 San Francisco de Campeche, Camp.",-90.519431,19.837805
Refresquería El Farolito,"Tamaulipas 60, Barrio de Sta Ana, 24050 San Francisco de Campeche, Camp.",-90.532263,19.841328
Refrimart Aguilar Campeche,"Av López Mateos 231, Burócratas Pensiones, 24035 San Francisco de Campeche, Camp.",-90.545931,19.83431
Registro Agrario Nacional,"Av López Mateos 240F, Burócratas Pensiones, 24035 San Francisco de Campeche, Camp.",-90.545565,19.834523
Registro civil,"C. 16, Zona Centro, 24000 San Francisco de Campeche, Camp.",-90.533443,19.84339
RehabilitARTE Campeche,"Av. María Lavalle Urbina, Área Ah, 24014 San Francisco de Campeche, Camp.",-90.529418,19.853329
REHAVITALIA,"Av. Jaina 21, Unidad y Trabajo, 24088 San Francisco de Campeche, Camp.",-90.494074,19.852273
REME COLld,"C. 21, Samulá, 24090 San Francisco de Campeche, Camp.",-90.544437,19.813767
Rest & Recreation,"C. 57 26, Centro Histórico, Zona Centro, 24000 San Francisco de Campeche, Camp.",-90.536366,19.84371
Restaurant Chac Pel,"Av. Lázaro Cárdenas 8, entre Marte y Niebla, Valle del Sol, 24090 San Francisco de Campeche, Camp.",-90.526809,19.828316
Restaurant La Uva,"C. 20 80, Kila, 24500 Lerma, Camp.",-90.609443,19.80099
Restaurant Las Brisas Suc Campeche,"Av. Resurgimiento 1, entre Prado y Montecristo, Prado, 24030 San Francisco de Campeche, Camp.",-90.551116,19.83689
Restaurante CELAVI bistroterie,"C. 59, Zona Centro, 24000 San Francisco de Campeche, Camp.",-90.536613,19.842258
Restaurante Cristóbal Colón,"Av López Portillo 137 B, Tepeyac, 24096 San Francisco de Campeche, Camp.",-90.540224,19.820486
Restaurante Familiar La Caleta,"C. 22-A 10, Tres Cruces, 24500 Lerma, Camp.",-90.611788,19.798344
Restaurante Herencias,"Av Patricio Trueba de Regil 236, entre avenida colosio y avenida central, San Rafael, 24090 San Francisco de Campeche, Camp.",-90.535007,19.829508
Restaurante Morgan,"Av Luis Donaldo Colosio Murrieta 40, Lotificación San Juan I y II, 24050 San Francisco de Campeche, Camp.",-90.533653,19.830337
Restaurante ¡Ah Chihuahua!,"Calle Orquidea MZ 1 Lote 68, Orquídeas 68, Los Laureles, 24096 San Francisco de Campeche, Camp.",-90.52801,19.817591
Reten de Gruas Campeche,"24519 San Francisco de Campeche, Camp.",-90.478683,19.798056
Revista Tragedia,"24070, C. 2 46, Aviación, 24070 San Francisco de Campeche, Camp.",-90.508837,19.840214
Rhino Diseño Creativo,"12, Infonavit Justo Sierra Mendez en la colonia ""El Carmelo"" en, De La C. 21, 24038 San Francisco de Campeche, Camp.",-90.502689,19.836109
Rimasa,"Av. Concordia, Kala I, Cd Concordia, 24085 San Francisco de Campeche, Camp.",-90.49553,19.831991
Rincón del Cheesecake,"24095, Lázaro Cárdenas, 24095 San Francisco de Campeche, Camp.",-90.538628,19.808151
Riquisimo Reposteria,"A col, Villa Cabra 140, San Joaquín, San Francisco de Campeche, Camp.",-90.509826,19.851055
RM-MAYOREO Av gobernadores,"Av Gobernadores 527-a, Barrio de Sta Ana, 24010 San Francisco de Campeche, Camp.",-90.529165,19.84313
Roberto Romero Castro,"Perif. Pablo García y Montilla Km 15, Siglo XXI, 24085 San Francisco de Campeche, Camp.",-90.487518,19.799965
ROCA GYM,"Palma Sola 27, Palma Sola, 24520 Chiná, Camp.",-90.503103,19.7669
RODMER,"Av Luis Donaldo Colosio Murrieta, Av Luis Donaldo Colosio 33, Barrio de Sta Ana, 24060 San Francisco de Campeche, Camp.",-90.51742,19.838766
Rolcar Servipartes - Colosio,"Av. Heroe de Nacozari 38, Tomás Aznar, 24060 San Francisco de Campeche, Camp.",-90.516457,19.839445
"Ropa America ""Las Flores""","Las Flores Manzana 1 Lote 21, Las Flores, 24097 San Francisco de Campeche, Camp.",-90.52809,19.823108
Ropa Americana DH,"Calle Décimo Sexta, Novena Manzana 67 Lote 58, entre Vigésimo Séptima y Vigésimo, Siglo XXI, 24073 San Francisco de Campeche, Camp.",-90.489712,19.806385
"Ropa americana Indy Moguel ""La casa del vestido""","Calle 21 Entre 14 y 16 col Samula 119, Samulá, 24090 San Francisco de Campeche, Camp.",-90.552121,19.816532
Ropa Americana OLWIL,"Amp Polvorín, 24060 San Francisco de Campeche, Camp.",-90.515356,19.824963
Ropa americana silprz,"Del Sol, Barrio de Sta Ana, 24050 San Francisco de Campeche, Camp.",-90.526151,19.843326
Ropa americana “Joseph”,"Cementerio, 24520 Chiná, Camp.",-90.496886,19.769516
Ropa Esther Castillo,"C. 6, Bellavista, 24020 San Francisco de Campeche, Camp.",-90.515063,19.855607
ROPA NUEVA UTOPIA,"C. 106 3, Mártires de Río Blanco, 24020 San Francisco de Campeche, Camp.",-90.514601,19.8485
Ropa y Accesorios ROUSE,"Calle Bis. Col, Pocyaxun 1, Solidaridad Urbana, San Francisco de Campeche, Camp.",-90.519701,19.820806
Rotulacion X Computadora,"Vigésima Primera 48, Vivah 1 Etapa, Siglo XXI, 24085 San Francisco de Campeche, Camp.",-90.490258,19.800686
Rouge: Café Bistro,"C. 59 s/n-Local E, Zona Centro, 24000 San Francisco de Campeche, Camp.",-90.538971,19.846604
ROXANA SALÓN,"C. 12 250, Barrio de San Román, 24040 San Francisco de Campeche, Camp.",-90.54513,19.83997
RP Servicios,"Torres de Cristal Av Adolfo Ruiz Cortinez, Barrio de San Román, Edificio: Torre B, Piso 6, Local 604, 24040 San Francisco de Campeche, Camp.",-90.542951,19.844107
Rustiko Gym,"C. 63 entre 12 y 14, Zona Centro, 24000 San Francisco de Campeche, Camp.",-90.538914,19.842693
Ruíz Ortegón Mercedes,"C. 57 1, Zona Centro, 24000 San Francisco de Campeche, Camp.",-90.536989,19.845211
Ría de San Francisco,"San Francisco de Campeche, Camp.",-90.514684,19.834308
S,"C. 18, Barrio de San Román, 24040 San Francisco de Campeche, Camp.",-90.540661,19.837952
S.E. SAMULA,"Av Patricio Trueba de Regil, Tepeyac, 24096 San Francisco de Campeche, Camp.",-90.532566,19.82281
S.O.C. SERVICIOS ÓPTICOS DE CAMPECHE,"C. 51 16-A, Zona Centro, 24000 San Francisco de Campeche, Camp.",-90.534678,19.846182
Saborella,"Plaza Universidad, Av. Agustín Melgar 45, Bosques de Campeche, 24030 San Francisco de Campeche, Camp.",-90.553369,19.827373
Sabrielotes Chiná,"C. 22 2B, Centro, 24520 Centro, Camp.",-90.495863,19.771061
SAE Automotriz,"Uruguay 50, Pablo García y Montilla, Barrio de Sta Ana, 24050 San Francisco de Campeche, Camp.",-90.521702,19.843626
SAG Suministros para las artes gráficas,"C. Coahuila 104 D, Barrio de Sta Ana, 24050 San Francisco de Campeche, Camp.",-90.526967,19.83893
Sahfer Consultores,"C. Lluvia 12, Fracciorama 2000, 24090 San Francisco de Campeche, Camp.",-90.530047,19.826451
Sala de Belleza Érika Méndez,"Mazorca, Amp Invasión Esperanza, 24080 San Francisco de Campeche, Camp.",-90.49284,19.844808
Sala De Fiestas Fracciorama Dos Mil,"Av Tormenta s/n, Fracciorama 2000, 24090 San Francisco de Campeche, Camp.",-90.53114,19.827698
Salas De Juicios Orales Campeche,"24062 San Francisco de Campeche, Camp.",-90.504839,19.803518
Salchichonería y Abarrotes Siglo XXl,"Siglo XXI, 24073 San Francisco de Campeche, Camp.",-90.496137,19.812933
Saldos USA Campeche,"Calle 12 entre 51 y 53, Zona Centro, 24000 San Francisco de Campeche, Camp.",-90.534793,19.845519
Salud Digna,"Av Gobernadores 436 A, Barrio de Sta Ana, 24050 San Francisco de Campeche, Camp.",-90.52544,19.843259
Salva,"Privada San Francisco 24094, 24094 San Francisco de Campeche, Camp.",-90.541871,19.805423
Salón Campestre,"Av República 56, Barrio de Sta Ana, 24050 San Francisco de Campeche, Camp.",-90.529373,19.839882
SALÓN DE BELLEZA PELUQUERÍA AMBISEX,"Chihuahua, Barrio de Sta Ana, 24050 San Francisco de Campeche, Camp.",-90.532129,19.841901
Salón de Belleza Vilma,"Calle 49-B 119, Guadalupe, 24010 San Francisco de Campeche, Camp.",-90.532807,19.846477
Salón de belleza visage,"C. Pedro Moreno, Sascalum, 24096 San Francisco de Campeche, Camp.",-90.530858,19.819959
Salón Luisa,"Calle 12 123, Barrio de Guadalupe, 24010 San Francisco de Campeche, Camp.",-90.533409,19.84608
Salón Rincón Colonial,"C. 59 60, Zona Centro, 24000 San Francisco de Campeche, Camp.",-90.536203,19.841522
Salón Siempre Bella Campeche,"Calle manzana, Palmas I 3-Q lote, Palmas I, 24027 San Francisco de Campeche, Camp.",-90.5065,19.865826
Sam's Club,"Av Maria Lavalle Urbina Manzana D Lote 2 s/n, Colonia Sector Fundadores De A Kim Pech, 24028 San Francisco de Campeche, Camp.",-90.533693,19.849873
Samsumg servicios autorizados,"Lotificación San Juan I y II, 24090 San Francisco de Campeche, Camp.",-90.534909,19.830125
Samula campeche,"C. 10, Samulá, 24090 San Francisco de Campeche, Camp.",-90.550554,19.815729
Samulá,"San Francisco de Campeche, Camp.",-90.550262,19.819546
San Diego Tu Casa - Hotel,"Calle 16 No. 240 entre Calle Galeana y, C. Pedro Moreno, Barrio de San Román, 24040 San Francisco de Campeche, Camp.",-90.541608,19.839266
San Francisco 8 similares,"Margarita 9, Jardines, 24060 San Francisco de Campeche, Camp.",-90.517427,19.830468
San francisco campeche,"Novia del Mar, Pedro Sainz de Baranda, Área Ah, 24014 San Francisco de Campeche, Camp.",-90.534543,19.853025
San Francisco campeche,"Zona Arqueológica, 24044 San Andrés Cholula, Pue",-90.552637,19.83579
San Francisco de Campeche,Camp.,-90.534909,19.830125
SAN GABRIELITO,"C. Coahuila 24N, Barrio de Sta Ana, 24050 De Santa Ana, Camp.",-90.532411,19.838552
SAN JOSÉ,"C. 22, Barrio de San José, 24040 San Francisco de Campeche, Camp.",-90.540413,19.835198
San José el Alto,"24026 San Francisco de Campeche, Camp.",-90.510721,19.859274
San Luis Studio,"Zarco 47-A, Barrio de San Francisco, 24010 San Francisco de Campeche, Camp.",-90.523113,19.848922
San Valentín hari MASA,"Calle Vicente Guerrero, Miguel Hidalgo (Ampliación), Miguel Hidalgo, 24094 San Francisco de Campeche, Camp.",-90.535715,19.811922
SANATORIO SANTA TERESA,"C. 51 36, Zona Centro, 24000 San Francisco de Campeche, Camp.",-90.533701,19.844828
Sanatorio Santa Teresa,"Calle 12 1, Zona Centro, 24000 San Francisco de Campeche, Camp.",-90.539352,19.843447
Sandalias y Novedades Alex,"Benjamín Romero 2, Cd Concordia, 24085 San Francisco de Campeche, Camp.",-90.496033,19.838072
Sandwiches de Pavo Doña Paty,"C. Costa Rica 151, De, Barrio de Sta Ana, 24050 San Francisco de Campeche, Camp.",-90.532661,19.83532
SANDY’A BOUTIQUE ROPA FEMENINA,"C. Peru 4, Flor de Limón, 24069 San Francisco de Campeche, Camp.",-90.525572,19.831255
Sanhderz Campeche,"C. Costa Rica 67, Barrio de Sta Ana, 24050 San Francisco de Campeche, Camp.",-90.533812,19.8414
Sanro,"C. 14 224-226, Barrio de San Román, 24040 San Francisco de Campeche, Camp.",-90.543556,19.83939
Santa Ana,"Barrio de Sta Ana, 24050 San Francisco de Campeche, Camp.",-90.519801,19.837945
Santa Ana Oriente,"Barrio de Sta Ana, 24050 San Francisco de Campeche, Camp.",-90.523939,19.840598
Santa Fe Suc Av Universidad,"Avenida Universidad esquina con calle pucte Col, Bosques de Campeche, 24030 San Francisco de Campeche, Camp.",-90.553905,19.832353
Santa FE Suc. Campeche,"calle don Eugenio y 12 25, Av. Concordia 1 y 2, Justo Sierra Méndez I y II, 24070 San Francisco de Campeche, Camp.",-90.502605,19.835441
Santa Julia,"Av. Francisco I. Madero 2, Barrio de Sta Ana, 24010 San Francisco de Campeche, Camp.",-90.518858,19.845871
Santa Rosalía Centro Médico,"Av Patricio Trueba de Regil Loc 16, Fracciorama 2000, 24090 San Francisco de Campeche, Camp.",-90.534532,19.828242
Santalucia,"Barrio de Sta Lucía, 24020 San Francisco de Campeche, Camp.",-90.512788,19.846245
Santander,"Av Adolfo Ruiz Cortinez local 102-torre B 112, Barrio de San Román, 24040 San Francisco de Campeche, Camp.",-90.54306,19.84398
SANTANDREU,"Av Patricio Trueba de Regil SN, Sascalum, 24095 San Francisco de Campeche, Camp.",-90.528808,19.816843
Santanero Bebidas Naturales,"24010, Barrio de San Francisco, 24010 San Francisco de Campeche, Camp.",-90.526795,19.851473
Santaneros,"Argentina Antes 43 135d, Barrio de Sta Ana, 24050 San Francisco de Campeche, Camp.",-90.526002,19.839673
Santo Taquito y Otros Milagritos,"C. 57 14, Zona Centro, 24000 San Francisco de Campeche, Camp.",-90.537011,19.84494
SANTORY,"C. 10 299, Zona Centro, 24000 San Francisco de Campeche, Camp.",-90.535189,19.846235
"Saramuyo Panadería ""Francisco I. Madero""","Av. Francisco I. Madero 176, entre 14 y 16, Barrio de San Francisco, 24010 San Francisco de Campeche, Camp.",-90.519853,19.847335
"Saramuyo Panadería ""Santa Ana""","C. Coahuila 104-A, Barrio de Sta Ana, 24050 San Francisco de Campeche, Camp.",-90.526963,19.838958
Sarri's Pescados y Mariscos,"Pedro Sainz de Baranda Local 14, Barrio de la Ermita, 24020 San Francisco de Campeche, Camp.",-90.512455,19.864134
SAT Campeche,"C. 51 25, Zona Centro, 24000 San Francisco de Campeche, Camp.",-90.534068,19.845743
SC LABORATORIO DE ANÁLISIS CLÍNICOS Q.F.B. Selina Sandoval Castellanos,"C. 57 No. 58, Zona Centro, 24000 San Francisco de Campeche, Camp.",-90.535801,19.8426
Scattola 59,"C. 59 160, Zona Centro, 24000 San Francisco de Campeche, Camp.",-90.537548,19.844356
Scorpion Gym Campeche,"Calle Francisco Leon de la Barra Manzana 35 Lote 18, Presidentes de México, 24088 San Francisco de Campeche, Camp.",-90.486582,19.862434
Scotiabank,"Pedro Sainz de Baranda, Área Ah, 24014 San Francisco de Campeche, Camp.",-90.537767,19.849007
Scotiabank C. Mex. Mega Campeche,"Av. Central No. 91 a espaldas de, C. Republica del Salvador 91, Barrio de Sta Ana, 24050 San Francisco de Campeche, Camp.",-90.534775,19.837402
Scotiabank Campeche 1,"Av. Pedro Sainz de Barandas S/N s/n, Área Ah, 24014 San Francisco de Campeche, Camp.",-90.53763,19.849077
Scotiabank Campeche 2,"Av. Pedro Sainz de Barandas S/N s/n, Área Ah, 24014 San Francisco de Campeche, Camp.",-90.53764,19.84906
SEAFI Campeche,"Calle 49-C o Circuito Baluartes N° 39 entre Calle Ciriaco Vázquez, Barrio de Guadalupe, Zona Centro, 24000 San Francisco de Campeche, Camp.",-90.53243,19.843855
SEAT Campeche,"Av. Agustín Melgar S/N, Buenavista, 24030 San Francisco de Campeche, Camp.",-90.558256,19.830792
Secret Femme,"C. 53 1, Zona Centro, 24000 San Francisco de Campeche, Camp.",-90.533971,19.843094
Secretaria de Bienestar Campeche,"C. 10 331B, Zona Centro, 24000 San Francisco de Campeche, Camp.",-90.538329,19.844774
Secretaria De Desarrollo Social (SEDESOL) Ventanilla De Atencion,"24000, Calle 12 135, Zona Centro, San Francisco de Campeche, Camp.",-90.534368,19.845693
SECRETARIA DE EDUCACIÓN ALMACÉN DE MATERIALES EDUCATIVOS,"Campeche China - Hool, China, 24520 San Francisco de Campeche, Camp.",-90.500347,19.785619
Secretaria de Modernización Administrativa e Innovación Gubernamental,"Avenida Ruiz Cortinez 112, Barrio de San Román, 24040 San Francisco de Campeche, Camp.",-90.542873,19.84418
secretaria de Placas y Licencias del estado de Campeche,"Av López Portillo, Los Laureles, 24096 San Francisco de Campeche, Camp.",-90.520658,19.812256
Secretaría de Administración e Innovación Gubernamental,"Calle 8 325, Zona Centro, 24000 San Francisco de Campeche, Camp.",-90.540106,19.844589
Secretaría de Agricultura Ganadería Desarrollo Rural Pesca y Alimentación Sagarpa,"Av Gobernadores 291, Barrio de Sta Ana, 24050 San Francisco de Campeche, Camp.",-90.517678,19.842573
SECRETARÍA DE CULTURA CAMPECHE,"C. 55 27, Zona Centro, 24000 San Francisco de Campeche, Camp.",-90.535568,19.844251
Secretaría de Desarrollo Económico,"Av Adolfo Ruiz Cortinez 112, Barrio de San Román, 24040 San Francisco de Campeche, Camp.",-90.542732,19.844164
"Secretaría de Desarrollo Urbano, Movilidad y Obras Publicas (SEDUMOP)","Av Patricio Trueba de Regil s/n, Av Patricio Trueba de Regil 1012, San Rafael, 24090 San Francisco de Campeche, Camp.",-90.528811,19.817753
Secretaría de Economía,"Avenida 16 de Septiembre Palacio Federal SN, Zona Centro, 24000 San Francisco de Campeche, Camp.",-90.537744,19.846761
Secretaría de Finanzas Campeche,"Calle 8, Zona Centro, 24000 San Francisco de Campeche, Camp.",-90.539119,19.845258
Secretaría de Gobernación,"Gustavo Díaz Ordaz 112, Área Ah, 24028 San Francisco de Campeche, Camp.",-90.51737,19.858756
Secretaría de la Contraloría,"C. 63 Nº13, Zona Centro, 24000 San Francisco de Campeche, Camp.",-90.53879,19.84277
Secretaría de Protección Civil del Poder Ejecutivo del Estado de Campeche /SEPROCI,"y Héroes de la Salud . En el sector de, Prolongación Avenida Lázaro Cárdenas 39 A entre Avenida José López Portillo y Avenida Héroes de la Salud en el sector de, Av. Lázaro Cárdenas 30 ""A, entre Avenida López Portillo, Las Flores, 24060 San Francisco de Campeche, Camp.",-90.521694,19.812634
Secretaría de Protección y Seguridad Ciudadana Estado de Campeche,"Av. Lázaro Cardenas por, Av López Portillo, Los Laureles, 24096 San Francisco de Campeche, Camp.",-90.52182,19.813618
Secretaría de Relaciones Exteriores,"Av. 16 de Septiembre S/N-Primer Piso Local 2, Zona Centro, 24000 San Francisco de Campeche, Camp.",-90.536002,19.848587
Secundaria #8 María Lavalle Urbina,"C. 5 SN, Samulá, 24090 San Francisco de Campeche, Camp.",-90.54808,19.823862
Secundaria Joaquín Clausell Preparatoria Ah Kim Pech,"Privada del Tepeyac Lote 2, Ignacio Zaragoza, 24098 San Francisco de Campeche, Camp.",-90.540368,19.82
Secundaria Pablo García y montilla,"C. Prol. Av. del Deque, San Arturo, Jardines del Pedregal, 24035 San Francisco de Campeche, Camp.",-90.542026,19.829098
SECUNDARIA PROFESOR FERNANDO ENRIQUE ANGLI LARA,"Av Tormenta, Fracciorama 2000, 24090 San Francisco de Campeche, Camp.",-90.531127,19.825746
Secundaria Tecnica 28,"Azucena 17, Azucena 27, Jardines, 24060 San Francisco de Campeche, Camp.",-90.518116,19.830773
Secundaria Técnica #17,"Carlos Sansores Pérez, Bellavista (Ampliación), Amp Bellavista, 24020 San Francisco de Campeche, Camp.",-90.509993,19.856316
SEDATU,"24090, C. Niebla 89, Fracciorama 2000, San Francisco de Campeche, Camp.",-90.527821,19.827962
SEDECO(Dirección de Desarrollo Comercial Y Servicios ),"Torres de Cristal, Av Adolfo Ruiz Cortinez, Barrio de San Román, 24040 San Francisco de Campeche, Camp.",-90.542953,19.844094
SEDUC,"Av. Maestros Campechanos 461, Multunchac, 24090 San Francisco de Campeche, Camp.",-90.527852,19.804207
SEGALMEX TIENDA,"Santa Ana Calle Coahuila, 2da. Priv. 1, 24644 San Francisco de Campeche, Camp.",-90.532462,19.83854
SEGOB Campeche,"24000, Calle 8 203A, Zona Centro, San Francisco de Campeche, Camp.",-90.539416,19.845434
SEGURIDAD PÚBLICA Y PROTECCION A LA COMUNIDAD,"Limonaria, Las Flores, 24060 San Francisco de Campeche, Camp.",-90.528977,19.821491
Seguro Popular Campeche,"Av Casa de Justicia 12, 24097 San Francisco de Campeche, Camp.",-90.530568,19.824033
Seguros y Fianzas Nuñez,"C. 26 14, Barrio de San José, 24040 San Francisco de Campeche, Camp.",-90.53566,19.834527
Selem Dental Care,"Plaza Quinta Real, Av Patricio Trueba de Regil 189 A-local 9, Fracciorama 2000, 24090 San Francisco de Campeche, Camp.",-90.534543,19.827259
Selem Motorefacciones Campeche,"C. Peru 164, Barrio de Sta Ana, 24050 San Francisco de Campeche, Camp.",-90.524929,19.837394
Selem Motorefacciones Campeche Obregón,"Avenida Alvaro Obregon 204 entre 114 y 116, Barrio de Sta Lucía, 24020 San Francisco de Campeche, Camp.",-90.509297,19.84481
SEMARNAT Campeche,"C. Republica del Salvador 85B, Barrio de Sta Ana, 24050 San Francisco de Campeche, Camp.",-90.533537,19.836717
SEMARNAT PROFEPA,"Calle 10-B, Barrio de la Ermita, 24029 San Francisco de Campeche, Camp.",-90.51896,19.855952
Seminuevos VW Campeche,"Miramar, 24030 San Francisco de Campeche, Camp.",-90.559366,19.831922
SENASICA Representación Regional Sureste,"C. Querétaro 4, Barrio de Sta Ana, 24050 San Francisco de Campeche, Camp.",-90.533213,19.836299
SEP DELEGACIÓN FEDERAL CAMPECHE,"Av Casa de Justicia, Fracciorama 2000, 24090 San Francisco de Campeche, Camp.",-90.530626,19.824364
Sepomex,"C. Coahuila 97, Barrio de Sta Ana, 24050 San Francisco de Campeche, Camp.",-90.526023,19.838906
Serv. Mecánico Sosa,"C. Tumbo, Morelos 2, 24026 San Francisco de Campeche, Camp.",-90.503942,19.856594
Servic Cell Reparación De Telefonía Móvil,"Av. Central 38a-A, Barrio de San José, 24040 San Francisco de Campeche, Camp.",-90.5361,19.838304
"ServiCam ""Redes y Servicios Informaticos""","C. 16 19, Samulá, 24090 San Francisco de Campeche, Camp.",-90.551948,19.818561
SERVICE SPEED,"Calle benjamín Romero, San Francisco 84, 24080 Camp.",-90.496467,19.841424
Servicio Americano Automotriz,"C. 24 24, San Rafael, 24090 San Francisco de Campeche, Camp.",-90.539113,19.830072
Servicio Automotris Ignacio,"Punta Maxtun s/n, cp, 24060 San Francisco de Campeche, Camp.",-90.522614,19.824002
Servicio automotriz ALEX,"Héroe de Nacozari, 24070 San Francisco de Campeche, Camp.",-90.507962,19.828305
SERVICIO AUTOMOTRIZ CANUL,"Av Casa de Justicia, Fracciorama 2000, 24090 San Francisco de Campeche, Camp.",-90.529415,19.824624
SERVICIO AUTOMOTRIZ DER,"Av López Portillo 23-2, Las Flores, 24060 San Francisco de Campeche, Camp.",-90.522379,19.814323
Servicio Automotriz Elite,"Novena 413, Siglo XXI, 24073 San Francisco de Campeche, Camp.",-90.493559,19.810742
SERVICIO AUTOMOTRIZ KM,"C. Ecuador, Barrio de Sta Ana, 24050 San Francisco de Campeche, Camp.",-90.522583,19.839912
Servicio Automotriz Marín,"De La 18 5, entre PEDRO MORENO Y GALEANA, Barrio de San Román, 24040 San Francisco de Campeche, Camp.",-90.540104,19.838788
Servicio Automotriz Mundial,"Av. Miguel Alemán 13, entre 49-B y Juárez, Zona Centro, 24000 San Francisco de Campeche, Camp.",-90.533308,19.848216
Servicio Automotriz Nachoman,"Calle jorge carlos hurtado 40, 20 de Noviembre, 24085 San Francisco de Campeche, Camp.",-90.483178,19.833218
SERVICIO AUTOMOTRIZ PACHECO,"Av. Francisco I. Madero 242, Barrio de Sta Ana, 24010 San Francisco de Campeche, Camp.",-90.519225,19.844358
SERVICIO AUTOMOTRIZ ROCHA,"Av. Heroe de Nacozari 218, Héroe de Nacozari, 24070 San Francisco de Campeche, Camp.",-90.51116,19.832843
Servicio Automotriz Rodríguez,"De La 18 227, Barrio de San Román, 24040 San Francisco de Campeche, Camp.",-90.54058,19.838046
Servicio Cortés,"Av Francisco Morazán 274, Bellavista, 24020 San Francisco de Campeche, Camp.",-90.514849,19.85635
SERVICIO DE FOTOGRAFÍA Y VIDEO,"Limonar 19, Tomás Aznar, 24060 San Francisco de Campeche, Camp.",-90.521681,19.832579
"SERVICIO DE RADIADORES ""HUICHO""","Av. Cuauhtémoc, Barrio de Sta Lucía, 24020 San Francisco de Campeche, Camp.",-90.515718,19.84562
Servicio de refrigeración y aire acondicionado HVAC,"24085, Siglo XXI, 24073 San Francisco de Campeche, Camp.",-90.493759,19.804031
Servicio Electromecanico Automotriz ANGEL,"Calle 22 2411 Calle 22 x mensura ÷1y3 col, C. 22 Supermanzana ÷ Lote 1y3, entre Mensura, Lázaro Cárdenas, 24094 San Francisco de Campeche, Camp.",-90.53915,19.811083
Servicio Electrónico Canul,"CALLE 18 # 303-B ENTRE ALLENDE Y, C. Aldama, Barrio de San Román, 24040 San Francisco de Campeche, Camp.",-90.543518,19.836191
Servicio Especializado Rosado,"C. Pedro Moreno 18 B, Barrio de San Román, 24040 San Francisco de Campeche, Camp.",-90.539646,19.838884
SERVICIO INTEGRAL PUY MOTORS,"C. Galeana 83, Barrio de San José, 24040 San Francisco de Campeche, Camp.",-90.540042,19.836311
SERVICIO M.C.O.,"C. 13 99a, entre 12 y 14, Samulá, 24090 San Francisco de Campeche, Camp.",-90.549914,19.819991
"Servicio Mecánico Automotriz ""San José""","Avenida López Mateos esquina con calle Aldama Barrio de, Barrio de San José, 24040 San Francisco de Campeche, Camp.",-90.544126,19.835048
SERVICIO NACIONAL DE EMPLEO CAMPECHE,"C. 53 2, Zona Centro, 24000 San Francisco de Campeche, Camp.",-90.535961,19.846618
Servicio Pan Americano de Proteccion,"C. 39-A 6, Barrio de San Francisco, 24010 San Francisco de Campeche, Camp.",-90.5224,19.850002
Servicio Para El Campo,"Av. Heroe de Nacozari 212, Héroe de Nacozari, 24070 San Francisco de Campeche, Camp.",-90.512361,19.833507
Servicio Profesional Integral e Inmobiliario Smartyler Campeche,"24050, Barrio de Sta Ana, 24050 San Francisco de Campeche, Camp.",-90.534019,19.841624
Servicio Profesionales Díaz,"24000, Amp Polvorín, 24060 San Francisco de Campeche, Camp.",-90.525257,19.827132
Servicio San Luis,"Ponciano Arriaga 58 C, Barrio de San Francisco, 24010 San Francisco de Campeche, Camp.",-90.520893,19.846614
Servicio Tecnico,"Av Patricio Trueba de Regil 406, Tepeyac, 24096 San Francisco de Campeche, Camp.",-90.530931,19.820314
Servicio Técnico en: Televisión y Video,"C. 14 84, Guadalupe, Barrio de Guadalupe, 24010 San Francisco de Campeche, Camp.",-90.531402,19.845789
Servicio técnico y mas..,"C. 16 de Septiembre, Bellavista (Ampliación), Morelos, 24020 San Francisco de Campeche, Camp.",-90.506126,19.856271
Servicio “Balan”,"entre calle Plata y galena, Luis Donaldo Colosio, 24026 San Francisco de Campeche, Camp.",-90.499522,19.863405
Servicios Amigables Campeche,"Ex Hospital Álvaro Vidal Vera, Av. Central, Barrio de Sta Ana, San Francisco de Campeche, Camp.",-90.536049,19.840059
SERVICIOS AVT,"Av. Francisco I. Madero B, Barrio de Sta Lucía, 24010 San Francisco de Campeche, Camp.",-90.519203,19.844476
Servicios Comerciales,"Aviación, 24070 San Francisco de Campeche, Camp.",-90.509273,19.841723
Servicios Contables O&D,"Barrio de San Román, 24060 San Francisco de Campeche, Camp.",-90.544847,19.836424
SERVICIOS CONTABLES Y FISCALES,"Barrio de San Román, 24090 San Francisco de Campeche, Camp.",-90.540028,19.837575
Servicios de Arquitectura,"C. Paraguay 140, Barrio de Sta Ana, 24050 San Francisco de Campeche, Camp.",-90.526779,19.836647
Servicios de Ing y Avalúos Campeche,"con, Calle 4, Calle Prol. Allende 2, Lomas de San Rafael, 24099 San Francisco de Campeche, Camp.",-90.536898,19.823524
Servicios de Ingeniería y Energía del Sureste,"C. 5 14, Bellavista, 24020 San Francisco de Campeche, Camp.",-90.516076,19.852375
Servicios Especiales S.A. de C.V.,"Av Gobernadores 534, Barrio de Sta Ana, 24010 San Francisco de Campeche, Camp.",-90.530175,19.84335
Servicios Generales De Mantenimiento,"Topacio M48 L 29, 24026 San Francisco de Campeche, Camp.",-90.534909,19.830125
Servicios IME,"C. 21 entre 12 y 14, Samulá, 24090 San Francisco de Campeche, Camp.",-90.550491,19.81616
Servicios Industriales E Institucionales,"Ignacio Ayala 37, Chan, 24040 San Francisco de Campeche, Camp.",-90.537201,19.837159
Servicios Industriales E Institucionales S.A. De C.V.,"C. 67 29, Zona Centro, 24000 San Francisco de Campeche, Camp.",-90.540245,19.841514
Servicios Industriales Especializados,"numero22, Venus, Valle del Sol, 24090 San Francisco de Campeche, Camp.",-90.528379,19.830213
SERVICIOS INTEGRALES DE COMPUTO REDES Y COMUNICACIONES,"C. Paraguay MZA B LTE 7, Parque Residencial la Noria, La Noria, 24050 San Francisco de Campeche, Camp.",-90.526645,19.83472
Servicios Integrales de Desarrollo Humano y Organizacional,"Priv. Montereal Lote 19-Interior 1, Fraccionamiento Villas de Montereal, Lotificación Villas de Monte Real, 24090 San Francisco de Campeche, Camp.",-90.518781,19.814696
Servicios Medioambientales del Sureste,"local 5 Planta Alta, C.P, Av Patricio Trueba de Regil 1, Fracciorama 2000, 24090 San Francisco de Campeche, Camp.",-90.534529,19.829082
Servicios memo,"Segunda, De la Ciudadano 6 col, entre 25 Y 27 A, Samulá, 24090 San Francisco de Campeche, Camp.",-90.547995,19.811752
Servicios Psicológicos Barrancos,"C. 11-A, Samulá, 24090 San Francisco de Campeche, Camp.",-90.547579,19.820897
Servicios Tecnicos,"Privada del caymito 199 entre anona y, Guadalupe Beltrán, Amp Esperanza, 24080 La Esperanza, Camp.",-90.495874,19.842972
SERVICIOS Y CONSULTORIA INTEGRAL MENDOZA & PEREZ S.C.,"In t. C, C. Costa Rica 105, Barrio de Sta Ana, 24050 San Francisco de Campeche, Camp.",-90.532288,19.84006
Servicios Ópticos Ah Kim Pech,"plaza xcaret, Av Adolfo Ruiz Cortinez int. 1-Loc 5, Barrio de Guadalupe, 24010 San Francisco de Campeche, Camp.",-90.532829,19.848745
SERVICOM,"C. Trigésima Primera 194, Ex hacienda, Kalá, 24085 San Francisco de Campeche, Camp.",-90.477947,19.844629
SEXYS SALON,"zenxa_love@hotmail.com, Miguel Hidalgo, 24094 San Francisco de Campeche, Camp.",-90.54223,19.832199
Sfera,"Pedro Sainz de Baranda 139-Loc 161, Área Ah, 24014 San Francisco de Campeche, Camp.",-90.522087,19.856927
SG SERVICIOS GOMEZ,"24096 infonavid, Lindavista CTM, 24096 San Francisco de Campeche, Camp.",-90.527259,19.818296
Shasa,"Av. Pedro Sainz de Baranda 139 Local, 150 Galerías Campeche Sector Metropolitano del, Área Ah, 24020 San Francisco de Campeche, Camp.",-90.522644,19.856588
shopcamventas campeche,"C. 105-E, Huanal, 24070 San Francisco de Campeche, Camp.",-90.514054,19.841587
Siglo XXI,"San Francisco de Campeche, Camp.",-90.493894,19.810578
Sigma Alimentos Campeche,"Petroleros, 24062 San Francisco de Campeche, Camp.",-90.508239,19.81205
Signum Digital,"24090, Nevada 5, Fracciorama 2000, San Francisco de Campeche, Camp.",-90.53075,19.829549
Similares,"Tabachines 2, Lotificación Tabachines, 24060 San Francisco de Campeche, Camp.",-90.526577,19.826013
Sin nombre,"Gómez Farias 14, Barrio de San Francisco, 24010 San Francisco de Campeche, Camp.",-90.524017,19.852271
Sinaloense,"Av Patricio Trueba de Regil 272, San Rafael, 24090 San Francisco de Campeche, Camp.",-90.534938,19.827627
"Six ""san carlos""","Jimbal Lote YuCam, Flor de Limón, 24069 San Francisco de Campeche, Camp.",-90.523365,19.83029
Six Paraiso,"C. 14 705, Lázaro Cárdenas, 24095 San Francisco de Campeche, Camp.",-90.536394,19.809137
SIX TAZ,"Av López Mateos, Barrio de San José, 24050 San Francisco de Campeche, Camp.",-90.543437,19.835645
SIX Uribe,"C. Galeana 61C-61-C, Barrio de San Román, 24040 San Francisco de Campeche, Camp.",-90.540503,19.837391
Six Via,"C. Aldama 87, Barrio de San José, 24040 San Francisco de Campeche, Camp.",-90.54243,19.832653
Skylight Campeche,"Calle 12 163, Zona Centro, 24000, Calle del Príncipe Negro 80, Aviación, 24070 San Francisco de Campeche, Camp.",-90.509151,19.838671
SMAPAC SISTEMA MUNICIPAL DE AGUA POTABLE Y ALCANTARILLADO DE CAMPECHE,"C. 16 344, Zona Centro, 24000 San Francisco de Campeche, Camp.",-90.536062,19.842418
SmapaCampeche,"Avenida Héroe de Nacozari #98 entre Delicias y Veracruz, Las Lomas, 24060 San Francisco de Campeche, Camp.",-90.513749,19.836718
Smartyler Servicio técnico celular,"Priv. Coahuila 87, Barrio de Sta Ana, 24050 San Francisco de Campeche, Camp.",-90.526,19.837785
SMD DE CAMPECHE,"Av Luis Donaldo Colosio Murrieta 19, Bicentenario I y II, 24049 San Francisco de Campeche, Camp.",-90.537364,19.830625
Smoking CLUB,"Av Hidalgo 145-A, Aviación, 24070 San Francisco de Campeche, Camp.",-90.509177,19.837859
SNEAKERS CAMPECHE,"antigua campeche merida Esquina con caballito de Mar local #5, ampliación, Kalá, 24087 San Francisco de Campeche, Camp.",-90.492875,19.849532
SOCORRO YERBES YAM,"C. 102 6, Dzarbay, 24020 San Francisco de Campeche, Camp.",-90.515083,19.843436
SOEMI PAZOS CHAVEZ,"Barrio de San José, 24040 San Francisco de Campeche, Camp.",-90.535102,19.835228
SOKARELI OPTIC,"Av Patricio Trueba de Regil 207-Loc C, Fracciorama 2000, 24090 San Francisco de Campeche, Camp.",-90.533877,19.825297
Sol y Luna Santa Ana,"Brasil 187, entre Querétaro y Coahuila, Barrio de Sta Ana, 24050 San Francisco de Campeche, Camp.",-90.528261,19.835562
Solo para ellas,"Palma Sola, 24520 Chiná, Camp.",-90.498529,19.778595
Son Jarocho,"C. 63 51, Zona Centro, 24000 San Francisco de Campeche, Camp.",-90.53785,19.84106
Soportec,"C. Pedro Moreno 38c, Barrio de San José, 24040 San Francisco de Campeche, Camp.",-90.536146,19.831765
Soriana Express - CTM Campeche,"Avenida Fidel Velázquez-ctm, Av. C.T.M. 42, Josefa Ortiz de Domínguez (Ampliación), Josefa Ortiz de Domínguez, 24080 San Francisco de Campeche, Camp.",-90.492339,19.860503
Soriana Express Balneario,"Av. Concordia, 24020 San Francisco de Campeche, Camp.",-90.497813,19.830693
Soriana Express Campeche,"Av. Agustín Melgar 68, Bosques de Campeche, 24030 San Francisco de Campeche, Camp.",-90.552643,19.826963
Soriana Hiper Campeche,"Av. Central 91, Barrio de Sta Ana, 24050 San Francisco de Campeche, Camp.",-90.534796,19.837493
Spartan Gym Campeche,"C. 18 513, Vicente Guerrero, 24035 San Francisco de Campeche, Camp.",-90.550206,19.828504
Speed Wash Lavamatica,"Plaza Triangulo del Sol, Av López Portillo Loc 11, Kanisté, 24090 San Francisco de Campeche, Camp.",-90.553207,19.826427
SPINE centro de fisioterapia,"Av López Mateos 227, Barrio de San José, 24040 San Francisco de Campeche, Camp.",-90.546575,19.83354
Sport Training Zone,"C. Niebla 14, entre avenida Tormenta y Calle Lluvia, Fracciorama 2000, 24090 San Francisco de Campeche, Camp.",-90.530742,19.828031
Springfield,"Galerías Campeche, Pedro Sainz de Baranda 139, Área Ah, 24014 San Francisco de Campeche, Camp.",-90.522986,19.856817
Spsc Gobierno Del Estado De Campeche,"Barrio de Sta Ana, 24010 San Francisco de Campeche, Camp.",-90.518797,19.843104
Star Academy,"Av. María Lavalle Urbina 20-6, Área Ah, 24014 San Francisco de Campeche, Camp.",-90.529446,19.853322
Star Bien,"Av López Mateos 24, Barrio de San Román, 24040 San Francisco de Campeche, Camp.",-90.53894,19.838932
Starbucks Galerías Campeche,"Pedro Sainz de Baranda S/N, Barrio de San Francisco, 24010 San Francisco de Campeche, Camp.",-90.522306,19.857556
Starfit,"Privada Cámara de Comercio 9, Barrio de Sta Ana, 24050 San Francisco de Campeche, Camp.",-90.534103,19.834993
Starfit,"Av López Portillo 174, Tepeyac, 24098 San Francisco de Campeche, Camp.",-90.539908,19.819584
Stay Fit Campeche,"A lado del salón Barranquilla, Privada de la Av, Av López Portillo 7, Ignacio Zaragoza (Ampliación), 24098 San Francisco de Campeche, Camp.",-90.538766,19.817826
Steren Campeche,"Av, Joaquín Clausell 32, Área Ah, 24014 San Francisco de Campeche, Camp.",-90.530387,19.851889
Steren Shop Galerías Campeche,"Pedro Sainz de Baranda 139-Loc.104 P.B, Área Ah, 24020 San Francisco de Campeche, Camp.",-90.52209,19.857346
Steren Shop Mega Soriana Campeche,"Av. Central 91-Loc. 9, Barrio de Sta Ana, 24050 San Francisco de Campeche, Camp.",-90.534949,19.837459
Stetic Dental,"Esquina con, Avenida Gobernadores. 361 Planta Alta, C. Cuba Depto. No.3, 24050 San Francisco de Campeche, Camp.",-90.521128,19.842868
Stingray Crossfit,"C. Peru 196, Barrio de Sta Ana, 24050 San Francisco de Campeche, Camp.",-90.525376,19.834266
STOCK DE INGREDIENTES,"Tamaulipas S/N, Barrio de Sta Ana, 24050 San Francisco de Campeche, Camp.",-90.5323,19.841234
Stoikos training,"C. Prolongacion Abasolo, Barrio de San José, 24040 San Francisco de Campeche, Camp.",-90.546706,19.833294
STPSCAM,"Multunchac, 24095 San Francisco de Campeche, Camp.",-90.528595,19.806248
strongman gym,"Av. Jaina, Unidad y Trabajo, 24088 San Francisco de Campeche, Camp.",-90.493084,19.855309
STUDIO59,"Av. Lázaro Cárdenas 171, Las Flores, 24500 San Francisco de Campeche, Camp.",-90.525263,19.819143
Style Salon,"C. Paraguay 173, Barrio de Sta Ana, 24050 San Francisco de Campeche, Camp.",-90.527311,19.835201
Subdelegación IMSS Campeche,"Av. Fundadores, Área S/N, Área Ah, 24010 San Francisco de Campeche, Camp.",-90.526538,19.854795
Subdirección Administrativa INDESALUD,"Ex Hospital Álvaro Vidal Vera, Av. Central, Barrio de Sta Ana, 24050 San Francisco de Campeche, Camp.",-90.536125,19.839959
"Subdirección de Obras, Conservación y Mantenimiento INDESALUD","Barrio de Sta Ana, 24050 San Francisco de Campeche, Camp.",-90.535843,19.839867
Subsecretaría de Desarrollo Económico de Campeche,"24062 San Francisco de Campeche, Camp.",-90.508723,19.811659
Subsecretaría de Planeación de Campeche,"Av. Maestros Campechanos SN, Sascalum, 24090 San Francisco de Campeche, Camp.",-90.528677,19.807227
Suburbia,"Av López Portillo 122, Samulá, Ignacio Zaragoza, 24098 San Francisco de Campeche, Camp.",-90.54518,19.824288
Subway,"Calle 8, Av. Justo Sierra Méndez 469, Barrio de San Román, 24040 San Francisco de Campeche, Camp.",-90.546421,19.840876
Subway,"Prolongacion Av Lazaro Cardena Sn Calle Peru Y Av Luis Donaldo C, 24050 San Francisco de Campeche, Camp.",-90.526295,19.833077
Subway,"C. 14 14B, Esperanza, 24020 San Francisco de Campeche, Camp.",-90.499621,19.84312
Subway Hospitales,"Av López Portillo 345-2PB, Barrio de San José, 24500 San Francisco de Campeche, Camp.",-90.523703,19.814125
Suchito,"Esquina con, AV CTM y Dr. Valentin Gómez Farias, Gral. Melchor Muzquiz, 24088 San Francisco de Campeche, Camp.",-90.492622,19.858642
"Sucursal Banamex Ah Kim Pech, Campeche, Camp","Pedro Sainz de Baranda Lote 1, Área Ah, 24014 San Francisco de Campeche, Camp.",-90.528653,19.855186
"Sucursal Banamex Campeche, Camp.","C. 53 15, Zona Centro, 24000 San Francisco de Campeche, Camp.",-90.535585,19.846194
Sucursal Banamex Mega Campeche,"Av. Central 91, Barrio de Sta Ana, 24050 San Francisco de Campeche, Camp.",-90.53464,19.837377
Sucursal Bancoppel San Rafael 24 Hrs,"Av Patricio Trueba de Regil, De Regil 306, 24090 San Francisco de Campeche, Camp.",-90.534316,19.825428
Sucursal Rodríguez y Asociados,"24085 Calle oznerol pacheco por pino Suárez, Vicente Guerrero Supermanzana por Manzana 79 Lote 14, 24085 San Francisco de Campeche, Camp.",-90.483248,19.831217
Suemy Beauty Salón,"Sta. María de Guadalupe, Sascalum, 24095 San Francisco de Campeche, Camp.",-90.532604,19.815533
SuKarne,"Av Gobernadores 280, Villa del Río, Barrio de Sta Lucía, 24010 San Francisco de Campeche, Camp.",-90.517527,19.843009
Super 20,"Barrio de San José, 24040 San Francisco de Campeche, Camp.",-90.545991,19.832894
SUPER CARNICERIA DON CHUCHO,"Bellavista (Ampliación), Amp Bellavista, 24020 San Francisco de Campeche, Camp.",-90.509315,19.855503
SUPER EL DÍA,"Gustavo Díaz Ordaz, Barrio de la Ermita, 24020 San Francisco de Campeche, Camp.",-90.515551,19.85975
Super San Ignacio Almacén Sibarita,"24000, Pensiones, 24035 San Francisco de Campeche, Camp.",-90.546082,19.834525
Super Willys Altamira,"24085 San Francisco de Campeche, Camp.",-90.482669,19.838905
Super Xpres San Francisco,"C. 39-A 83, Barrio de San Francisco, 24010 San Francisco de Campeche, Camp.",-90.522436,19.85045
Sur Verde A.C.,"Calle 4, Número 4, Samulá, Lázaro Cárdenas, 24095 San Francisco de Campeche, Camp.",-90.542789,19.822413
SUR | Terminal de autobuses,"Terminal de Autobuses, Av Gobernadores 479, Barrio de Sta Ana, 24050 San Francisco de Campeche, Camp.",-90.52694,19.843051
SURA Campeche,"Oficina de atención SURA, Av. Adolfo Ruiz Cortinez 18 esq Luis, Campec, Av. Luis Alvarez Barret Local F-G en planta Baja, Área Ah, 24014 San Francisco de Campeche, Camp.",-90.535229,19.849223
Surticoma Campeche,"Fracciorama 2000, 24090 San Francisco de Campeche, Camp.",-90.534631,19.827834
Suútuk,"oficinas de Conalep, Venustiano Carranza #3, Detrás de Secud frente a, Reforma Agraria, 24095 San Francisco de Campeche, Camp.",-90.529442,19.802891
Swighters,"Av. Central 172-B, Barrio de San José, 24040 San Francisco de Campeche, Camp.",-90.53496,19.832184
SWIPE,"Av Luis Donaldo Colosio Murrieta 36, Barrio de San José, 24040 San Francisco de Campeche, Camp.",-90.536355,19.83037
Súper Akí Alameda,"Chihuahua 10, Barrio de Sta Ana, 24050 San Francisco de Campeche, Camp.",-90.533295,19.841071
Súper Akí Colosio,"Prolongación Avenida Lázaro Cárdenas s/n por, C. Peru Barrio, Barrio de Sta Ana, 24058 San Francisco de Campeche, Camp.",-90.526167,19.833612
Súper Akí Villa del Río,"Colonia, Calle 16 s/n x Avenida 3, Barrio de Sta Lucía, 24020 San Francisco de Campeche, Camp.",-90.518765,19.846076
Súper Andy,"Calle 9 & Papaya, C. 9 14, Amp Esperanza, 24087 San Francisco de Campeche, Camp.",-90.495891,19.844009
Súper Campeche,"Roman Piña Chan 7, Área Ah, 24014 San Francisco de Campeche, Camp.",-90.531287,19.849505
SÚPER FERRETERÍA,"C. 15 entre 26 y 22, Centro, 24520 Chiná, Camp.",-90.496004,19.76919
Súper Willys 6 sucursal colonia El Carmelo,"C. 5 96, El Carmelo, 24075 San Francisco de Campeche, Camp.",-90.503242,19.837871
Súper Willys Av. Álvaro Obregón,"Esperanza, 24080 San Francisco de Campeche, Camp.",-90.501422,19.844495
Súper Willys Campeche 10 Girasoles,"Margarita 21, Jardines, 24060 San Francisco de Campeche, Camp.",-90.517514,19.830295
Súper Willys Campeche 13 López Portillo,"Av López Portillo 280, IX, 24093 San Francisco de Campeche, Camp.",-90.53306,19.814544
Súper Willys Campeche 18 Siglo XXI,"Cuarta 42, Siglo XXI, 24073 San Francisco de Campeche, Camp.",-90.493682,19.813414
Súper Willys Campeche 19 Ecuador,"C. Ecuador 92-94, Polvorín, 24060 San Francisco de Campeche, Camp.",-90.52381,19.832682
Súper Willys Campeche 22 Amp Miguel Hidalgo,"Calle Vicente Guerrero, Miguel Hidalgo (Ampliación), Amp Miguel Hidalgo, 24094 San Francisco de Campeche, Camp.",-90.537073,19.812449
Súper Willys Campeche 27 Rafael Ramírez,"Siglo XXI, 24073 San Francisco de Campeche, Camp.",-90.490696,19.805916
Súper Willys Campeche 32 san Rafael,"C. 6 57, San Antonio, 24096 San Francisco de Campeche, Camp.",-90.538482,19.822306
SÚPER WILLYS CAMPECHE FIDEL VELÁZQUEZ,"C. 1 Campeche 4, Fidel Velázquez, 24023 San Francisco de Campeche, Camp.",-90.493361,19.871565
Súper Willys Campeche Sucursal 20 Presidentes,"Presidentes de México, 24088 San Francisco de Campeche, Camp.",-90.487348,19.863316
Súper Willys Campeche Sucursal Santa Lucía,"Av Gobernadores 35, Barrio de Sta Lucía, 24020 San Francisco de Campeche, Camp.",-90.503931,19.842724
Súper Willys Ignacio Zaragoza,"Morelos & Pablo García, Lomas de Zaragoza, 24098 San Francisco de Campeche, Camp.",-90.541436,19.816372
Súper Willys Kikab,"Antigua Campeche-mérida, Colonial Campeche Sección Maquiladora, 24087 San Francisco de Campeche, Camp.",-90.48169,19.851233
Súper Willys Montecristo,"C. Montecristo 14, Montecristo, 24044 San Francisco de Campeche, Camp.",-90.549929,19.834505
Súper Willys Niño Artillero,"C. Niño Artillero 58, Polvorín (Ampliación), Amp Polvorín, 24060 San Francisco de Campeche, Camp.",-90.519072,19.824642
Súper Willys Pablo García,"C. 21 67, Pablo García, 24080 San Francisco de Campeche, Camp.",-90.50379,19.8497
Súper Willys Plata,"C. Plata, Minas, 24026 San Francisco de Campeche, Camp.",-90.500007,19.861157
Súper Willys Samula,"C. 8 #441, Samulá, 24090 San Francisco de Campeche, Camp.",-90.547612,19.81624
Súper Willys Sucursal Bellavista 2,"C. 104 44, Bellavista, 24020 San Francisco de Campeche, Camp.",-90.513365,19.854997
Súper Willys Sucursal Campeche 1,"C. 16 286, Zona Centro, 24000 San Francisco de Campeche, Camp.",-90.533318,19.843642
Súper Willys Sucursal Campeche 15 col. Esperanza,"De La C. 9 74, Amp Esperanza, 24080 San Francisco de Campeche, Camp.",-90.496669,19.842589
Súper Willys Sucursal Campeche 2,"Mercado Pedro Sáinz 132-B, Zona Centro, 24000 San Francisco de Campeche, Camp.",-90.534179,19.842467
Súper Willys Sucursal Campeche 3,"24050, Av Cto Baluartes 587, Zona Centro, San Francisco de Campeche, Camp.",-90.531651,19.842968
Súper Willys Sucursal Campeche 4,"Av República 4, Santa Ana, 24050 San Francisco de Campeche, Camp.",-90.534937,19.840839
Súper Willys Sucursal Campeche 5,"Tamaulipas 19A, Barrio de Sta Ana, 24050 San Francisco de Campeche, Camp.",-90.532123,19.841377
Súper Willys Villa Cabra,"C. 5 46, Bellavista, 24020 San Francisco de Campeche, Camp.",-90.515971,19.85191
Súper Willys Villas de Kala,"Ramón Espínola Blanco 18 Fracc. Villas de Kala 24085, Ramón Espínola Blanco I, II y III, 24085 San Francisco de Campeche, Camp.",-90.483189,19.842692
Ta' Shido To Go,"Av López Portillo 345-2PB, Barrio de San José, 24500 San Francisco de Campeche, Camp.",-90.523705,19.814117
Ta'kin Pech,"Av. López Portillo entre Calle 2, Calle Prol. Allende, San Antonio (Ampliación), Amp San Antonio, 24099 San Francisco de Campeche, Camp.",-90.542653,19.823177
Taco Mariachi,"Av Adolfo Ruiz Cortinez entre Calle 49-B, Área Ah, 24014 San Francisco de Campeche, Camp.",-90.534408,19.849085
Tacos y trancas doña estela,"Perif. Pablo García y Montilla 12, Sin Referencia, 24520 San Francisco de Campeche, Camp.",-90.511362,19.795003
TAF GALERÍAS CAMPECHE,"METROPOLITANO, AV. PEDRO SAINZ DE BARANDA. 103, ESQ, Dársena LOC. 102, Área Ah, 24014 San Francisco de Campeche, Camp.",-90.522573,19.85697
Tagliare Kitchen,"Priv. Balamku Manzana 6e Lote 13, residencial San Francisco, 24095 San Francisco de Campeche, Camp.",-90.541229,19.804656
"Taller ""SEMA""","Av. Concordia 203, El Carmelo, 24075 San Francisco de Campeche, Camp.",-90.504336,19.836485
"Taller Automotriz ""El Memech""","Av. Heroe de Nacozari, Héroe de Nacozari, 24070 San Francisco de Campeche, Camp.",-90.508591,19.822312
"Taller Automotriz ""El Wuero Tzel""","Tercera 39, Siglo XXI, 24073 San Francisco de Campeche, Camp.",-90.495101,19.811556
Taller Automotriz Canul,"Solidaridad 42, Zona Sin Asignación de Nombre, 24060 San Francisco de Campeche, Camp.",-90.523086,19.819048
Taller Automotriz el Cone,"Cedro, San Rafael, 24090 San Francisco de Campeche, Camp.",-90.539225,19.826549
Taller Automotriz El Fuerte,"C. 6 79, Tepeyac, 24096 San Francisco de Campeche, Camp.",-90.535311,19.823056
Taller Automotriz El Pájaro,"C. Panamá 100 A, entre tamaulipas y Veracruz, Barrio de Sta Ana, 24050 San Francisco de Campeche, Camp.",-90.520788,19.840234
Taller automotriz presidentes de México (Don kike),"Lic. Juan Hepomiuceno Almonte 37, Presidentes de México, 24088 San Francisco de Campeche, Camp.",-90.486764,19.859802
"Taller de Motos ""Peña"". Servicio Eléctrico y Mecánico","Tamaulipas 28, Barrio de Sta Ana, 24050 San Francisco de Campeche, Camp.",-90.531497,19.841481
"Taller Electromecánico ""Pocholo""","Calle 1, Av Gobernadores &, Barrio de Sta Lucía, 24020 San Francisco de Campeche, Camp.",-90.503866,19.842569
Taller Eléctrico Automotriz el BROTHER,"27070, Residencial Delicias, 24070 San Francisco de Campeche, Camp.",-90.51467,19.837769
Taller LEÓN,"39, Jesús García Corona 109, Héroe de Nacozari, 24070 San Francisco de Campeche, Camp.",-90.509276,19.832204
Taller Los Carnales,"24050, Barrio de Sta Ana, 24050 San Francisco de Campeche, Camp.",-90.52568,19.841258
Taller Lubricar,"C. 104 15C, Barrio de Sta Lucía, 24020 San Francisco de Campeche, Camp.",-90.515625,19.847335
Taller mecanico,"Calle 6 s/n. Entre 6 y 8, El Carmelo, 24075 San Francisco de Campeche, Camp.",-90.503357,19.840466
taller mecanico abel,"C. 106 2, Barrio de Sta Lucía, 24020 San Francisco de Campeche, Camp.",-90.513056,19.843843
Taller Mecanico Automotriz La Huerta,"24050, Brasil 20, Barrio de Sta Ana, San Francisco de Campeche, Camp.",-90.528217,19.836547
Taller mecanico El Negro,"C. Coahuila 143, Barrio de Sta Ana, 24050 San Francisco de Campeche, Camp.",-90.523041,19.838459
"TALLER MECANICO Y REFACCIONARIA ""NAVARRETE""","Av Luis Donaldo Colosio Murrieta, San Rafael, 24090 San Francisco de Campeche, Camp.",-90.536085,19.830085
"Taller Mecánico ""Churu JR"".","Infonavit, Privada Tulipanes, Las Flores, 24097 San Francisco de Campeche, Camp.",-90.530289,19.820578
"Taller Mecánico ""Las Palmas""","Gustavo Díaz Ordaz 169, Barrio de la Ermita, 24020 San Francisco de Campeche, Camp.",-90.517588,19.858098
"Taller Mecánico Automotriz ""CHIN""","C. 6 35, El Carmelo, 24075 San Francisco de Campeche, Camp.",-90.502701,19.837734
"Taller Mecánico Automotriz ""UGALDE""","Pino Suárez 11, entre Josefa Ortiz de Domínguez y 2a, Ignacio Zaragoza, 24098 San Francisco de Campeche, Camp.",-90.541478,19.819169
TALLER MECÁNICO AUTOMOTRIZ SAN JOSÉ,"Av Hidalgo 106, Huanal, 24070 San Francisco de Campeche, Camp.",-90.511016,19.838826
"TALLER MECÁNICO CERON, SAN ANTONIO","5 de Mayo 8, San Antonio, 24099 San Francisco de Campeche, Camp.",-90.539974,19.82413
Taller Mecánico Cuauhtémoc,"Guadalupe Victoria 12, Miguel Hidalgo (Ampliación), Amp Miguel Hidalgo, 24094 San Francisco de Campeche, Camp.",-90.534774,19.814226
Taller Mecánico Darwin,"24035, Barrio de San José, 24035 San Francisco de Campeche, Camp.",-90.547455,19.830839
Taller mecánico diésel “Junior”,"Antigua Campeche-mérida 1, sector, Kalá, 24087 San Francisco de Campeche, Camp.",-90.488819,19.852405
Taller Mecánico El Torque,"C. 18 618, Vicente Guerrero, 24035 San Francisco de Campeche, Camp.",-90.550543,19.828452
Taller Mecánico Guadalupano,"C. 5, Bellavista, 24020 San Francisco de Campeche, Camp.",-90.515428,19.853626
Taller Mecánico J'CARS Servicio Automotriz,"Calle yalzib, entre calle 8 y prolongación AV. Benito Juárez, 24560 Imí, Camp.",-90.483989,19.872298
Taller Mecánico Las Vías,"Av. Álvaro Obregón 207, Barrio de Sta Lucía, 24020 San Francisco de Campeche, Camp.",-90.509669,19.845114
Taller Mecánico PAY,"C. 22 226, Barrio de San José, 24040 San Francisco de Campeche, Camp.",-90.543238,19.83339
Taller Mecánico Requena Ojalateria Y Pintura,"Barrio de San Román, 24040 San Francisco de Campeche, Camp.",-90.544251,19.83588
TALLER MECÁNICO ROMERO,"Av Aviación 192-Loc B, Cuatro Caminos, 24070 San Francisco de Campeche, Camp.",-90.510888,19.834825
Taller Mecánico Sánchez,"C. Ecuador entre COAHUILA Y VERECRUZ, Barrio de Sta Ana, 24050 San Francisco de Campeche, Camp.",-90.52263,19.839322
Taller Mecánico y Eléctrico SPARTAN,"C. 18 313, Barrio de San Román, 24040 San Francisco de Campeche, Camp.",-90.543827,19.835969
Taller Multiservicio IVAN,"Av Hidalgo 134, Aviación, 24070 San Francisco de Campeche, Camp.",-90.510308,19.838346
TALLER MULTISERVICIOS ELECTROMECÁNICO LLANTERA,"Argentina Antes 43 116, Barrio de Sta Ana, 24050 San Francisco de Campeche, Camp.",-90.525797,19.841644
Taller Multiservicios Estrada,"PRIV. PARALELA, Av. Jaina, Unidad y Trabajo, 24088 San Francisco de Campeche, Camp.",-90.494736,19.851825
Taller MultiServicios Mecánica - Automotriz Campos,"Chemuyil 18, entre C. Ulumal y Xcaret, Amp Kalá I, 24087 San Francisco de Campeche, Camp.",-90.490487,19.848165
Taller Palomo,"24050, C. Coahuila 163, Barrio de Sta Ana, San Francisco de Campeche, Camp.",-90.521416,19.83832
Taller SA Fernando Trujeque,"C. Nicaragua 128A, Barrio de Sta Ana, 24500 San Francisco de Campeche, Camp.",-90.530834,19.836982
Talleres Graficos Atalaya (Centro),"C. 51 22, Zona Centro, 24000 San Francisco de Campeche, Camp.",-90.534189,19.845687
Tamayo,"24058, Caribe, 24058 San Francisco de Campeche, Camp.",-90.530541,19.839114
Tapioca & Waffles,"24050, Av Gobernadores 389A, Barrio de Sta Ana, San Francisco de Campeche, Camp.",-90.522752,19.84294
"Taqueria ""EL chaparrito""","C. Veracruz 4, Tomás Aznar, 24060 San Francisco de Campeche, Camp.",-90.517055,19.838074
Taqueria 26,"C. Coahuila 258, Barrio de Sta Ana, 24050 San Francisco de Campeche, Camp.",-90.518539,19.838822
TAQUERIA El amigo CARLOS RUELAS,"Av Luis Donaldo Colosio Murrieta, Barrio de Sta Ana, 24050 San Francisco de Campeche, Camp.",-90.524096,19.834512
Taqueria El Manis,"Av República 110, Barrio de Sta Ana, 24050 San Francisco de Campeche, Camp.",-90.531784,19.84035
Taqueria el suadero “GOLOSIO”,"Av Luis Donaldo Colosio Murrieta 146, Invasión San Arturo, 24035 San Francisco de Campeche, Camp.",-90.542584,19.832354
"Taquería ""Los Cuates De Bonfil""","24095, Av Patricio Trueba de Regil 320, Zona Sin Asignación de Nombre, San Francisco de Campeche, Camp.",-90.530062,19.818904
Taquería 2 Hnos,"Calle Prol. Allende 90, Barrio de San José, 24040 San Francisco de Campeche, Camp.",-90.542835,19.835726
Taquería Amada Ruelas,"Central Oriente 202, Barrio de San José, 24040 San Francisco de Campeche, Camp.",-90.53514,19.830975
Taquería Campechana,"frente a canaco, Av. Central 112, Barrio de San José, 24040 San Francisco de Campeche, Camp.",-90.53507,19.834631
Taquería Cheque's,"Av Luis Donaldo Colosio Murrieta, Barrio de San José, 24050 San Francisco de Campeche, Camp.",-90.522217,19.835816
Taquería Cochitaco,"Calle Mariano Escobedo 43 o, Barrio de San Francisco, 24010 San Francisco de Campeche, Camp.",-90.525468,19.851885
Taquería de SUADERO la LUPITA,"Av Gobernadores, El Carmelo, 24070 San Francisco de Campeche, Camp.",-90.506708,19.842033
Taquería del Parque,"Calle 45 esq. Av. República ⁠⁠⁠⁠, Santa Ana 110, Santa Ana, San Francisco de Campeche, Camp.",-90.527072,19.839407
Taquería Don Pastor,"Av Gobernadores 407, Barrio de Sta Ana, 24050 San Francisco de Campeche, Camp.",-90.523638,19.84297
Taquería El Amigo Carlos Ruelas,"Barrio de San Román, 24040 San Francisco de Campeche, Camp.",-90.541274,19.836939
Taquería El Amigo Carlos Ruelas,"Fundadores, Área Ah, 24014 San Francisco de Campeche, Camp.",-90.525884,19.854423
Taquería El Amigo Chino,"Av. Central 37, Barrio de Sta Ana, 24050 San Francisco de Campeche, Camp.",-90.536041,19.83913
Taquería EL GUERRERO,"Avenida Lázaro Cárdenas sin número, Amp Polvorín II, 24060 San Francisco de Campeche, Camp.",-90.526068,19.822141
Taquería El Pequeñín,"C. Galeana Calle 4, San Rafael, 24090 San Francisco de Campeche, Camp.",-90.535695,19.82479
Taquería el Tigre,"24070, Av Gobernadores 153, Aviación, San Francisco de Campeche, Camp.",-90.509408,19.842248
Taquería Hecelchakán Santa Ana,"Av República 1, Barrio de Sta Ana, 24050 San Francisco de Campeche, Camp.",-90.527071,19.839258
Taquería Hermanos Cordero,"C. Paraguay 1, Parque Residencial la Noria, Barrio de Sta Ana, 24050 San Francisco de Campeche, Camp.",-90.526799,19.835327
Taquería La Candita,"Cto. Baluartes, Barrio de Sta Ana, 24050 San Francisco de Campeche, Camp.",-90.533164,19.842085
Taquería Los Patitos,"Calle 8 entre 59 y 61 Calle 8 Centro, Campeche, Mexico Camp MX, entre 59 y 61, 24000 San Francisco de Campeche, Camp.",-90.53898,19.845409
Taquería Los Toños,"24040, Av. Justo Sierra Méndez 491, Barrio de San Román, 24040 San Francisco de Campeche, Camp.",-90.546985,19.84037
TAQUERÍA LUIS,"Mercado Principal Pedro Sainz de Baranda Interior Zona Seca Puesto -85, Barrio de Sta Ana, 24050 San Francisco de Campeche, Camp.",-90.533261,19.842223
Taquería Marcos Ruelas Olimpico,"Av Gobernadores 402, Barrio de Sta Ana, 24050 San Francisco de Campeche, Camp.",-90.523591,19.843242
Taquería Maritza Ruelas,"Gustavo Díaz Ordaz 225, Plaza Xel-Ha, Barrio de la Ermita, 24020 San Francisco de Campeche, Camp.",-90.532699,19.848806
Taquería Mundo - Av Central,"Av. Central 170, Barrio de San José, 24040 San Francisco de Campeche, Camp.",-90.534935,19.832401
Taquería Tenoch,"C. Nicaragua 2, entre Calle Chihuahua y Circuito Baluartes, Barrio de Sta Ana, 24050 San Francisco de Campeche, Camp.",-90.532323,19.842412
Taquería Xochimilco Mx,"C. 1 15, El Carmelo, 24075 San Francisco de Campeche, Camp.",-90.50682,19.837878
Te Quiero Ramen,"Av López Portillo 173A, Tepeyac, 24096 San Francisco de Campeche, Camp.",-90.537939,19.818133
TECNICOPY,"Cto. Baluartes 1, Zona Centro, 24000 San Francisco de Campeche, Camp.",-90.533259,19.84322
Tecno Oficina,"Av López Mateos 247, Barrio de San José, 24040 San Francisco de Campeche, Camp.",-90.547434,19.833108
TECNOSERVICIOS ESPECIALIZADOS S.A.,"Av López Portillo 45-A, Vicente Guerrero, 24035 San Francisco de Campeche, Camp.",-90.549775,19.826789
Tejasur Campeche,"Av Patricio Trueba de Regil, Sascalum, 24096 San Francisco de Campeche, Camp.",-90.529907,19.818687
telcel,"Av Gobernadores 4, Barrio de Sta Ana, 24050 San Francisco de Campeche, Camp.",-90.530625,19.843074
Telcel,"Av Adolfo Ruiz Cortinez 111, Área Ah, 24014 San Francisco de Campeche, Camp.",-90.536861,19.849337
Telcel Campeche I Regil,"Av Patricio Trueba de Regil 294, San Rafael, 24090 San Francisco de Campeche, Camp.",-90.533962,19.824778
Telcel Campeche II Galerías,"Pedro Sainz de Baranda 103, Área Ah, 24014 San Francisco de Campeche, Camp.",-90.523476,19.85623
Telecom,"Av. 16 de Septiembre SN, Zona Centro, 24000 San Francisco de Campeche, Camp.",-90.538012,19.844933
Telecom,"C. Veracruz 202, Lomas Delicias, 24050 San Francisco de Campeche, Camp.",-90.515436,19.837551
TelecomIZA,"C. Costa Rica 116, Barrio de Sta Ana, 24050 San Francisco de Campeche, Camp.",-90.532668,19.837945
Telecomm Telegrafos,"Av. 16 de Septiembre 112 A, Zona Centro, 24000 San Francisco de Campeche, Camp.",-90.532042,19.849433
Telmex,"Calle 8 equina 51 Rosario la quebrada Colonia Centro Lázaro Cárdenas, 24000 San Francisco de Campeche, Camp.",-90.535295,19.847261
Telmex,"C. 105 4, Barrio de Sta Lucía, 24020 San Francisco de Campeche, Camp.",-90.51158,19.844422
Telmex Lada Local,"Av. Cuauhtémoc, Barrio de Sta Ana, 24020 San Francisco de Campeche, Camp.",-90.516668,19.843867
Templo del Dulce Nombre de Jesús,"C. 55, Zona Centro, 24000 San Francisco de Campeche, Camp.",-90.535828,19.844856
"TENDAJON ""ALEX""","Acción Nacional, Polvorín (Ampliación), Amp Polvorín II, 24060 San Francisco de Campeche, Camp.",-90.523078,19.824985
Tendajon Poco a Poco,"C. 108 entre 5 de Mayo, Bellavista (Ampliación), Amp Bellavista, 24020 San Francisco de Campeche, Camp.",-90.511235,19.853329
Tendejon Ana María,"Priv. Coahuila 25, entre costarica y nicaragua, Barrio de Sta Ana, 24050 San Francisco de Campeche, Camp.",-90.531589,19.838776
Tendejon La Lupita,"C. 10-A 30, Pablo García, 24080 San Francisco de Campeche, Camp.",-90.504044,19.849027
Tendejon La Resurrección,"Solidaridad 9, Esperanza, 24080 San Francisco de Campeche, Camp.",-90.499325,19.838426
Terraza 49 Rooftop,"C. 49 168, Barrio de Guadalupe, 24010 San Francisco de Campeche, Camp.",-90.534527,19.847772
Terraza Fracciorama,"Escarcha Supermanzana sin entre nevada y temporal, Fracciorama 2000, 24090 San Francisco de Campeche, Camp.",-90.533533,19.829263
Textiles colibrí,"24090, Samulá, 24090 San Francisco de Campeche, Camp.",-90.546175,19.814418
THC BARRIO DE SAN FRANCISCO,"24010, Barrio de San Francisco, 24010 San Francisco de Campeche, Camp.",-90.524769,19.851618
The Family: lo único que necesitas,"C. 13 2, Justo Sierra Méndez I y II, 24070 San Francisco de Campeche, Camp.",-90.501449,19.837148
The Gym NT,"5 de Mayo, San Joaquín, 24020 San Francisco de Campeche, Camp.",-90.508478,19.850398
The Home Depot,"Av. Román Piña Chan 28 esquina con Área de Avenida María Lavalle Urbina Sector Fundadores, Área Ah, 24028 San Francisco de Campeche, Camp.",-90.532982,19.850565
the iron body gimnasio,"C. 10 245, entre 49A y Ciriaco Vázquez, Barrio de Guadalupe, 24010 San Francisco de Campeche, Camp.",-90.53182,19.847794
The Italian Coffee Company,"Pedro Sainz de Baranda 137, Área Ah, 24010 San Francisco de Campeche, Camp.",-90.520788,19.858511
The Italian Coffee Company,"Calle 57 1 Edificio Cuahutemoc Planta Baja Local 4 Col. Centro, C. 57 1, Zona Centro, 24000 San Francisco de Campeche, Camp.",-90.536939,19.845445
The Shoes Collection,"Calle 8 199, Zona Centro, 24000 San Francisco de Campeche, Camp.",-90.534787,19.847395
Tianguis de la Ah-Kim-Pech,"Ah-kim-pech mz2 lt 4, Barrio de San Francisco, 24020 San Francisco de Campeche, Camp.",-90.522256,19.854577
Tiempos Noticias,"Número 17, Mártires de Río Blanco, 24024 San Francisco de Campeche, Camp.",-90.513766,19.848544
Tienda,"C. Republica del Salvador 91, Barrio de Sta Ana, 24050 San Francisco de Campeche, Camp.",-90.53394,19.837236
"Tienda ""La Guadalupana""","24060 San Francisco de Campeche, Camp.",-90.512329,19.819757
Tienda Aby,"Unnamed Road, Siglo XXI, San Francisco de Campeche, Camp.",-90.48799,19.803866
Tienda Carmita,"C. Lomas, Miguel Hidalgo (Ampliación), Amp Miguel Hidalgo, 24094 San Francisco de Campeche, Camp.",-90.538804,19.811657
Tienda Comex,"Av Gobernadores 60 A, Barrio de Sta Lucía, 24020 San Francisco de Campeche, Camp.",-90.505583,19.842358
Tienda Comex,"Av Gobernadores 463-B, Barrio de Sta Ana, 24050 San Francisco de Campeche, Camp.",-90.52637,19.842965
Tienda Comex,"AV. ADOLFO, Av López Mateos 96 A, Barrio de San Román, 24040 San Francisco de Campeche, Camp.",-90.541206,19.837056
Tienda Comex,"ENTRE, AV GOBERNADORES ESQUINA AV HEROE DE NACOZARI, Av Gobernadores S/N, Barrio de Sta Lucía, 24020 San Francisco de Campeche, Camp.",-90.516853,19.842698
Tienda Comex,"Av Casa de Justicia 37, Fracciorama 2000, 24090 San Francisco de Campeche, Camp.",-90.529583,19.824563
Tienda Comex,"AV. GOBERNADORES 388 LOCAL 1 DE, Barrio de Sta Ana, 24050 San Francisco de Campeche, Camp.",-90.522774,19.843255
Tienda Comex,"AV. PEDRO SAINZ DE BARANDA 175 INT LOC C AREA, Área Ah, 24010 San Francisco de Campeche, Camp.",-90.530491,19.854459
Tienda Comex,"Av. Francisco I. Madero SN, Barrio de San Francisco, 24010 San Francisco de Campeche, Camp.",-90.519439,19.847065
Tienda Comex,"Patricio Trueba Urbina 239, Las Flores, 24097 San Francisco de Campeche, Camp.",-90.53023,19.819814
Tienda Comex,"Av López Portillo, Samulá, 24090 San Francisco de Campeche, Camp.",-90.542757,19.822826
Tienda Comex,"Av República 131 A, Barrio de Sta Ana, 24050 San Francisco de Campeche, Camp.",-90.53243,19.840393
Tienda Comex,"Av. Álvaro Obregón 445, Villa Turquesa, 24086 San Francisco de Campeche, Camp.",-90.493639,19.84909
Tienda Comex,"General Ignacio Comonfort MANZANA 1, REFORMA, 24088 San Francisco de Campeche, Camp.",-90.490728,19.864327
Tienda Comex,"Av. Concordia MANZANA D, Col México, 24070 San Francisco de Campeche, Camp.",-90.494041,19.834931
Tienda Comex,"C. Oaxaca 4, Fidel Velázquez, 24023 San Francisco de Campeche, Camp.",-90.492701,19.86784
Tienda Comex,"Av López Portillo 45 A, Vicente Guerrero, 24035 San Francisco de Campeche, Camp.",-90.548187,19.82707
Tienda Comex,"Aldama 138, Col México, 24070 San Francisco de Campeche, Camp.",-90.499569,19.833615
Tienda Comex,"ESQ. CON ANDADOR, AV. JAINA ENTRE AND. SAYIL Y AND. LABNA MZ.XII, Sayil 12, Unidad y Trabajo, 24088 San Francisco de Campeche, Camp.",-90.493026,19.854612
Tienda Comex,"C. 20 86, PRADO, 24040 San Francisco de Campeche, Camp.",-90.553708,19.833102
Tienda Comex,"Av. Concordia 24, Concordia (Ampliación), Kalá II, 24087 San Francisco de Campeche, Camp.",-90.489518,19.839922
Tienda Comex,"C. 3 1, Vivah, 24088 San Francisco de Campeche, Camp.",-90.481232,19.853046
Tienda Comex,"Av. Álvaro Obregón 254, Fátima, 24083 San Francisco de Campeche, Camp.",-90.498868,19.846177
Tienda Comex Avenida Central,"Av. Central 218, Barrio de San José, 24040 San Francisco de Campeche, Camp.",-90.535134,19.830439
Tienda Comex Colosio,"C. Peru 200, La Victoria, Tomás Aznar, 24060 San Francisco de Campeche, Camp.",-90.525657,19.833154
Tienda de abarrotes Aruba con venta de cerveza,"24095 San Francisco de Campeche, Camp.",-90.534477,19.801314
Tienda De Lola,"C. 14 70A, Barrio de Guadalupe, 24010 De Guadalupe, Camp.",-90.528369,19.847137
Tienda de Nova,"C. Paraguay SN, Zona Centro, 24050 San Francisco de Campeche, Camp.",-90.526715,19.835774
TIENDA DE ROPA AMERICANA ROPACA CAMPECHE,"esquina con Hacienda Multunchac, Av. Concordia, Hacienda Santa María, 24070 San Francisco de Campeche, Camp.",-90.499964,19.83415
Tienda de Socorro,"C. 14 138, Zona Centro, 24000 San Francisco de Campeche, Camp.",-90.537359,19.842894
TIENDA EL ALMUD,"Calle Cto Belem Este 12, Fovisste Belén, 24050 San Francisco de Campeche, Camp.",-90.533445,19.833324
Tienda GES,"Av. Central 33, Barrio de Sta Ana, 24050 San Francisco de Campeche, Camp.",-90.534593,19.832292
Tienda Granada,"Granada 25, Polvorín (Ampliación), Amp Polvorín, 24060 San Francisco de Campeche, Camp.",-90.520901,19.824953
Tienda Hecho en Campeche Aeropuerto Campeche,"Av López Portillo S/N, Aviación, 24070 San Francisco de Campeche, Camp.",-90.501436,19.807674
Tienda Jaranitas,"24050, Barrio de Sta Ana, 24050 San Francisco de Campeche, Camp.",-90.523438,19.83513
Tienda La Guadalupana,"C. Violeta 27-24, Jardines, 24060 San Francisco de Campeche, Camp.",-90.517474,19.82917
Tienda La Pasadita,"C. Pedro Moreno 84, Amp San Rafael, 24090 San Francisco de Campeche, Camp.",-90.534496,19.824265
Tienda la Pasadita,"C. 9 8, Samulá, 24090 San Francisco de Campeche, Camp.",-90.54706,19.821371
Tienda La Subidita,"C. 49 entre Avenida Gobernadores Y Tamaulipas, Barrio de Sta Ana, 24010 San Francisco de Campeche, Camp.",-90.529761,19.842926
Tienda Los Juanes,"C. A 34, Lindavista CTM, 24096 San Francisco de Campeche, Camp.",-90.526941,19.817548
Tienda milano 3120,"C. 10 238b, Zona Centro, 24000 San Francisco de Campeche, Camp.",-90.53548,19.846274
Tienda Naturista BIOVITAL,"C. 16 259, Zona Centro, 24000 San Francisco de Campeche, Camp.",-90.534394,19.842998
Tienda Neto Los abuelos,"Guadalupe Victoria 4, Miguel Hidalgo (Ampliación), Amp Miguel Hidalgo, 24094 San Francisco de Campeche, Camp.",-90.534658,19.814626
Tienda Six,"Orquídeas 21, Jardines, 24060 San Francisco de Campeche, Camp.",-90.517743,19.833731
Tienda Six,"C. Ecuador 113, Tomás Aznar, 24060 San Francisco de Campeche, Camp.",-90.523524,19.833887
Tienda Six,"Av Gobernadores 271, La Paz, 24020 San Francisco de Campeche, Camp.",-90.515887,19.842688
Tienda Six,"C. 27 185, Kanisté, 24090 San Francisco de Campeche, Camp.",-90.554298,19.814349
Tienda Six,"C. 14 S/N, Lázaro Cárdenas, 24094 San Francisco de Campeche, Camp.",-90.536311,19.809207
Tienda Six,"Sin Nombre Manzana 20, 24000 San Francisco de Campeche, Camp.",-90.528938,19.810326
Tienda Six,"Duodecima S/N, Siglo XXI, 24070 San Francisco de Campeche, Camp.",-90.494324,19.808367
Tienda Six,"C. Querétaro 13, Barrio de Sta Ana, 24050 San Francisco de Campeche, Camp.",-90.534444,19.836181
Tienda Six,"C. Costa Rica 120C, Barrio de Sta Ana, 24050 San Francisco de Campeche, Camp.",-90.532753,19.837087
Tienda Six,"Av. Central 120, Barrio de San José, 24040 San Francisco de Campeche, Camp.",-90.534977,19.834816
Tienda Six,"Av. Central 62, Barrio de San José, 24040 San Francisco de Campeche, Camp.",-90.535522,19.837289
Tienda Six,"Tikinmul Modulo Comercial, 1, Solidaridad Urbana, 24060 San Francisco de Campeche, Camp.",-90.521393,19.819285
Tienda Six,"Patricio Trueba Urbina 60, Tepeyac, 24096 San Francisco de Campeche, Camp.",-90.532583,19.819094
Tienda Six,"Granada S/N, Polvorín (Ampliación), Amp Polvorín, 24060 San Francisco de Campeche, Camp.",-90.520821,19.824824
Tienda Six,"C. 18 169A, Samulá, 24030 San Francisco de Campeche, Camp.",-90.549359,19.819189
Tienda Six,"Emiliano Zapata 3, Ignacio Zaragoza, 24096 San Francisco de Campeche, Camp.",-90.53985,19.819315
Tienda Six,"C. 20 14, Kanisté, 24038 San Francisco de Campeche, Camp.",-90.554097,19.825637
Tienda Six,"C. 12 644, Samulá, 24090 San Francisco de Campeche, Camp.",-90.55149,19.825529
Tienda Six,"Local 1, S/N, Lazareto, 24030 San Francisco de Campeche, Camp.",-90.553877,19.833212
Tienda Six,"Av República 94, Barrio de Sta Ana, 24050 San Francisco de Campeche, Camp.",-90.531057,19.84025
Tienda Six,"C. Pedro Moreno 26, Barrio de San José, 24040 San Francisco de Campeche, Camp.",-90.537025,19.833831
Tienda Six,"De La 47 120, Barrio de Sta Ana, 24050 San Francisco de Campeche, Camp.",-90.527935,19.839645
Tienda Six,"Av Gobernadores 444A, Barrio de Sta Ana, 24050 San Francisco de Campeche, Camp.",-90.525978,19.843307
Tienda Six,"C. Peru 156, Barrio de Sta Ana, 24050 San Francisco de Campeche, Camp.",-90.524688,19.837988
Tienda Six,"C. Riva Palacios 61, Barrio de San Francisco, 24010 San Francisco de Campeche, Camp.",-90.526427,19.846031
Tienda Six,"Segunda Priv. de la Calle 108 S/N, Bellavista (Ampliación), Amp Bellavista, 24020 San Francisco de Campeche, Camp.",-90.509317,19.855265
Tienda Six,"Calle Mariano Escobedo 43A, Barrio de San Francisco, 24010 San Francisco de Campeche, Camp.",-90.525459,19.848368
Tienda Six,"C. 5 68, Bellavista, 24020 San Francisco de Campeche, Camp.",-90.515174,19.853908
Tienda Six,"C. 102 143D, Barrio de Sta Lucía, 24020 San Francisco de Campeche, Camp.",-90.516586,19.847727
Tienda Six,"Peru, Peto S/N, 24069 San Francisco de Campeche, Camp.",-90.525102,19.828978
Tienda Six,"7 de Noviembre 22, Héroe de Nacozari, 24070 San Francisco de Campeche, Camp.",-90.510441,19.830083
Tienda Six,"C. Puente 31, Miguel Hidalgo, 24094 San Francisco de Campeche, Camp.",-90.538593,19.815506
Tienda Six,"C. Candelaria Local 10, S/N, Jardines, 24060 San Francisco de Campeche, Camp.",-90.514028,19.832064
Tienda Six,"Granada 53, Amp Polvorín II, 24060 San Francisco de Campeche, Camp.",-90.524358,19.824915
Tienda Six,"C. 14 244C, Barrio de San Román, 24040 San Francisco de Campeche, Camp.",-90.547998,19.836353
Tienda Six,"C. 10 86B, Barrio de San Francisco, 24010 San Francisco de Campeche, Camp.",-90.523714,19.850829
Tienda Six,"Av López Mateos 43, Barrio de San Román, 24040 San Francisco de Campeche, Camp.",-90.539708,19.838236
Tienda Six,"C. Galeana 59, Barrio de San Román, 24040 San Francisco de Campeche, Camp.",-90.541135,19.837915
Tienda Six,"C. 4 7, Amp San Rafael, 24090 San Francisco de Campeche, Camp.",-90.534977,19.824852
Tienda Six,"Calle 103 Local 17 S/N, Barrio de Sta Ana, 24020 San Francisco de Campeche, Camp.",-90.522669,19.843176
Tienda Six,"Calle 16 113A, Barrio de San Francisco, 24010 San Francisco de Campeche, Camp.",-90.521488,19.846201
Tienda Six,"C. Pedro Moreno 19, Barrio de San Román, 24040 San Francisco de Campeche, Camp.",-90.540168,19.840355
Tienda Six,"C. 51 Local 112, S/N, Área Ah, 24000 San Francisco de Campeche, Camp.",-90.536425,19.849688
TIENDA SIX ARIES,"De La Av. Álvaro Obregón, Barrio de Sta Lucía, 24020 San Francisco de Campeche, Camp.",-90.512632,19.845429
Tienda Yazbek,"C. Peru 169, Tomás Aznar, 24069 San Francisco de Campeche, Camp.",-90.525578,19.832639
"Tiendas Assis, Campeche","Av Adolfo Ruiz Cortinez, Zona Centro, 24000 San Francisco de Campeche, Camp.",-90.536397,19.849165
Tiendas Neto GRANJAS 12,"C. 12, Bellavista (Ampliación), Amp Bellavista, 24020 San Francisco de Campeche, Camp.",-90.506822,19.853476
Tiendas Neto Los abuelos,"Av López Portillo, Miguel Hidalgo, 24094 San Francisco de Campeche, Camp.",-90.536883,19.816021
Tiendas Shantal,"C. 53 Loc 21 A, Zona Centro, 24000 San Francisco de Campeche, Camp.",-90.53506,19.845232
Tiendas Six,"C. Jalisco 170, Tomás Aznar, 24060 San Francisco de Campeche, Camp.",-90.520037,19.834598
Tiendas Six,"Carretera China Campeche Manzana 5 Lt 7, S/N, 24520 Chiná, Camp.",-90.498203,19.778764
Tiendas Six,"Av. Maestros Campechanos 359, 24095 San Francisco de Campeche, Camp.",-90.529304,19.810955
Tiendas Six,"Privada Ex 3, Quinta Belem I y II, 24050 San Francisco de Campeche, Camp.",-90.531965,19.835098
Tiendas Six,"Flamboyanes S/N, Las Flores, 24097 San Francisco de Campeche, Camp.",-90.529339,19.822437
Tiendas Six,"C. 13 31, Samulá, 24090 San Francisco de Campeche, Camp.",-90.546808,19.819084
Tiendas Six,"C. Paraguay 138, Santa Ana, Barrio de Sta Ana, 24050 San Francisco de Campeche, Camp.",-90.52661,19.836942
Tiendas Six,"C. Bravo 122, Barrio de San José, 24040 San Francisco de Campeche, Camp.",-90.540777,19.834846
Tiendas Six,"De Prol. Pedro Moreno 90, San Rafael, 24090 San Francisco de Campeche, Camp.",-90.535725,19.830266
Tiendas Y Bodegas Econohogar,"C. Coahuila 173, Barrio de Sta Ana, 24050 San Francisco de Campeche, Camp.",-90.521771,19.838302
Tiendita los gatitos,"24060, Solidaridad Urbana, 24060 San Francisco de Campeche, Camp.",-90.518713,19.819958
Tintorería San Román,"24040, C. Bravo 16, Barrio de San Román, San Francisco de Campeche, Camp.",-90.544618,19.840697
Tintorería y Lavandería Ecoclean Arboledas,"Av López Portillo 294-Loc 2, Residencial La Arboleda, 24093 San Francisco de Campeche, Camp.",-90.530864,19.814447
Toks,"Pedro Sainz de Baranda 139-Loc 114, Área Ah, 24014 San Francisco de Campeche, Camp.",-90.522624,19.857128
Tony Superpapelerías Campeche Gobernadores,"Av Gobernadores 551, entre Colombia y Chihuahua, Barrio de Sta Ana, 24050 San Francisco de Campeche, Camp.",-90.530264,19.843095
Tony Superpapelerías Campeche P. Trueba,"Av Patricio Trueba de Regil 294, San Rafael, 24090 San Francisco de Campeche, Camp.",-90.534466,19.825854
Tornilleria FABIAN (Suc. Nacozari),"Av. Heroe de Nacozari S/N, La Paz, 24050 San Francisco de Campeche, Camp.",-90.516835,19.842201
Tornillería y Ferretería Triple AAA,"Av. Álvaro Obregón 324, Esperanza, 24080 San Francisco de Campeche, Camp.",-90.499183,19.846033
Torre de Cristal Despacho Jurídico Arellano,"Av Adolfo Ruiz Cortinez 112 A, Barrio de San Román, 24040 San Francisco de Campeche, Camp.",-90.542817,19.844328
Torres de Cristal,"Av Adolfo Ruiz Cortinez, Barrio de San Román, 24040 San Francisco de Campeche, Camp.",-90.542663,19.844173
Tortillería LUPITA,"C. 7-A, Samulá, ÷4 y 6Samulá, 24090 San Francisco de Campeche, Camp.",-90.544662,19.82124
Tortillería y Abarrotes Pinzón,"C. Riva Palacios 51, Barrio de San Francisco, 24010 San Francisco de Campeche, Camp.",-90.526233,19.846898
Tostaditas El Güero,"de la A2,24090. de, C. Sacrificio 6, Barrio de San Francisco, San Francisco de Campeche, Camp.",-90.53329,19.823494
Tostadito,"Mega soriana hiper, Loc 13, Barrio de Sta Ana, 24050 San Francisco de Campeche, Camp.",-90.534473,19.837865
Toyota Campeche,"Av Ricardo Castillo Oliver Área 9, Área Ah, 24010 San Francisco de Campeche, Camp.",-90.527333,19.852993
Trabao,"Av. Central, Barrio de Sta Ana, 24050 San Francisco de Campeche, Camp.",-90.534675,19.83119
"Trancas y Tacos ""El cirujano""","Av República 177, Barrio de Sta Ana, 24050 San Francisco de Campeche, Camp.",-90.535155,19.840922
Tranvia Campeche - Patronato de la ciudad Campeche,"C. 10, Zona Centro, 24000 San Francisco de Campeche, Camp.",-90.536908,19.845603
Trapitos al sol - Lavandería,"Unión Obrera entre san Vicente y Reforma, Morelos 3, 24026 San Francisco de Campeche, Camp.",-90.504932,19.858518
Tredé Servicios,"Av. Lázaro Cárdenas 3, Lomas de las Flores, 24060 San Francisco de Campeche, Camp.",-90.524154,19.816821
Triangulo del Sol,"Av López Portillo Loc. 4, Villas Universidad, 24500 San Francisco de Campeche, Camp.",-90.553329,19.826473
TROPA GYM,"Calle 12, entre 19 y 21, Samulá, 24038 San Francisco de Campeche, Camp.",-90.550152,19.816425
Tulavandería,"Barrio de Guadalupe, 24010 San Francisco de Campeche, Camp.",-90.531204,19.845812
Turismo San Roman S.A de C.V,"Av Gobernadores 396, La Paz, 24010 San Francisco de Campeche, Camp.",-90.516714,19.841489
TURISSSTE CAMPECHE,"SN 24010 Área Ah-Kim-Pech Col., Av Ricardo Castillo Oliver, 24028 Área Ah-Kim-Pech, Camp.",-90.528325,19.853658
UDIRAD Campeche,"Av. Lázaro Cárdenas Manzana 4 Lote #3-Interior, entre Calle Privada Paraguay y Privada Paraguay, Lomas de las Flores, 24060 San Francisco de Campeche, Camp.",-90.524576,19.817152
Ulises Artículos de Belleza | Centro,"C. 57 5, Zona Centro, 24000 San Francisco de Campeche, Camp.",-90.536823,19.844908
ULISES SANSORES,"C. 5, El Carmelo, 24075 San Francisco de Campeche, Camp.",-90.502826,19.837542
Ultra Hogar Calle 10,"C. 10 301, Zona Centro, 24000 San Francisco de Campeche, Camp.",-90.535289,19.84616
Ultra-mart,"Av López Portillo 8, San Antonio (Ampliación), San Antonio, 24099 San Francisco de Campeche, Camp.",-90.542096,19.822531
UMBRÍA CONSULTORES SC,"Uruguay 6, Lomas de las Flores, 24060 San Francisco de Campeche, Camp.",-90.524884,19.817661
Unibroker,"Av. Lázaro Cárdenas 11, Lomas de las Flores, 24060 San Francisco de Campeche, Camp.",-90.523112,19.814831
UNICAM,"24062 San Francisco de Campeche, Camp.",-90.509053,19.811059
UNID Campus Campeche,"Av. Resurgimiento 611, Bosques de Campeche, 24030 San Francisco de Campeche, Camp.",-90.556824,19.832304
Unidad de Atención CONDUSEF,"Calle 10 290-C, Barrio de San Román, 24040 San Francisco de Campeche, Camp.",-90.542967,19.842718
Unidad de Desarrollo y Planeacion Urbana,"Oficinas del Gobierno Federal, Av. 16 de Septiembre, Zona Centro, 24000 San Francisco de Campeche, Camp.",-90.53627,19.848222
Unidad de Fiscalización INE Campeche,"Av, Lote 10, Fracciorama 2000, 24090 San Francisco de Campeche, Camp.",-90.533801,19.828526
Unidad de Servicios Públicos,"C. Montecristo 2, Barrio de San Román, 24040 San Francisco de Campeche, Camp.",-90.550329,19.836853
UNIDAD DE TRANSPARENCIA DE LA SECRETARÍA DE ADMINISTRACIÓN Y FINANZAS,"Calle 8 325, Zona Centro, 24000 San Francisco de Campeche, Camp.",-90.540107,19.844648
Unidad Deportiva 20 De Noviembre,"Av Adolfo Ruiz Cortinez 13, Zona Centro, 24000 San Francisco de Campeche, Camp.",-90.537373,19.848661
Unidad Médica Renal,"Av. Lázaro Cárdenas 14-Interior 3, Lotificación Tabachines, 24060 San Francisco de Campeche, Camp.",-90.526578,19.825846
Unidad Veterinaria Campeche,"Av. Francisco I. Madero 263, Villa del Río, Barrio de Sta Ana, 24010 San Francisco de Campeche, Camp.",-90.518751,19.84389
"UNIFORMES ""PERSAN""","Av Patricio Trueba de Regil 272, San Rafael, 24090 San Francisco de Campeche, Camp.",-90.534967,19.827992
UNISIC,"Kabah 27, Kala I, Kalá, 24085 San Francisco de Campeche, Camp.",-90.491412,19.841894
Universidad Autónoma de Campeche,"Calle, Av. Agustín Melgar s/n, Buenavista, 24039 San Francisco de Campeche, Camp.",-90.556508,19.827903
Universidad Autónoma de Campeche Escuela Preparatoria Dr. Nazario Victor Montejo Godoy,"Arturo Shields Cárdenas 1 MZA F, Guadalupe, 24010 San Francisco de Campeche, Camp.",-90.530709,19.850007
Universidad Guadalupe Victoria,"QFWG+CC Universidad Guadalupe Victoria, 24095 San Francisco de Campeche, Camp.",-90.52342,19.797142
Universidad Hispanoamericana Justo Sierra,"C. Prol. Av. del Deque 23 Col, San Arturo, Vicente Guerrero, 24035 San Francisco de Campeche, Camp.",-90.542235,19.829158
UNIVERSIDAD INNOVA OFICINA DE ADMISIONES: CAMPECHE,"Centro Histórico, C. 57, Zona Centro, 24040 San Francisco de Campeche, Camp.",-90.536626,19.844259
Universidad Internacional Iberoamericana,"Av Adolfo Ruiz Cortinez No. 112, Barrio de San Román, 24040 San Francisco de Campeche, Camp.",-90.542923,19.84395
Universidad Mundo Maya Ac,"Calle 12 150, Zona Centro, 24000 San Francisco de Campeche, Camp.",-90.536971,19.844732
"Universidad Mundo Maya, Campus Campeche","Calle 10 No. 17, Poblado IMI II, 24560 San Francisco de Campeche, Camp.",-90.47804,19.881044
Universidad Vizcaya De Las Américas Campus Campeche,"Av López Portillo 101, Vicente Guerrero, 24035 San Francisco de Campeche, Camp.",-90.54282,19.82347
Urban Gym Campeche L.C.,"C. 20 29, Lázaro Cárdenas, 24095 San Francisco de Campeche, Camp.",-90.538719,19.809419
URBEX ESPECTACULARES PUNTO DE RENTA,"Av. Heroe de Nacozari, Héroe de Nacozari, 24060 San Francisco de Campeche, Camp.",-90.51157,19.831225
urgencias imss,"24050, Av. Central 17, Barrio de Sta Ana, San Francisco de Campeche, Camp.",-90.537313,19.839421
Utiles De Limpieza,"Av Luis Donaldo Colosio Murrieta 77, Tomás Aznar, 24060 San Francisco de Campeche, Camp.",-90.520458,19.83681
UTP Campeche,"Av López Mateos 27E, Barrio de San José, 24040 San Francisco de Campeche, Camp.",-90.53867,19.83868
UVG,"Av Gobernadores 552, Barrio de Sta Ana, 24050 San Francisco de Campeche, Camp.",-90.531548,19.843366
Valery Shop Campeche,"San José 3, Barrio de la Ermita, 24020 San Francisco de Campeche, Camp.",-90.517789,19.849556
Vaqueiros Ferreteros Campeche,"Área Ah, 24014 San Francisco de Campeche, Camp.",-90.532031,19.85239
Varona Sushi,"C. And. Los Aguacates 9, Quinta Belem I y II, 24050 San Francisco de Campeche, Camp.",-90.531697,19.831694
Velasco Mendieta Karina Ma De Lourdes,"Av. Lázaro Cárdenas 61, Valle del Sol, 24090 San Francisco de Campeche, Camp.",-90.526806,19.828287
Velvet Creative Services,"Las Flores 10-13, Zona Sin Asignación de Nombre, 24097 San Francisco de Campeche, Camp.",-90.52979,19.823117
Ventanilla Atencion +65,"C. 53, Zona Centro, 24000 San Francisco de Campeche, Camp.",-90.536736,19.848562
Ventas Cazares,"Calle Vicente Guerrero, Miguel Hidalgo (Ampliación), Amp Miguel Hidalgo, 24094 San Francisco de Campeche, Camp.",-90.533936,19.811917
Ventas Clau,"Av. Francisco I. Madero 236, Barrio de Sta Ana, 24010 San Francisco de Campeche, Camp.",-90.519158,19.844668
Ventas Moni mena,"24080, Esperanza, 24080 San Francisco de Campeche, Camp.",-90.501361,19.843312
Ventas moni mena mercado,"Barrio de Sta Ana, 24050 San Francisco de Campeche, Camp.",-90.534759,19.840377
Vero Abarrotes,"Margarita, Leovigildo Gómez, 24060 San Francisco de Campeche, Camp.",-90.51724,19.822151
VERTICHE,"C. 53 34, Zona Centro, 24000 San Francisco de Campeche, Camp.",-90.534827,19.844535
VERTICHE,"Pedro Sainz de Baranda 139, Área Ah, 24014 San Francisco de Campeche, Camp.",-90.522386,19.856822
VERTICHE Campeche II,"C. 10 313, Zona Centro, 24000 San Francisco de Campeche, Camp.",-90.536036,19.845849
"VETERINARIA "" BAHÍA CAN""","C. Costa Rica 143, Barrio de Sta Ana, 24050 San Francisco de Campeche, Camp.",-90.532549,19.836692
Veterinaria Animalia,"Av. Álvaro Obregón 300, Barrio de Sta Lucía, 24020 San Francisco de Campeche, Camp.",-90.500274,19.845275
Veterinaria Mundo de las Mascotas,"Joaquín Clausell Manzana 61 Lote 1, Área Ah, 24014 San Francisco de Campeche, Camp.",-90.530521,19.853546
VETERINARIA PRO SALUD ANIMAL,"Av. Jaina 24088, Unidad y Trabajo, 24088 San Francisco de Campeche, Camp.",-90.493873,19.852337
Veterinaria S.O.S. Mascotas Campeche,"Av Gobernadores 114-y 116, entre Calle 114-A, Barrio de Sta Lucía, 24020 San Francisco de Campeche, Camp.",-90.508278,19.842469
VETERINARIA Y ACUARIO GASCA,"C. 1 30, El Carmelo, 24075 San Francisco de Campeche, Camp.",-90.505883,19.837289
Veterinarias Faisal,"Chihuahua 20, Barrio de Sta Ana, 24050 San Francisco de Campeche, Camp.",-90.533039,19.841448
Vianney Oficial,"Calle 12 162, entre calle 59 y calle 61, Zona Centro, 24000 San Francisco de Campeche, Camp.",-90.537812,19.844571
VIATGER INN,"C. 51 28, Zona Centro, 24000 San Francisco de Campeche, Camp.",-90.533967,19.845347
VICE FISCALIA GENERAL DE CONTROL INTERNO CAMPECHE,"Av López Portillo s/n, Sascalum, 24095 San Francisco de Campeche, Camp.",-90.530592,19.814826
VIDA IDN,"Nuevo León 1, entre costa rica y nicaragua, Barrio de Sta Ana, 24050 San Francisco de Campeche, Camp.",-90.532392,19.837583
Videoservicio Centro De Servicio Autorizado Sony,"Av Gobernadores 274a, Barrio de Sta Lucía, 24020 San Francisco de Campeche, Camp.",-90.516704,19.843036
VIDRIOS LA CENTRAL,"calle Coahuila entre, Costa Rica, C. Republica del Salvador y, Barrio de Sta Ana, 24050 San Francisco de Campeche, Camp.",-90.533504,19.838706
Vigo,"A Un Costado De La Cancha, C. Veracruz 202, Barrio de Sta Ana, 24050 San Francisco de Campeche, Camp.",-90.519887,19.839302
Villa Dalias,"24095 San Francisco de Campeche, Camp.",-90.528808,19.806822
Villa Oliva,"Av. Miguel Alemán 159, Guadalupe, 24010 San Francisco de Campeche, Camp.",-90.532219,19.848373
Villas de Ah Kim Pech,"24028 San Francisco de Campeche, Camp.",-90.514855,19.861495
Villas Santa Ana,"Barrio de Sta Ana, 24050 San Francisco de Campeche, Camp.",-90.519801,19.837945
Vips Campeche,"Av. Ruiz Cortinez Sec, Fundadores, Col. Ahkintech, 24028 San Francisco de Campeche, Camp.",-90.532394,19.853815
Vitaldent Campeche Dra Ruby Rodríguez Trinidad,"Calle 16 144B, Barrio de Sta Lucía, 24020 San Francisco de Campeche, Camp.",-90.51683,19.84714
Viva Campeche,"Av. Cuauhtémoc S/N, Villa del Río, Barrio de Sta Lucía, 24020 San Francisco de Campeche, Camp.",-90.51706,19.843453
Vive la leyenda (Tour),"8 o de la, Calle 8 267, Zona Centro, 24000 San Francisco de Campeche, Camp.",-90.53843,19.845793
ViveClub Hospitales,"Av. Lázaro Cárdenas 2, Lomas de las Flores II, 24060 San Francisco de Campeche, Camp.",-90.523146,19.815048
Volkswagen,"Miramar, 24030 San Francisco de Campeche, Camp.",-90.559072,19.831424
Volkswagen Patricio Trueba,"Av Patricio Trueba de Regil 230, Sascalum, 24095 San Francisco de Campeche, Camp.",-90.529648,19.815506
Voller Campeche,"24010 GUADALUPE, 24010 San Francisco de Campeche, Camp.",-90.533102,19.848338
Vulcanizadora,"24050, Av Gobernadores 383, Barrio de Sta Ana, San Francisco de Campeche, Camp.",-90.522348,19.842924
Vulcanizadora QUIROZ,"Av. Concordia 11, Invasión Esperanza, 24080 San Francisco de Campeche, Camp.",-90.493974,19.835275
Waldo's Campeche Centro,"C. 53 14, Zona Centro, 24000 San Francisco de Campeche, Camp.",-90.535269,19.845403
Walmart,"Av López Portillo 136, Samulá, 24098 San Francisco de Campeche, Camp.",-90.545611,19.824992
Walmart,"Av. María Lavalle Urbina 35, Área Ah, 24014 San Francisco de Campeche, Camp.",-90.528863,19.852352
Wapas's Salón SPA,"Del Palacio 15, Jardines del Pedregal, 24035 San Francisco de Campeche, Camp.",-90.544037,19.826152
Wau Hospital Veterinario,"Av. Luis Donaldo Colosio Murrieta No. 142 A entre Allende, C. Aldama y, Barrio de San José, 24040 San Francisco de Campeche, Camp.",-90.540942,19.831813
Werecositos,"Privada del, Calle del Príncipe Negro # 41, Aviación, 24070 San Francisco de Campeche, Camp.",-90.508786,19.838383
Western Union,"Avce Ntral No 91 Esq Snombre, Barrio de Sta Ana, 24050 San Francisco de Campeche, Camp.",-90.534746,19.837489
Western Union,"Av Patricio Trueba de Regil 508, San Rafael, 24090 San Francisco de Campeche, Camp.",-90.529829,19.813631
Western Union,"Av Luis Donaldo Colosio Murrieta Sn-Lot 12, Barrio de Sta Ana, 24050 San Francisco de Campeche, Camp.",-90.530991,19.830339
Western Union,"Veracruz Fracc-Tecnologico22 Y 23, Villas Santa Ana, Barrio de Sta Ana, 24050 San Francisco de Campeche, Camp.",-90.519638,19.837747
Western Union,"A Un Costado De La Cancha, C. Veracruz 202, Barrio de Sta Ana, 24050 San Francisco de Campeche, Camp.",-90.519887,19.839302
Winnie D' Poo,"C. Coahuila 146, Barrio de Sta Ana, 24050 San Francisco de Campeche, Camp.",-90.527389,19.838987
Wiston’s House,"C. Republica del Salvador 24, Barrio de Sta Ana, 24050 San Francisco de Campeche, Camp.",-90.534148,19.835497
Wocky,"Perú #80 local 18 planta baja entre Coahuila y Veracruz, Barrio de Sta Ana, 24050 San Francisco de Campeche, Camp.",-90.524283,19.839982
XEQUE GYM BOXING,"Calle Mariano Escobedo, Barrio de San Francisco, 24010 San Francisco de Campeche, Camp.",-90.525471,19.847568
Ximbal Parque Recreativo,"Av. Lázaro Cárdenas s/n, Flor de Limón, 24060 San Francisco de Campeche, Camp.",-90.526024,19.828344
Xiomara Fashion Boutique,"Av Aviación 198a, Cuatro Caminos, 24070 San Francisco de Campeche, Camp.",-90.511628,19.834109
XTRA,"C. 22 84, Centro, 24520 San Francisco de Campeche, Camp.",-90.495214,19.769878
Yammi frappes,"24088, Presidentes de México, 24088 San Francisco de Campeche, Camp.",-90.488053,19.862389
YORCH - UNIFORMES BY YOYOS,"Av López Mateos 348, Prado, 24035 San Francisco de Campeche, Camp.",-90.54927,19.832717
Yoyis Muñóz REPOSTERÍA y Café,"C. 14 entre 51 y 53, Zona Centro, 24040 San Francisco de Campeche, Camp.",-90.533797,19.84452
Yza central,"Av. Central 23, Barrio de Sta Ana, 24050 San Francisco de Campeche, Camp.",-90.536121,19.839292
Yza turquesa,"Esponja 2, Lotificación Villa Flora, 24087 San Francisco de Campeche, Camp.",-90.493228,19.849616
Z Servicios Integrales,"C. Lazareto 31, Barrio de San Román, 24040 San Francisco de Campeche, Camp.",-90.55303,19.831464
Zapacampe,"C. 10 319, Zona Centro, 24000 San Francisco de Campeche, Camp.",-90.53675,19.845291
Zapateria Lubia,"C. 12 Yucatán 96, Fidel Velázquez, 24023 San Francisco de Campeche, Camp.",-90.490611,19.868872
Zapatería 3 Hermanos,"Avenida Circuito Baluartes, Tabasco 99 esquina, Barrio de Sta Ana, 24050 San Francisco de Campeche, Camp.",-90.534182,19.841968
Zapatería 3 Hermanos,"C. 10 # 319, Zona Centro, 24000 San Francisco de Campeche, Camp.",-90.5368,19.845413
ZAPATERÍA BETY'S,"C. 18 162, Zona Centro, 24000 San Francisco de Campeche, Camp.",-90.535152,19.841974
ZAPATERÍA CRUZ,"Chihuahua 7-D-int 7-D, Barrio de Sta Ana, 24050 San Francisco de Campeche, Camp.",-90.532998,19.841338
Zapatería D' Alpuche,"entre 59 y 61, C. 10 335, Zona Centro, San Francisco de Campeche, Camp.",-90.538572,19.844618
Zapatería Dany,"Invasión Esperanza, 24080 San Francisco de Campeche, Camp.",-90.495568,19.832479
Zapatería Guadalajara,"C. 53 5, Zona Centro, 24000 San Francisco de Campeche, Camp.",-90.535582,19.84648
Zapatería La Península (suc Campeche),"Gustavo Díaz Ordaz, Área Ah, 24028 San Francisco de Campeche, Camp.",-90.517353,19.858732
Zapatería Las Gemas,"C. 2 97, Vivah, 24088 San Francisco de Campeche, Camp.",-90.485096,19.853601
Zapatería León Guanajuato,"Av Gobernadores 515, Barrio de Sta Ana, 24050 San Francisco de Campeche, Camp.",-90.528629,19.843147
Zapatería Miriam,"24000, Zona Centro, 24000 San Francisco de Campeche, Camp.",-90.536453,19.843265
Zapatería Pacheco ~ Campeche,"Calle Tabasco. 99 Bazar Selem Depto, 9 Frente a la Alameda Central entre Circuito Baluartes y Tamaulipas, Mercado Principal, Santa Ana, 24050 San Francisco de Campeche, Camp.",-90.534073,19.841784
Zapatería Victoria,"C. Costa Rica 7, Barrio de Sta Ana, 24050 San Francisco de Campeche, Camp.",-90.532484,19.84128
Zapatería y Novedades Vany,"C. Costa Rica, Barrio de Sta Ana, 24050 San Francisco de Campeche, Camp.",-90.535503,19.840781
Zapaterías Modeli,"Av Gobernadores 541, Barrio de Sta Ana, 24050 San Francisco de Campeche, Camp.",-90.529771,19.84312
Zapaterías Pakar,"Calle 53 3, 10A Y 12A, Zona Centro, 24000 San Francisco de Campeche, Camp.",-90.53547,19.846008
Zapaterías Shoes City,"Barrio de Sta Ana, 24050 San Francisco de Campeche, Camp.",-90.535667,19.840811
Zatarra Servicios Integrales,"C. 12 292, entre Victoria y Abasoloo, Barrio de San Román, 24040 San Francisco de Campeche, Camp.",-90.54823,19.837666
ZeusGym Campeche,"Héctor Pérez Martínez 137, Cd Concordia, 24085 San Francisco de Campeche, Camp.",-90.487387,19.835711
ZONA DE COMIDA,"C. Coahuila 109-b, Barrio de Sta Ana, 24050 San Francisco de Campeche, Camp.",-90.52514,19.838804
Zona Motos Mx,"Av, Miguel Hidalgo s/n, Aviación, 24070 San Francisco de Campeche, Camp.",-90.511873,19.840209
Zoo Mascota,"Frente al Colegio Guadalupe Victoria - Carreras en Línea, Revolución #147, Barrio de Sta Ana, 24060 San Francisco de Campeche, Camp.",-90.518587,19.840518
ZPIN CLEAN,"La Quinta 26, Lotificación la Quinta, 24040 San Francisco de Campeche, Camp.",-90.539085,19.831551
Zuso Veterinaria,"C. 20 de Noviembre 62-74, Col México, 24070 San Francisco de Campeche, Camp.",-90.500178,19.829776
Álvaro Obregón,"Av. Álvaro Obregón 256, Barrio de Sta Lucía, 24020 San Francisco de Campeche, Camp.",-90.501726,19.84434
Álvaro’s Coffee,"Del Palacio, Jardines del Pedregal, 24035 San Francisco de Campeche, Camp.",-90.546278,19.827108
École,"C. 10 380, Barrio de San Román, 24040 San Francisco de Campeche, Camp.",-90.540556,19.825839
Óptica,"Av Gobernadores, Barrio de Sta Ana, 24010 San Francisco de Campeche, Camp.",-90.525,19.843284
Óptica Campeche,"Calle 12 136B, Zona Centro, 24000 San Francisco de Campeche, Camp.",-90.53576,19.845144
Óptica Clip Shop,"C. 45 Chile 61, Barrio de Sta Ana, 24010 San Francisco de Campeche, Camp.",-90.526897,19.844203
ÓPTICA FASHION,"C. 20 107 B, Barrio de San José, 24040 San Francisco de Campeche, Camp.",-90.542158,19.835433
Óptica Ferek,"24050, Barrio de Sta Ana, 24050 San Francisco de Campeche, Camp.",-90.531307,19.840265
ÓPTICA GALLEGOS,"C. 10 221, Zona Centro, 24000 San Francisco de Campeche, Camp.",-90.530218,19.848556
Óptica Gari,"C. 59 35, Zona Centro, 24000 San Francisco de Campeche, Camp.",-90.536824,19.843151
Óptica impalas,"C. 10 349, Zona Centro, 24000 San Francisco de Campeche, Camp.",-90.539367,19.844238
Óptica jimeli Campeche,"entre 55, C. 16, Camp.",-90.534868,19.842822
Óptica León Centro – Lentes y Examen de la Vista,"Calle 12 136B, Zona Centro, 24000 San Francisco de Campeche, Camp.",-90.53576,19.845144
Óptica León – Lentes y Examen de la Vista,"Av Gobernadores 369, Barrio de Sta Ana, 24050 San Francisco de Campeche, Camp.",-90.521561,19.842898
ÓPTICA VISUAL,"C. 59 #7, Zona Centro, 24000 San Francisco de Campeche, Camp.",-90.538024,19.84531
Óptica vizion,"24050, Barrio de Sta Ana, 24050 San Francisco de Campeche, Camp.",-90.519898,19.843069
Ópticas Amiga,"24000, Zona Centro, 24000 San Francisco de Campeche, Camp.",-90.53352,19.844541
ÓPTICAS ESPADAS KANISTE CAMPECHE,"Av López Portillo 28-Loc 7, Samulá, Kanisté, 24038 San Francisco de Campeche, Camp.",-90.551809,19.826292
Ópticas Glezord,"C. Ecuador 77a, entre veracruz y coahuila, Gran poder de dios, 24050 San Francisco de Campeche, Camp.",-90.522526,19.839928
Ópticas Hannia Gobernadores,"Av Gobernadores 418-2 y 3, Barrio de Sta Ana, 24010 San Francisco de Campeche, Camp.",-90.524124,19.843637
Ópticas Hannia Plaza del Mar,"Av Adolfo Ruiz Cortinez 17 A-Planta Baja, Zona Centro, 24000 San Francisco de Campeche, Camp.",-90.537167,19.849199
Ópticas Lux,"Pedro Sainz de Baranda, Área Ah, 24014 San Francisco de Campeche, Camp.",-90.52263,19.856641
Ópticas Veo Arboleda,"Av López Portillo 25095, 24370 San Francisco de Campeche, Camp.",-90.530282,19.814389
Ópticas Veo Av.Central,"Av Luis Donaldo Colosio Murrieta 208, Barrio de San Francisco, 24000 San Francisco de Campeche, Camp.",-90.535143,19.830647
Órgano Interno de Control Municipal.,"Calle 12 135, Zona Centro, 24000 San Francisco de Campeche, Camp.",-90.534379,19.845726
“Abarrotes” el sagrado corazón de Jesús,"Limonar 93, Tomás Aznar, 24060 San Francisco de Campeche, Camp.",-90.52038,19.835846
“Carnitas Correa Estilo Michoacán”,"Av Luis Donaldo Colosio Murrieta 310, Barrio de San José, 24040 San Francisco de Campeche, Camp.",-90.542066,19.832401
